-- MySQL dump 10.13  Distrib 8.0.23, for Win64 (x86_64)
--
-- Host: localhost    Database: social_network
-- ------------------------------------------------------
-- Server version	8.0.23

/*!40101 SET @OLD_CHARACTER_SET_CLIENT=@@CHARACTER_SET_CLIENT */;
/*!40101 SET @OLD_CHARACTER_SET_RESULTS=@@CHARACTER_SET_RESULTS */;
/*!40101 SET @OLD_COLLATION_CONNECTION=@@COLLATION_CONNECTION */;
/*!50503 SET NAMES utf8 */;
/*!40103 SET @OLD_TIME_ZONE=@@TIME_ZONE */;
/*!40103 SET TIME_ZONE='+00:00' */;
/*!40014 SET @OLD_UNIQUE_CHECKS=@@UNIQUE_CHECKS, UNIQUE_CHECKS=0 */;
/*!40014 SET @OLD_FOREIGN_KEY_CHECKS=@@FOREIGN_KEY_CHECKS, FOREIGN_KEY_CHECKS=0 */;
/*!40101 SET @OLD_SQL_MODE=@@SQL_MODE, SQL_MODE='NO_AUTO_VALUE_ON_ZERO' */;
/*!40111 SET @OLD_SQL_NOTES=@@SQL_NOTES, SQL_NOTES=0 */;

--
-- Table structure for table `account`
--

DROP TABLE IF EXISTS `account`;
/*!40101 SET @saved_cs_client     = @@character_set_client */;
/*!50503 SET character_set_client = utf8mb4 */;
CREATE TABLE `account` (
  `account_id` int NOT NULL AUTO_INCREMENT,
  `account_name` varchar(50) CHARACTER SET utf8 COLLATE utf8_unicode_ci NOT NULL,
  `password` varchar(255) CHARACTER SET utf8 COLLATE utf8_unicode_ci DEFAULT NULL,
  PRIMARY KEY (`account_id`),
  UNIQUE KEY `account_name_UNIQUE` (`account_name`)
) ENGINE=InnoDB AUTO_INCREMENT=62 DEFAULT CHARSET=utf8 COLLATE=utf8_unicode_ci;
/*!40101 SET character_set_client = @saved_cs_client */;

--
-- Dumping data for table `account`
--

LOCK TABLES `account` WRITE;
/*!40000 ALTER TABLE `account` DISABLE KEYS */;
INSERT INTO `account` VALUES (1,'leechoncaao','$2a$10$h5ZtBnGe4zRcgshrQVhwF.pQk1JS2SX5iT2qLz9bRwWFM9G2zdaru'),(2,'duongle','$2a$10$h5ZtBnGe4zRcgshrQVhwF.pQk1JS2SX5iT2qLz9bRwWFM9G2zdaru'),(3,'phucpham','$2a$10$h5ZtBnGe4zRcgshrQVhwF.pQk1JS2SX5iT2qLz9bRwWFM9G2zdaru'),(4,'adamkien','$2a$10$h5ZtBnGe4zRcgshrQVhwF.pQk1JS2SX5iT2qLz9bRwWFM9G2zdaru'),(5,'thanhtung','$2a$10$hEc6nkYO6rlDNiyhfbjOR.lPhFHxSjNJYX8h96KnQ/x/aU4UOG1HW'),(6,'acc6','$2a$10$h5ZtBnGe4zRcgshrQVhwF.pQk1JS2SX5iT2qLz9bRwWFM9G2zdaru'),(7,'acc7','$2a$10$h5ZtBnGe4zRcgshrQVhwF.pQk1JS2SX5iT2qLz9bRwWFM9G2zdaru'),(8,'acc8','$2a$10$h5ZtBnGe4zRcgshrQVhwF.pQk1JS2SX5iT2qLz9bRwWFM9G2zdaru'),(9,'acc9','$2a$10$h5ZtBnGe4zRcgshrQVhwF.pQk1JS2SX5iT2qLz9bRwWFM9G2zdaru'),(10,'acc10','$2a$10$h5ZtBnGe4zRcgshrQVhwF.pQk1JS2SX5iT2qLz9bRwWFM9G2zdaru'),(11,'acc11','$2a$10$h5ZtBnGe4zRcgshrQVhwF.pQk1JS2SX5iT2qLz9bRwWFM9G2zdaru'),(12,'acc12','$2a$10$h5ZtBnGe4zRcgshrQVhwF.pQk1JS2SX5iT2qLz9bRwWFM9G2zdaru'),(13,'acc13','$2a$10$h5ZtBnGe4zRcgshrQVhwF.pQk1JS2SX5iT2qLz9bRwWFM9G2zdaru'),(14,'acc14','$2a$10$h5ZtBnGe4zRcgshrQVhwF.pQk1JS2SX5iT2qLz9bRwWFM9G2zdaru'),(15,'acc15','$2a$10$h5ZtBnGe4zRcgshrQVhwF.pQk1JS2SX5iT2qLz9bRwWFM9G2zdaru'),(16,'acc16','$2a$10$h5ZtBnGe4zRcgshrQVhwF.pQk1JS2SX5iT2qLz9bRwWFM9G2zdaru'),(17,'acc17','$2a$10$h5ZtBnGe4zRcgshrQVhwF.pQk1JS2SX5iT2qLz9bRwWFM9G2zdaru'),(18,'acc18','$2a$10$h5ZtBnGe4zRcgshrQVhwF.pQk1JS2SX5iT2qLz9bRwWFM9G2zdaru'),(19,'acc19','$2a$10$h5ZtBnGe4zRcgshrQVhwF.pQk1JS2SX5iT2qLz9bRwWFM9G2zdaru'),(20,'acc20','$2a$10$h5ZtBnGe4zRcgshrQVhwF.pQk1JS2SX5iT2qLz9bRwWFM9G2zdaru'),(21,'acc21','$2a$10$h5ZtBnGe4zRcgshrQVhwF.pQk1JS2SX5iT2qLz9bRwWFM9G2zdaru'),(22,'acc22','$2a$10$h5ZtBnGe4zRcgshrQVhwF.pQk1JS2SX5iT2qLz9bRwWFM9G2zdaru'),(23,'acc23','$2a$10$h5ZtBnGe4zRcgshrQVhwF.pQk1JS2SX5iT2qLz9bRwWFM9G2zdaru'),(24,'acc24','$2a$10$h5ZtBnGe4zRcgshrQVhwF.pQk1JS2SX5iT2qLz9bRwWFM9G2zdaru'),(25,'acc25','$2a$10$h5ZtBnGe4zRcgshrQVhwF.pQk1JS2SX5iT2qLz9bRwWFM9G2zdaru'),(26,'acc26','$2a$10$h5ZtBnGe4zRcgshrQVhwF.pQk1JS2SX5iT2qLz9bRwWFM9G2zdaru'),(27,'acc27','$2a$10$h5ZtBnGe4zRcgshrQVhwF.pQk1JS2SX5iT2qLz9bRwWFM9G2zdaru'),(28,'acc28','$2a$10$h5ZtBnGe4zRcgshrQVhwF.pQk1JS2SX5iT2qLz9bRwWFM9G2zdaru'),(29,'acc29','$2a$10$h5ZtBnGe4zRcgshrQVhwF.pQk1JS2SX5iT2qLz9bRwWFM9G2zdaru'),(30,'acc30','$2a$10$h5ZtBnGe4zRcgshrQVhwF.pQk1JS2SX5iT2qLz9bRwWFM9G2zdaru'),(31,'acc31','$2a$10$h5ZtBnGe4zRcgshrQVhwF.pQk1JS2SX5iT2qLz9bRwWFM9G2zdaru'),(32,'acc32','$2a$10$h5ZtBnGe4zRcgshrQVhwF.pQk1JS2SX5iT2qLz9bRwWFM9G2zdaru'),(33,'acc33','$2a$10$h5ZtBnGe4zRcgshrQVhwF.pQk1JS2SX5iT2qLz9bRwWFM9G2zdaru'),(34,'acc34','$2a$10$h5ZtBnGe4zRcgshrQVhwF.pQk1JS2SX5iT2qLz9bRwWFM9G2zdaru'),(35,'acc35','$2a$10$h5ZtBnGe4zRcgshrQVhwF.pQk1JS2SX5iT2qLz9bRwWFM9G2zdaru'),(36,'acc36','$2a$10$h5ZtBnGe4zRcgshrQVhwF.pQk1JS2SX5iT2qLz9bRwWFM9G2zdaru'),(37,'acc37','$2a$10$h5ZtBnGe4zRcgshrQVhwF.pQk1JS2SX5iT2qLz9bRwWFM9G2zdaru'),(38,'acc38','$2a$10$h5ZtBnGe4zRcgshrQVhwF.pQk1JS2SX5iT2qLz9bRwWFM9G2zdaru'),(39,'acc39','$2a$10$h5ZtBnGe4zRcgshrQVhwF.pQk1JS2SX5iT2qLz9bRwWFM9G2zdaru'),(40,'acc40','$2a$10$h5ZtBnGe4zRcgshrQVhwF.pQk1JS2SX5iT2qLz9bRwWFM9G2zdaru'),(41,'acc41','$2a$10$h5ZtBnGe4zRcgshrQVhwF.pQk1JS2SX5iT2qLz9bRwWFM9G2zdaru'),(42,'acc42','$2a$10$h5ZtBnGe4zRcgshrQVhwF.pQk1JS2SX5iT2qLz9bRwWFM9G2zdaru'),(43,'acc43','$2a$10$h5ZtBnGe4zRcgshrQVhwF.pQk1JS2SX5iT2qLz9bRwWFM9G2zdaru'),(44,'acc44','$2a$10$h5ZtBnGe4zRcgshrQVhwF.pQk1JS2SX5iT2qLz9bRwWFM9G2zdaru'),(45,'acc45','$2a$10$h5ZtBnGe4zRcgshrQVhwF.pQk1JS2SX5iT2qLz9bRwWFM9G2zdaru'),(46,'acc46','$2a$10$h5ZtBnGe4zRcgshrQVhwF.pQk1JS2SX5iT2qLz9bRwWFM9G2zdaru'),(47,'acc47','$2a$10$h5ZtBnGe4zRcgshrQVhwF.pQk1JS2SX5iT2qLz9bRwWFM9G2zdaru'),(48,'acc48','$2a$10$h5ZtBnGe4zRcgshrQVhwF.pQk1JS2SX5iT2qLz9bRwWFM9G2zdaru'),(49,'acc49','$2a$10$h5ZtBnGe4zRcgshrQVhwF.pQk1JS2SX5iT2qLz9bRwWFM9G2zdaru'),(50,'acc50','$2a$10$h5ZtBnGe4zRcgshrQVhwF.pQk1JS2SX5iT2qLz9bRwWFM9G2zdaru'),(51,'acc51','$2a$10$h5ZtBnGe4zRcgshrQVhwF.pQk1JS2SX5iT2qLz9bRwWFM9G2zdaru'),(52,'acc52','$2a$10$h5ZtBnGe4zRcgshrQVhwF.pQk1JS2SX5iT2qLz9bRwWFM9G2zdaru'),(53,'acc53','$2a$10$h5ZtBnGe4zRcgshrQVhwF.pQk1JS2SX5iT2qLz9bRwWFM9G2zdaru'),(54,'acc54','$2a$10$h5ZtBnGe4zRcgshrQVhwF.pQk1JS2SX5iT2qLz9bRwWFM9G2zdaru'),(55,'acc55','$2a$10$h5ZtBnGe4zRcgshrQVhwF.pQk1JS2SX5iT2qLz9bRwWFM9G2zdaru'),(56,'acc100','$2a$10$mq4bvSUK/G18jQCmhYkVpeTE8uDXH892zimjEKjgxsRkpdayyHN8.'),(57,'duongtest','$2a$10$tKhscrpV7fLzqJDxxwJhvOsvUZgyuPEMUFUfmXumOG9G5hlYeEFKG'),(58,'thinhdautrau','$2a$10$vRSCdQmsvELPubkiqSKhaeKG.dFB2tYhp8zaEVnu904uq1TJeNhIO'),(59,'thinhabc2','$2a$10$MLz1YOAaq2Y4QGcyirY5nu0EwY5MM3MqcSYpx/057sk.iijbQ5jAC'),(60,'codegym','$2a$10$7Ig/Uw.8PpZ1vEx4MBAG3uG8rrexRfmRWyLaW0OkdiCgH4nG3gk6e'),(61,'duongcodegym','$2a$10$ay.6KALVmY1hyZl46Ywdne88WhT7AORtXk9nlABmnsHt0Jx0hGJBa');
/*!40000 ALTER TABLE `account` ENABLE KEYS */;
UNLOCK TABLES;

--
-- Table structure for table `child_comment`
--

DROP TABLE IF EXISTS `child_comment`;
/*!40101 SET @saved_cs_client     = @@character_set_client */;
/*!50503 SET character_set_client = utf8mb4 */;
CREATE TABLE `child_comment` (
  `child_comment_id` int NOT NULL AUTO_INCREMENT,
  `content` longtext CHARACTER SET utf8 COLLATE utf8_unicode_ci NOT NULL,
  `comment_image` longtext CHARACTER SET utf8 COLLATE utf8_unicode_ci,
  `parent_comment_id` int NOT NULL,
  `user_id` int NOT NULL,
  `comment_time` datetime NOT NULL,
  PRIMARY KEY (`child_comment_id`),
  KEY `parent_idx` (`parent_comment_id`),
  KEY `fdsfd_idx` (`user_id`),
  CONSTRAINT `fdsfd` FOREIGN KEY (`user_id`) REFERENCES `user` (`user_id`),
  CONSTRAINT `parent` FOREIGN KEY (`parent_comment_id`) REFERENCES `parent_comment` (`parent_comment_id`) ON DELETE CASCADE ON UPDATE CASCADE
) ENGINE=InnoDB AUTO_INCREMENT=89 DEFAULT CHARSET=utf8 COLLATE=utf8_unicode_ci;
/*!40101 SET character_set_client = @saved_cs_client */;

--
-- Dumping data for table `child_comment`
--

LOCK TABLES `child_comment` WRITE;
/*!40000 ALTER TABLE `child_comment` DISABLE KEYS */;
INSERT INTO `child_comment` VALUES (1,'this is child comment of user_3',NULL,1,3,'2021-02-01 10:05:20'),(2,'this is child comment of user_1',NULL,1,1,'2021-02-01 09:05:20'),(3,'this is child comment of user_1',NULL,2,1,'2021-02-01 10:05:20'),(4,'this is child comment of user_1',NULL,3,1,'2021-02-01 11:05:20'),(5,'this is child comment of user_4',NULL,3,4,'2021-02-01 12:05:20'),(6,'this is child comment of user_1',NULL,3,1,'2021-02-01 13:05:20'),(7,'this is child comment of user_2',NULL,4,2,'2021-02-01 14:05:20'),(8,'this is child comment of user_2',NULL,5,2,'2021-02-01 15:05:20'),(11,'this is child comment of user_4',NULL,9,4,'2021-02-01 18:05:20'),(12,'this is child comment of user_1',NULL,10,1,'2021-02-01 19:05:20'),(17,'test child in postman',NULL,2,1,'2021-04-25 16:54:50'),(18,'test 2 child in postman',NULL,2,1,'2021-04-25 17:19:21'),(24,'test childfdsaf123445',NULL,22,1,'2021-04-27 09:50:52'),(25,'caooo123','',22,1,'2021-04-27 10:21:56'),(30,'test reload ','',33,1,'2021-04-27 11:18:45'),(31,'test reload page','',33,1,'2021-04-27 11:21:19'),(32,'test image 123','https://firebasestorage.googleapis.com/v0/b/social-d792e.appspot.com/o/4(3).jpg?alt=media&token=ebdfda1e-3abe-46ca-925a-705a83b16760',22,1,'2021-04-27 13:26:51'),(34,'243535','https://firebasestorage.googleapis.com/v0/b/social-d792e.appspot.com/o/10406360_614714075306688_4962926352335363288_n.jpg?alt=media&token=243e5af1-4fc6-4d6b-bd1a-7a853f11ada8',22,1,'2021-04-27 14:19:15'),(37,'fsda','https://firebasestorage.googleapis.com/v0/b/social-d792e.appspot.com/o/bao-mat-thong-tin.jpg?alt=media&token=47d3475e-2336-49a6-a007-6fd5dd839e61',22,1,'2021-04-27 15:43:53');
/*!40000 ALTER TABLE `child_comment` ENABLE KEYS */;
UNLOCK TABLES;

--
-- Table structure for table `district`
--

DROP TABLE IF EXISTS `district`;
/*!40101 SET @saved_cs_client     = @@character_set_client */;
/*!50503 SET character_set_client = utf8mb4 */;
CREATE TABLE `district` (
  `district_id` int NOT NULL AUTO_INCREMENT,
  `province_id` int NOT NULL,
  `district_name` varchar(50) DEFAULT NULL,
  PRIMARY KEY (`district_id`),
  KEY `province_id` (`province_id`),
  CONSTRAINT `district_ibfk_1` FOREIGN KEY (`province_id`) REFERENCES `province` (`province_id`)
) ENGINE=InnoDB AUTO_INCREMENT=974 DEFAULT CHARSET=utf8mb4 COLLATE=utf8mb4_0900_ai_ci;
/*!40101 SET character_set_client = @saved_cs_client */;

--
-- Dumping data for table `district`
--

LOCK TABLES `district` WRITE;
/*!40000 ALTER TABLE `district` DISABLE KEYS */;
INSERT INTO `district` VALUES (1,1,'Quận Ba Đình'),(2,1,'Quận Hoàn Kiếm'),(3,1,'Quận Tây Hồ'),(4,1,'Quận Long Biên'),(5,1,'Quận Cầu Giấy'),(6,1,'Quận Đống Đa'),(7,1,'Quận Hai Bà Trưng'),(8,1,'Quận Hoàng Mai'),(9,1,'Quận Thanh Xuân'),(16,1,'Huyện Sóc Sơn'),(17,1,'Huyện Đông Anh'),(18,1,'Huyện Gia Lâm'),(19,1,'Huyện Từ Liêm'),(20,1,'Huyện Thanh Trì'),(24,2,'Thị Xã Hà Giang'),(26,2,'Huyện Đồng Văn'),(27,2,'Huyện Mèo Vạc'),(28,2,'Huyện Yên Minh'),(29,2,'Huyện Quản Bạ'),(30,2,'Huyện Vị Xuyên'),(31,2,'Huyện Bắc Mê'),(32,2,'Huyện Hoàng Su Phì'),(33,2,'Huyện Xín Mần'),(34,2,'Huyện Bắc Quang'),(35,2,'Huyện Quang Bình'),(40,4,'Thị Xã Cao Bằng'),(42,4,'Huyện Bảo Lâm'),(43,4,'Huyện Bảo Lạc'),(44,4,'Huyện Thông Nông'),(45,4,'Huyện Hà Quảng'),(46,4,'Huyện Trà Lĩnh'),(47,4,'Huyện Trùng Khánh'),(48,4,'Huyện Hạ Lang'),(49,4,'Huyện Quảng Uyên'),(50,4,'Huyện Phục Hoà'),(51,4,'Huyện Hoà An'),(52,4,'Huyện Nguyên Bình'),(53,4,'Huyện Thạch An'),(58,6,'Thị Xã Bắc Kạn'),(60,6,'Huyện Pác Nặm'),(61,6,'Huyện Ba Bể'),(62,6,'Huyện Ngân Sơn'),(63,6,'Huyện Bạch Thông'),(64,6,'Huyện Chợ Đồn'),(65,6,'Huyện Chợ Mới'),(66,6,'Huyện Na Rì'),(70,8,'Thị Xã Tuyên Quang'),(72,8,'Huyện Nà Hang'),(73,8,'Huyện Chiêm Hóa'),(74,8,'Huyện Hàm Yên'),(75,8,'Huyện Yên Sơn'),(76,8,'Huyện Sơn Dương'),(80,10,'Thành Phố Lào Cai'),(82,10,'Huyện Bát Xát'),(83,10,'Huyện Mường Khương'),(84,10,'Huyện Si Ma Cai'),(85,10,'Huyện Bắc Hà'),(86,10,'Huyện Bảo Thắng'),(87,10,'Huyện Bảo Yên'),(88,10,'Huyện Sa Pa'),(89,10,'Huyện Văn Bàn'),(94,11,'Thành Phố Điện Biên Phủ'),(95,11,'Thị Xã Mường Lay'),(96,11,'Huyện Mường Nhé'),(97,11,'Huyện Mường Chà'),(98,11,'Huyện Tủa Chùa'),(99,11,'Huyện Tuần Giáo'),(100,11,'Huyện Điện Biên'),(101,11,'Huyện Điện Biên Đông'),(102,11,'Huyện Mường Ảng'),(104,12,'Thị Xã Lai Châu'),(106,12,'Huyện Tam Đường'),(107,12,'Huyện Mường Tè'),(108,12,'Huyện Sìn Hồ'),(109,12,'Huyện Phong Thổ'),(110,12,'Huyện Than Uyên'),(111,12,'Huyện Tân Uyên'),(116,14,'Thành Phố Sơn La'),(118,14,'Huyện Quỳnh Nhai'),(119,14,'Huyện Thuận Châu'),(120,14,'Huyện Mường La'),(121,14,'Huyện Bắc Yên'),(122,14,'Huyện Phù Yên'),(123,14,'Huyện Mộc Châu'),(124,14,'Huyện Yên Châu'),(125,14,'Huyện Mai Sơn'),(126,14,'Huyện Sông Mã'),(127,14,'Huyện Sốp Cộp'),(132,15,'Thành Phố Yên Bái'),(133,15,'Thị Xã Nghĩa Lộ'),(135,15,'Huyện Lục Yên'),(136,15,'Huyện Văn Yên'),(137,15,'Huyện Mù Cang Chải'),(138,15,'Huyện Trấn Yên'),(139,15,'Huyện Trạm Tấu'),(140,15,'Huyện Văn Chấn'),(141,15,'Huyện Yên Bình'),(148,17,'Thành Phố Hòa Bình'),(150,17,'Huyện Đà Bắc'),(151,17,'Huyện Kỳ Sơn'),(152,17,'Huyện Lương Sơn'),(153,17,'Huyện Kim Bôi'),(154,17,'Huyện Cao Phong'),(155,17,'Huyện Tân Lạc'),(156,17,'Huyện Mai Châu'),(157,17,'Huyện Lạc Sơn'),(158,17,'Huyện Yên Thủy'),(159,17,'Huyện Lạc Thủy'),(164,19,'Thành Phố Thái Nguyên'),(165,19,'Thị Xã Sông Công'),(167,19,'Huyện Định Hóa'),(168,19,'Huyện Phú Lương'),(169,19,'Huyện Đồng Hỷ'),(170,19,'Huyện Võ Nhai'),(171,19,'Huyện Đại Từ'),(172,19,'Huyện Phổ Yên'),(173,19,'Huyện Phú Bình'),(178,20,'Thành Phố Lạng Sơn'),(180,20,'Huyện Tràng Định'),(181,20,'Huyện Bình Gia'),(182,20,'Huyện Văn Lãng'),(183,20,'Huyện Cao Lộc'),(184,20,'Huyện Văn Quan'),(185,20,'Huyện Bắc Sơn'),(186,20,'Huyện Hữu Lũng'),(187,20,'Huyện Chi Lăng'),(188,20,'Huyện Lộc Bình'),(189,20,'Huyện Đình Lập'),(193,22,'Thành Phố Hạ Long'),(194,22,'Thành Phố Móng Cái'),(195,22,'Thị Xã Cẩm Phả'),(196,22,'Thị Xã Uông Bí'),(198,22,'Huyện Bình Liêu'),(199,22,'Huyện Tiên Yên'),(200,22,'Huyện Đầm Hà'),(201,22,'Huyện Hải Hà'),(202,22,'Huyện Ba Chẽ'),(203,22,'Huyện Vân Đồn'),(204,22,'Huyện Hoành Bồ'),(205,22,'Huyện Đông Triều'),(206,22,'Huyện Yên Hưng'),(207,22,'Huyện Cô Tô'),(213,24,'Thành Phố Bắc Giang'),(215,24,'Huyện Yên Thế'),(216,24,'Huyện Tân Yên'),(217,24,'Huyện Lạng Giang'),(218,24,'Huyện Lục Nam'),(219,24,'Huyện Lục Ngạn'),(220,24,'Huyện Sơn Động'),(221,24,'Huyện Yên Dũng'),(222,24,'Huyện Việt Yên'),(223,24,'Huyện Hiệp Hòa'),(227,25,'Thành Phố Việt Trì'),(228,25,'Thị Xã Phú Thọ'),(230,25,'Huyện Đoan Hùng'),(231,25,'Huyện Hạ Hoà'),(232,25,'Huyện Thanh Ba'),(233,25,'Huyện Phù Ninh'),(234,25,'Huyện Yên Lập'),(235,25,'Huyện Cẩm Khê'),(236,25,'Huyện Tam Nông'),(237,25,'Huyện Lâm Thao'),(238,25,'Huyện Thanh Sơn'),(239,25,'Huyện Thanh Thuỷ'),(240,25,'Huyện Tân Sơn'),(243,26,'Thành Phố Vĩnh Yên'),(244,26,'Thị Xã Phúc Yên'),(246,26,'Huyện Lập Thạch'),(247,26,'Huyện Tam Dương'),(248,26,'Huyện Tam Đảo'),(249,26,'Huyện Bình Xuyên'),(250,1,'Huyện Mê Linh'),(251,26,'Huyện Yên Lạc'),(252,26,'Huyện Vĩnh Tường'),(253,26,'Huyện Sông Lô'),(256,27,'Thành Phố Bắc Ninh'),(258,27,'Huyện Yên Phong'),(259,27,'Huyện Quế Võ'),(260,27,'Huyện Tiên Du'),(261,27,'Thị Xã Từ Sơn'),(262,27,'Huyện Thuận Thành'),(263,27,'Huyện Gia Bình'),(264,27,'Huyện Lương Tài'),(268,1,'Quận Hà Đông'),(269,1,'Thị Xã Sơn Tây'),(271,1,'Huyện Ba Vì'),(272,1,'Huyện Phúc Thọ'),(273,1,'Huyện Đan Phượng'),(274,1,'Huyện Hoài Đức'),(275,1,'Huyện Quốc Oai'),(276,1,'Huyện Thạch Thất'),(277,1,'Huyện Chương Mỹ'),(278,1,'Huyện Thanh Oai'),(279,1,'Huyện Thường Tín'),(280,1,'Huyện Phú Xuyên'),(281,1,'Huyện Ứng Hòa'),(282,1,'Huyện Mỹ Đức'),(288,30,'Thành Phố Hải Dương'),(290,30,'Huyện Chí Linh'),(291,30,'Huyện Nam Sách'),(292,30,'Huyện Kinh Môn'),(293,30,'Huyện Kim Thành'),(294,30,'Huyện Thanh Hà'),(295,30,'Huyện Cẩm Giàng'),(296,30,'Huyện Bình Giang'),(297,30,'Huyện Gia Lộc'),(298,30,'Huyện Tứ Kỳ'),(299,30,'Huyện Ninh Giang'),(300,30,'Huyện Thanh Miện'),(303,31,'Quận Hồng Bàng'),(304,31,'Quận Ngô Quyền'),(305,31,'Quận Lê Chân'),(306,31,'Quận Hải An'),(307,31,'Quận Kiến An'),(308,31,'Quận Đồ Sơn'),(309,31,'Quận Kinh Dương'),(311,31,'Huyện Thuỷ Nguyên'),(312,31,'Huyện An Dương'),(313,31,'Huyện An Lão'),(314,31,'Huyện Kiến Thụy'),(315,31,'Huyện Tiên Lãng'),(316,31,'Huyện Vĩnh Bảo'),(317,31,'Huyện Cát Hải'),(318,31,'Huyện Bạch Long Vĩ'),(323,33,'Thành Phố Hưng Yên'),(325,33,'Huyện Văn Lâm'),(326,33,'Huyện Văn Giang'),(327,33,'Huyện Yên Mỹ'),(328,33,'Huyện Mỹ Hào'),(329,33,'Huyện Ân Thi'),(330,33,'Huyện Khoái Châu'),(331,33,'Huyện Kim Động'),(332,33,'Huyện Tiên Lữ'),(333,33,'Huyện Phù Cừ'),(336,34,'Thành Phố Thái Bình'),(338,34,'Huyện Quỳnh Phụ'),(339,34,'Huyện Hưng Hà'),(340,34,'Huyện Đông Hưng'),(341,34,'Huyện Thái Thụy'),(342,34,'Huyện Tiền Hải'),(343,34,'Huyện Kiến Xương'),(344,34,'Huyện Vũ Thư'),(347,35,'Thành Phố Phủ Lý'),(349,35,'Huyện Duy Tiên'),(350,35,'Huyện Kim Bảng'),(351,35,'Huyện Thanh Liêm'),(352,35,'Huyện Bình Lục'),(353,35,'Huyện Lý Nhân'),(356,36,'Thành Phố Nam Định'),(358,36,'Huyện Mỹ Lộc'),(359,36,'Huyện Vụ Bản'),(360,36,'Huyện Ý Yên'),(361,36,'Huyện Nghĩa Hưng'),(362,36,'Huyện Nam Trực'),(363,36,'Huyện Trực Ninh'),(364,36,'Huyện Xuân Trường'),(365,36,'Huyện Giao Thủy'),(366,36,'Huyện Hải Hậu'),(369,37,'Thành Phố Ninh Bình'),(370,37,'Thị Xã Tam Điệp'),(372,37,'Huyện Nho Quan'),(373,37,'Huyện Gia Viễn'),(374,37,'Huyện Hoa Lư'),(375,37,'Huyện Yên Khánh'),(376,37,'Huyện Kim Sơn'),(377,37,'Huyện Yên Mô'),(380,38,'Thành Phố Thanh Hóa'),(381,38,'Thị Xã Bỉm Sơn'),(382,38,'Thị Xã Sầm Sơn'),(384,38,'Huyện Mường Lát'),(385,38,'Huyện Quan Hóa'),(386,38,'Huyện Bá Thước'),(387,38,'Huyện Quan Sơn'),(388,38,'Huyện Lang Chánh'),(389,38,'Huyện Ngọc Lặc'),(390,38,'Huyện Cẩm Thủy'),(391,38,'Huyện Thạch Thành'),(392,38,'Huyện Hà Trung'),(393,38,'Huyện Vĩnh Lộc'),(394,38,'Huyện Yên Định'),(395,38,'Huyện Thọ Xuân'),(396,38,'Huyện Thường Xuân'),(397,38,'Huyện Triệu Sơn'),(398,38,'Huyện Thiệu Hoá'),(399,38,'Huyện Hoằng Hóa'),(400,38,'Huyện Hậu Lộc'),(401,38,'Huyện Nga Sơn'),(402,38,'Huyện Như Xuân'),(403,38,'Huyện Như Thanh'),(404,38,'Huyện Nông Cống'),(405,38,'Huyện Đông Sơn'),(406,38,'Huyện Quảng Xương'),(407,38,'Huyện Tĩnh Gia'),(412,40,'Thành Phố Vinh'),(413,40,'Thị Xã Cửa Lò'),(414,40,'Thị Xã Thái Hoà'),(415,40,'Huyện Quế Phong'),(416,40,'Huyện Quỳ Châu'),(417,40,'Huyện Kỳ Sơn'),(418,40,'Huyện Tương Dương'),(419,40,'Huyện Nghĩa Đàn'),(420,40,'Huyện Quỳ Hợp'),(421,40,'Huyện Quỳnh Lưu'),(422,40,'Huyện Con Cuông'),(423,40,'Huyện Tân Kỳ'),(424,40,'Huyện Anh Sơn'),(425,40,'Huyện Diễn Châu'),(426,40,'Huyện Yên Thành'),(427,40,'Huyện Đô Lương'),(428,40,'Huyện Thanh Chương'),(429,40,'Huyện Nghi Lộc'),(430,40,'Huyện Nam Đàn'),(431,40,'Huyện Hưng Nguyên'),(436,42,'Thành Phố Hà Tĩnh'),(437,42,'Thị Xã Hồng Lĩnh'),(439,42,'Huyện Hương Sơn'),(440,42,'Huyện Đức Thọ'),(441,42,'Huyện Vũ Quang'),(442,42,'Huyện Nghi Xuân'),(443,42,'Huyện Can Lộc'),(444,42,'Huyện Hương Khê'),(445,42,'Huyện Thạch Hà'),(446,42,'Huyện Cẩm Xuyên'),(447,42,'Huyện Kỳ Anh'),(448,42,'Huyện Lộc Hà'),(450,44,'Thành Phố Đồng Hới'),(452,44,'Huyện Minh Hóa'),(453,44,'Huyện Tuyên Hóa'),(454,44,'Huyện Quảng Trạch'),(455,44,'Huyện Bố Trạch'),(456,44,'Huyện Quảng Ninh'),(457,44,'Huyện Lệ Thủy'),(461,45,'Thành Phố Đông Hà'),(462,45,'Thị Xã Quảng Trị'),(464,45,'Huyện Vĩnh Linh'),(465,45,'Huyện Hướng Hóa'),(466,45,'Huyện Gio Linh'),(467,45,'Huyện Đa Krông'),(468,45,'Huyện Cam Lộ'),(469,45,'Huyện Triệu Phong'),(470,45,'Huyện Hải Lăng'),(471,45,'Huyện Cồn Cỏ'),(474,46,'Thành Phố Huế'),(476,46,'Huyện Phong Điền'),(477,46,'Huyện Quảng Điền'),(478,46,'Huyện Phú Vang'),(479,46,'Huyện Hương Thủy'),(480,46,'Huyện Hương Trà'),(481,46,'Huyện A Lưới'),(482,46,'Huyện Phú Lộc'),(483,46,'Huyện Nam Đông'),(490,48,'Quận Liên Chiểu'),(491,48,'Quận Thanh Khê'),(492,48,'Quận Hải Châu'),(493,48,'Quận Sơn Trà'),(494,48,'Quận Ngũ Hành Sơn'),(495,48,'Quận Cẩm Lệ'),(497,48,'Huyện Hoà Vang'),(498,48,'Huyện Hoàng Sa'),(502,49,'Thành Phố Tam Kỳ'),(503,49,'Thành Phố Hội An'),(504,49,'Huyện Tây Giang'),(505,49,'Huyện Đông Giang'),(506,49,'Huyện Đại Lộc'),(507,49,'Huyện Điện Bàn'),(508,49,'Huyện Duy Xuyên'),(509,49,'Huyện Quế Sơn'),(510,49,'Huyện Nam Giang'),(511,49,'Huyện Phước Sơn'),(512,49,'Huyện Hiệp Đức'),(513,49,'Huyện Thăng Bình'),(514,49,'Huyện Tiên Phước'),(515,49,'Huyện Bắc Trà My'),(516,49,'Huyện Nam Trà My'),(517,49,'Huyện Núi Thành'),(518,49,'Huyện Phú Ninh'),(519,49,'Huyện Nông Sơn'),(522,51,'Thành Phố Quảng Ngãi'),(524,51,'Huyện Bình Sơn'),(525,51,'Huyện Trà Bồng'),(526,51,'Huyện Tây Trà'),(527,51,'Huyện Sơn Tịnh'),(528,51,'Huyện Tư Nghĩa'),(529,51,'Huyện Sơn Hà'),(530,51,'Huyện Sơn Tây'),(531,51,'Huyện Minh Long'),(532,51,'Huyện Nghĩa Hành'),(533,51,'Huyện Mộ Đức'),(534,51,'Huyện Đức Phổ'),(535,51,'Huyện Ba Tơ'),(536,51,'Huyện Lý Sơn'),(540,52,'Thành Phố Qui Nhơn'),(542,52,'Huyện An Lão'),(543,52,'Huyện Hoài Nhơn'),(544,52,'Huyện Hoài Ân'),(545,52,'Huyện Phù Mỹ'),(546,52,'Huyện Vĩnh Thạnh'),(547,52,'Huyện Tây Sơn'),(548,52,'Huyện Phù Cát'),(549,52,'Huyện An Nhơn'),(550,52,'Huyện Tuy Phước'),(551,52,'Huyện Vân Canh'),(555,54,'Thành Phố Tuy Hòa'),(557,54,'Thị Xã Sông Cầu'),(558,54,'Huyện Đồng Xuân'),(559,54,'Huyện Tuy An'),(560,54,'Huyện Sơn Hòa'),(561,54,'Huyện Sông Hinh'),(562,54,'Huyện Tây Hoà'),(563,54,'Huyện Phú Hoà'),(564,54,'Huyện Đông Hoà'),(568,56,'Thành Phố Nha Trang'),(569,56,'Thị Xã Cam Ranh'),(570,56,'Huyện Cam Lâm'),(571,56,'Huyện Vạn Ninh'),(572,56,'Huyện Ninh Hòa'),(573,56,'Huyện Khánh Vĩnh'),(574,56,'Huyện Diên Khánh'),(575,56,'Huyện Khánh Sơn'),(576,56,'Huyện Trường Sa'),(582,58,'Thành Phố Phan Rang-Tháp Chàm'),(584,58,'Huyện Bác Ái'),(585,58,'Huyện Ninh Sơn'),(586,58,'Huyện Ninh Hải'),(587,58,'Huyện Ninh Phước'),(588,58,'Huyện Thuận Bắc'),(589,58,'Huyện Thuận Nam'),(593,60,'Thành Phố Phan Thiết'),(594,60,'Thị Xã La Gi'),(595,60,'Huyện Tuy Phong'),(596,60,'Huyện Bắc Bình'),(597,60,'Huyện Hàm Thuận Bắc'),(598,60,'Huyện Hàm Thuận Nam'),(599,60,'Huyện Tánh Linh'),(600,60,'Huyện Đức Linh'),(601,60,'Huyện Hàm Tân'),(602,60,'Huyện Phú Quí'),(608,62,'Thành Phố Kon Tum'),(610,62,'Huyện Đắk Glei'),(611,62,'Huyện Ngọc Hồi'),(612,62,'Huyện Đắk Tô'),(613,62,'Huyện Kon Plông'),(614,62,'Huyện Kon Rẫy'),(615,62,'Huyện Đắk Hà'),(616,62,'Huyện Sa Thầy'),(617,62,'Huyện Tu Mơ Rông'),(622,64,'Thành Phố Pleiku'),(623,64,'Thị Xã An Khê'),(624,64,'Thị Xã Ayun Pa'),(625,64,'Huyện Kbang'),(626,64,'Huyện Đăk Đoa'),(627,64,'Huyện Chư Păh'),(628,64,'Huyện Ia Grai'),(629,64,'Huyện Mang Yang'),(630,64,'Huyện Kông Chro'),(631,64,'Huyện Đức Cơ'),(632,64,'Huyện Chư Prông'),(633,64,'Huyện Chư Sê'),(634,64,'Huyện Đăk Pơ'),(635,64,'Huyện Ia Pa'),(637,64,'Huyện Krông Pa'),(638,64,'Huyện Phú Thiện'),(639,64,'Huyện Chư Pưh'),(643,66,'Thành Phố Buôn Ma Thuột'),(644,66,'Thị Xã Buôn Hồ'),(645,66,'Huyện Ea H\'leo'),(646,66,'Huyện Ea Súp'),(647,66,'Huyện Buôn Đôn'),(648,66,'Huyện Cư M\'gar'),(649,66,'Huyện Krông Búk'),(650,66,'Huyện Krông Năng'),(651,66,'Huyện Ea Kar'),(652,66,'Huyện M\'đrắk'),(653,66,'Huyện Krông Bông'),(654,66,'Huyện Krông Pắc'),(655,66,'Huyện Krông A Na'),(656,66,'Huyện Lắk'),(657,66,'Huyện Cư Kuin'),(660,67,'Thị Xã Gia Nghĩa'),(661,67,'Huyện Đắk Glong'),(662,67,'Huyện Cư Jút'),(663,67,'Huyện Đắk Mil'),(664,67,'Huyện Krông Nô'),(665,67,'Huyện Đắk Song'),(666,67,'Huyện Đắk R\'lấp'),(667,67,'Huyện Tuy Đức'),(672,68,'Thành Phố Đà Lạt'),(673,68,'Thị Xã Bảo Lộc'),(674,68,'Huyện Đam Rông'),(675,68,'Huyện Lạc Dương'),(676,68,'Huyện Lâm Hà'),(677,68,'Huyện Đơn Dương'),(678,68,'Huyện Đức Trọng'),(679,68,'Huyện Di Linh'),(680,68,'Huyện Bảo Lâm'),(681,68,'Huyện Đạ Huoai'),(682,68,'Huyện Đạ Tẻh'),(683,68,'Huyện Cát Tiên'),(688,70,'Thị Xã Phước Long'),(689,70,'Thị Xã Đồng Xoài'),(690,70,'Thị Xã Bình Long'),(691,70,'Huyện Bù Gia Mập'),(692,70,'Huyện Lộc Ninh'),(693,70,'Huyện Bù Đốp'),(694,70,'Huyện Hớn Quản'),(695,70,'Huyện Đồng Phù'),(696,70,'Huyện Bù Đăng'),(697,70,'Huyện Chơn Thành'),(703,72,'Thị Xã Tây Ninh'),(705,72,'Huyện Tân Biên'),(706,72,'Huyện Tân Châu'),(707,72,'Huyện Dương Minh Châu'),(708,72,'Huyện Châu Thành'),(709,72,'Huyện Hòa Thành'),(710,72,'Huyện Gò Dầu'),(711,72,'Huyện Bến Cầu'),(712,72,'Huyện Trảng Bàng'),(718,74,'Thị Xã Thủ Dầu Một'),(720,74,'Huyện Dầu Tiếng'),(721,74,'Huyện Bến Cát'),(722,74,'Huyện Phú Giáo'),(723,74,'Huyện Tân Uyên'),(724,74,'Huyện Dĩ An'),(725,74,'Huyện Thuận An'),(731,75,'Thành Phố Biên Hòa'),(732,75,'Thị Xã Long Khánh'),(734,75,'Huyện Tân Phú'),(735,75,'Huyện Vĩnh Cửu'),(736,75,'Huyện Định Quán'),(737,75,'Huyện Trảng Bom'),(738,75,'Huyện Thống Nhất'),(739,75,'Huyện Cẩm Mỹ'),(740,75,'Huyện Long Thành'),(741,75,'Huyện Xuân Lộc'),(742,75,'Huyện Nhơn Trạch'),(747,77,'Thành Phố Vũng Tầu'),(748,77,'Thị Xã Bà Rịa'),(750,77,'Huyện Châu Đức'),(751,77,'Huyện Xuyên Mộc'),(752,77,'Huyện Long Điền'),(753,77,'Huyện Đất Đỏ'),(754,77,'Huyện Tân Thành'),(755,77,'Huyện Côn Đảo'),(760,79,'Quận 1'),(761,79,'Quận 12'),(762,79,'Quận Thủ Đức'),(763,79,'Quận 9'),(764,79,'Quận Gò Vấp'),(765,79,'Quận Bình Thạnh'),(766,79,'Quận Tân Bình'),(767,79,'Quận Tân Phú'),(768,79,'Quận Phú Nhuận'),(769,79,'Quận 2'),(770,79,'Quận 3'),(771,79,'Quận 10'),(772,79,'Quận 11'),(773,79,'Quận 4'),(774,79,'Quận 5'),(775,79,'Quận 6'),(776,79,'Quận 8'),(777,79,'Quận Bình Tân'),(778,79,'Quận 7'),(783,79,'Huyện Củ Chi'),(784,79,'Huyện Hóc Môn'),(785,79,'Huyện Bình Chánh'),(786,79,'Huyện Nhà Bè'),(787,79,'Huyện Cần Giờ'),(794,80,'Thành Phố Tân An'),(796,80,'Huyện Tân Hưng'),(797,80,'Huyện Vĩnh Hưng'),(798,80,'Huyện Mộc Hóa'),(799,80,'Huyện Tân Thạnh'),(800,80,'Huyện Thạnh Hóa'),(801,80,'Huyện Đức Huệ'),(802,80,'Huyện Đức Hòa'),(803,80,'Huyện Bến Lức'),(804,80,'Huyện Thủ Thừa'),(805,80,'Huyện Tân Trụ'),(806,80,'Huyện Cần Đước'),(807,80,'Huyện Cần Giuộc'),(808,80,'Huyện Châu Thành'),(815,82,'Thành Phố Mỹ Tho'),(816,82,'Thị Xã Gò Công'),(818,82,'Huyện Tân Phước'),(819,82,'Huyện Cái Bè'),(820,82,'Huyện Cai Lậy'),(821,82,'Huyện Châu Thành'),(822,82,'Huyện Chợ Gạo'),(823,82,'Huyện Gò Công Tây'),(824,82,'Huyện Gò Công Đông'),(825,82,'Huyện Tân Phú Đông'),(829,83,'Thành Phố Bến Tre'),(831,83,'Huyện Châu Thành'),(832,83,'Huyện Chợ Lách'),(833,83,'Huyện Mỏ Cày Nam'),(834,83,'Huyện Giồng Trôm'),(835,83,'Huyện Bình Đại'),(836,83,'Huyện Ba Tri'),(837,83,'Huyện Thạnh Phú'),(838,83,'Huyện Mỏ Cày Bắc'),(842,84,'Thị Xã Trà Vinh'),(844,84,'Huyện Càng Long'),(845,84,'Huyện Cầu Kè'),(846,84,'Huyện Tiểu Cần'),(847,84,'Huyện Châu Thành'),(848,84,'Huyện Cầu Ngang'),(849,84,'Huyện Trà Cú'),(850,84,'Huyện Duyên Hải'),(855,86,'Thành Phố Vĩnh Long'),(857,86,'Huyện Long Hồ'),(858,86,'Huyện Mang Thít'),(859,86,'Huyện Vũng Liêm'),(860,86,'Huyện Tam Bình'),(861,86,'Huyện Bình Minh'),(862,86,'Huyện Trà Ôn'),(863,86,'Huyện Bình Tân'),(866,87,'Thành Phố Cao Lãnh'),(867,87,'Thị Xã Sa Đéc'),(868,87,'Thị Xã Hồng Ngự'),(869,87,'Huyện Tân Hồng'),(870,87,'Huyện Hồng Ngự'),(871,87,'Huyện Tam Nông'),(872,87,'Huyện Tháp Mười'),(873,87,'Huyện Cao Lãnh'),(874,87,'Huyện Thanh Bình'),(875,87,'Huyện Lấp Vò'),(876,87,'Huyện Lai Vung'),(877,87,'Huyện Châu Thành'),(883,89,'Thành Phố Long Xuyên'),(884,89,'Thị Xã Châu Đốc'),(886,89,'Huyện An Phú'),(887,89,'Thị Xã Tân Châu'),(888,89,'Huyện Phú Tân'),(889,89,'Huyện Châu Phú'),(890,89,'Huyện Tịnh Biên'),(891,89,'Huyện Tri Tôn'),(892,89,'Huyện Châu Thành'),(893,89,'Huyện Chợ Mới'),(894,89,'Huyện Thoại Sơn'),(899,91,'Thành Phố Rạch Giá'),(900,91,'Thị Xã Hà Tiên'),(902,91,'Huyện Kiên Lương'),(903,91,'Huyện Hòn Đất'),(904,91,'Huyện Tân Hiệp'),(905,91,'Huyện Châu Thành'),(906,91,'Huyện Giồng Giềng'),(907,91,'Huyện Gò Quao'),(908,91,'Huyện An Biên'),(909,91,'Huyện An Minh'),(910,91,'Huyện Vĩnh Thuận'),(911,91,'Huyện Phú Quốc'),(912,91,'Huyện Kiên Hải'),(913,91,'Huyện U Minh Thượng'),(914,91,'Huyện Giang Thành'),(916,92,'Quận Ninh Kiều'),(917,92,'Quận Ô Môn'),(918,92,'Quận Bình Thuỷ'),(919,92,'Quận Cái Răng'),(923,92,'Quận Thốt Nốt'),(924,92,'Huyện Vĩnh Thạnh'),(925,92,'Huyện Cờ Đỏ'),(926,92,'Huyện Phong Điền'),(927,92,'Huyện Thới Lai'),(930,93,'Thị Xã Vị Thanh'),(931,93,'Thị Xã Ngã Bảy'),(932,93,'Huyện Châu Thành A'),(933,93,'Huyện Châu Thành'),(934,93,'Huyện Phụng Hiệp'),(935,93,'Huyện Vị Thuỷ'),(936,93,'Huyện Long Mỹ'),(941,94,'Thành Phố Sóc Trăng'),(942,94,'Huyện Châu Thành'),(943,94,'Huyện Kế Sách'),(944,94,'Huyện Mỹ Tú'),(945,94,'Huyện Cù Lao Dung'),(946,94,'Huyện Long Phú'),(947,94,'Huyện Mỹ Xuyên'),(948,94,'Huyện Ngã Năm'),(949,94,'Huyện Thạnh Trị'),(950,94,'Huyện Vĩnh Châu'),(951,94,'Huyện Trần Đề'),(954,95,'Thị Xã Bạc Liêu'),(956,95,'Huyện Hồng Dân'),(957,95,'Huyện Phước Long'),(958,95,'Huyện Vĩnh Lợi'),(959,95,'Huyện Giá Rai'),(960,95,'Huyện Đông Hải'),(961,95,'Huyện Hoà Bình'),(964,96,'Thành Phố Cà Mau'),(966,96,'Huyện U Minh'),(967,96,'Huyện Thới Bình'),(968,96,'Huyện Trần Văn Thời'),(969,96,'Huyện Cái Nước'),(970,96,'Huyện Đầm Dơi'),(971,96,'Huyện Năm Căn'),(972,96,'Huyện Phú Tân'),(973,96,'Huyện Ngọc Hiển');
/*!40000 ALTER TABLE `district` ENABLE KEYS */;
UNLOCK TABLES;

--
-- Table structure for table `favourite`
--

DROP TABLE IF EXISTS `favourite`;
/*!40101 SET @saved_cs_client     = @@character_set_client */;
/*!50503 SET character_set_client = utf8mb4 */;
CREATE TABLE `favourite` (
  `favourite_id` int NOT NULL AUTO_INCREMENT,
  `favourite_name` varchar(50) DEFAULT NULL,
  PRIMARY KEY (`favourite_id`)
) ENGINE=InnoDB AUTO_INCREMENT=6 DEFAULT CHARSET=utf8mb4 COLLATE=utf8mb4_0900_ai_ci;
/*!40101 SET character_set_client = @saved_cs_client */;

--
-- Dumping data for table `favourite`
--

LOCK TABLES `favourite` WRITE;
/*!40000 ALTER TABLE `favourite` DISABLE KEYS */;
INSERT INTO `favourite` VALUES (1,'reading'),(2,'music'),(3,'sport'),(4,'cooking'),(5,'gaming');
/*!40000 ALTER TABLE `favourite` ENABLE KEYS */;
UNLOCK TABLES;

--
-- Table structure for table `favourite_user`
--

DROP TABLE IF EXISTS `favourite_user`;
/*!40101 SET @saved_cs_client     = @@character_set_client */;
/*!50503 SET character_set_client = utf8mb4 */;
CREATE TABLE `favourite_user` (
  `favourite_user_id` int NOT NULL AUTO_INCREMENT,
  `favourite_id` int NOT NULL,
  `user_id` int NOT NULL,
  PRIMARY KEY (`favourite_user_id`),
  KEY `favourite_id` (`favourite_id`),
  KEY `user_id` (`user_id`),
  CONSTRAINT `favourite_user_ibfk_1` FOREIGN KEY (`favourite_id`) REFERENCES `favourite` (`favourite_id`),
  CONSTRAINT `favourite_user_ibfk_2` FOREIGN KEY (`user_id`) REFERENCES `user` (`user_id`)
) ENGINE=InnoDB AUTO_INCREMENT=22 DEFAULT CHARSET=utf8mb4 COLLATE=utf8mb4_0900_ai_ci;
/*!40101 SET character_set_client = @saved_cs_client */;

--
-- Dumping data for table `favourite_user`
--

LOCK TABLES `favourite_user` WRITE;
/*!40000 ALTER TABLE `favourite_user` DISABLE KEYS */;
INSERT INTO `favourite_user` VALUES (1,1,1),(2,2,1),(3,3,1),(4,1,2),(5,4,2),(6,2,3),(7,3,3),(8,1,4),(9,3,4),(10,1,5),(11,2,5),(12,1,205),(13,2,205),(14,3,205),(15,4,205),(16,5,205),(17,1,206),(18,2,207),(19,1,208),(20,3,209),(21,1,210);
/*!40000 ALTER TABLE `favourite_user` ENABLE KEYS */;
UNLOCK TABLES;

--
-- Table structure for table `friend_request`
--

DROP TABLE IF EXISTS `friend_request`;
/*!40101 SET @saved_cs_client     = @@character_set_client */;
/*!50503 SET character_set_client = utf8mb4 */;
CREATE TABLE `friend_request` (
  `friend_request_id` int NOT NULL AUTO_INCREMENT,
  `receiver_user_id` int NOT NULL,
  `send_user_id` int NOT NULL,
  PRIMARY KEY (`friend_request_id`),
  KEY `receiver_id_idx` (`receiver_user_id`),
  KEY `sender_id_idx` (`send_user_id`),
  CONSTRAINT `receiver_id` FOREIGN KEY (`receiver_user_id`) REFERENCES `user` (`user_id`),
  CONSTRAINT `sender_id` FOREIGN KEY (`send_user_id`) REFERENCES `user` (`user_id`)
) ENGINE=InnoDB AUTO_INCREMENT=52 DEFAULT CHARSET=utf8 COLLATE=utf8_unicode_ci;
/*!40101 SET character_set_client = @saved_cs_client */;

--
-- Dumping data for table `friend_request`
--

LOCK TABLES `friend_request` WRITE;
/*!40000 ALTER TABLE `friend_request` DISABLE KEYS */;
INSERT INTO `friend_request` VALUES (26,204,164);
/*!40000 ALTER TABLE `friend_request` ENABLE KEYS */;
UNLOCK TABLES;

--
-- Table structure for table `friends`
--

DROP TABLE IF EXISTS `friends`;
/*!40101 SET @saved_cs_client     = @@character_set_client */;
/*!50503 SET character_set_client = utf8mb4 */;
CREATE TABLE `friends` (
  `friends_id` int NOT NULL AUTO_INCREMENT,
  `user_id` int NOT NULL,
  `friend_id` int NOT NULL,
  PRIMARY KEY (`friends_id`),
  KEY `friend_id_idx` (`friend_id`),
  KEY `user_id_idx` (`user_id`),
  CONSTRAINT `friend_id` FOREIGN KEY (`friend_id`) REFERENCES `user` (`user_id`),
  CONSTRAINT `user_id` FOREIGN KEY (`user_id`) REFERENCES `user` (`user_id`)
) ENGINE=InnoDB AUTO_INCREMENT=33 DEFAULT CHARSET=utf8 COLLATE=utf8_unicode_ci;
/*!40101 SET character_set_client = @saved_cs_client */;

--
-- Dumping data for table `friends`
--

LOCK TABLES `friends` WRITE;
/*!40000 ALTER TABLE `friends` DISABLE KEYS */;
INSERT INTO `friends` VALUES (5,3,2),(6,2,3),(9,3,179),(10,179,3),(13,3,174),(14,174,3),(15,1,174),(16,174,1),(17,189,1),(18,1,189),(19,1,2),(20,2,1),(21,166,168),(22,168,166),(27,166,208),(28,208,166),(29,209,210),(30,210,209);
/*!40000 ALTER TABLE `friends` ENABLE KEYS */;
UNLOCK TABLES;

--
-- Table structure for table `group_request`
--

DROP TABLE IF EXISTS `group_request`;
/*!40101 SET @saved_cs_client     = @@character_set_client */;
/*!50503 SET character_set_client = utf8mb4 */;
CREATE TABLE `group_request` (
  `group_request_id` int NOT NULL AUTO_INCREMENT,
  `sender` varchar(20) CHARACTER SET utf8 COLLATE utf8_unicode_ci NOT NULL,
  `group_id` int NOT NULL,
  `user_id` int NOT NULL,
  PRIMARY KEY (`group_request_id`),
  KEY `re_idx` (`group_id`),
  KEY `yt_idx` (`user_id`),
  CONSTRAINT `re` FOREIGN KEY (`group_id`) REFERENCES `group_social` (`group_id`),
  CONSTRAINT `yt` FOREIGN KEY (`user_id`) REFERENCES `user` (`user_id`)
) ENGINE=InnoDB AUTO_INCREMENT=7 DEFAULT CHARSET=utf8 COLLATE=utf8_unicode_ci;
/*!40101 SET character_set_client = @saved_cs_client */;

--
-- Dumping data for table `group_request`
--

LOCK TABLES `group_request` WRITE;
/*!40000 ALTER TABLE `group_request` DISABLE KEYS */;
INSERT INTO `group_request` VALUES (1,'admin',1,2),(6,'user',2,209);
/*!40000 ALTER TABLE `group_request` ENABLE KEYS */;
UNLOCK TABLES;

--
-- Table structure for table `group_social`
--

DROP TABLE IF EXISTS `group_social`;
/*!40101 SET @saved_cs_client     = @@character_set_client */;
/*!50503 SET character_set_client = utf8mb4 */;
CREATE TABLE `group_social` (
  `group_id` int NOT NULL AUTO_INCREMENT,
  `group_name` varchar(50) CHARACTER SET utf8 COLLATE utf8_unicode_ci NOT NULL,
  `group_published` date NOT NULL,
  `group_background` longtext CHARACTER SET utf8 COLLATE utf8_unicode_ci,
  `group_avatar` longtext CHARACTER SET utf8 COLLATE utf8_unicode_ci,
  `admin` int NOT NULL,
  `scope` varchar(15) CHARACTER SET utf8 COLLATE utf8_unicode_ci NOT NULL,
  PRIMARY KEY (`group_id`),
  UNIQUE KEY `group_name_UNIQUE` (`group_name`),
  KEY `admin_idx` (`admin`),
  CONSTRAINT `admin` FOREIGN KEY (`admin`) REFERENCES `user` (`user_id`)
) ENGINE=InnoDB AUTO_INCREMENT=24 DEFAULT CHARSET=utf8 COLLATE=utf8_unicode_ci;
/*!40101 SET character_set_client = @saved_cs_client */;

--
-- Dumping data for table `group_social`
--

LOCK TABLES `group_social` WRITE;
/*!40000 ALTER TABLE `group_social` DISABLE KEYS */;
INSERT INTO `group_social` VALUES (1,'Fresh Juice','2021-02-02','https://static.remove.bg/remove-bg-web/2a274ebbb5879d870a69caae33d94388a88e0e35/assets/start-0e837dcc57769db2306d8d659f53555feb500b3c5d456879b9c843d1872e7baa.jpg','https://interactive-examples.mdn.mozilla.net/media/cc0-images/grapefruit-slice-332-332.jpg',5,'public'),(2,'Hội C10','2021-02-02','https://www.freecodecamp.org/news/content/images/2020/04/w-qjCHPZbeXCQ-unsplash.jpg','https://scontent.xx.fbcdn.net/v/t1.15752-9/174488299_121155883335521_4943914651692860152_n.jpg?_nc_cat=104&ccb=1-3&_nc_sid=58c789&_nc_ohc=QVS8iRCMfVUAX9UteDg&_nc_ad=z-m&_nc_cid=0&_nc_ht=scontent.xx&oh=6e9b99e2990e01aab866f3c3f6ce8ab0&oe=60A1820C',2,'public'),(3,'Anime Group','2021-02-02','data:image/jpeg;base64,/9j/4AAQSkZJRgABAQAAAQABAAD/2wCEAAoGBxQUExYUFBQYGBYZGxwaGhoaGRoZHxoaGhscGRkaGhodHysiHBwoHRwaJDQkKywuMTExGyE3PDcwOyswMS4BCwsLDw4PHRERHTIoIikwMDIwMjAyMjIyMDAyMjAwMDAwMDAwMjI5MDIwMDAwMDAwMDAwMDAwMDAwMDAwMDAwMP/AABEIAKgBLAMBIgACEQEDEQH/xAAcAAABBQEBAQAAAAAAAAAAAAAFAAIDBAYBBwj/xABEEAACAQIEAwUHAQYEBAUFAAABAhEAAwQSITEFQVEGEyJhcTKBkaGxwfDRByNCUmLhFBVy8TOCotIWU5KjshdDVGNz/8QAGgEAAgMBAQAAAAAAAAAAAAAAAgMAAQQFBv/EACwRAAICAgIBAgQHAQEBAAAAAAECABEDIRIxBEFREyJhgTJxkaGxwfAU0RX/2gAMAwEAAhEDEQA/AMhjsEcQrES19R5TeQDrzuqBz1ZfMDMKwGJI8GgEEZlVc2vU6ToY320o3buaBlOoggjlGoIPI+dVeL2mdu+VQGJm6qABWJMm4igeH+pRpMkaEhdAaxR+0BGN/WBsRc10g6EE8j5cjAO3OobrneAIjQDoOvx0mpbxXNpoCdzsNpPpRXgfZLEYh3RbbAoyB5IUqG/pcg6qcw8l8xTXKr3N5W4KC23aMoUBAoysfE58IcgydzmKqDtAgGRb4hwcW7jNbLNZUSLiozaxmCmQoVuZBiB10n03iXYXA5S7pdDMsE5yWDb5tZGaPDzB896M4DgFnuLds21uIuUjMoIDLsQDMa8tuW1Y28hRsRq+Oas69p4dawFx7gQLLNBATK2YMQoy5TE+U1rOyHaxMDiLVy6jlcr92AqALavHMVnQmLg0MwBnESdN3gOx1u1iEvISgAhrY1DQwdDJ1kPmJO5kDbeHt72bs4mwLaqqXEEWmAAy9E/0HaOW9A3khiBUE+OT1szz3tBxgYzE3cRbGXM0gMZI0CwSN5jlprpWr7G9tksW8t+YUbhJZY6x4mAHSYWCBANecYHBXUY/wlSVZT1Bgg9CDVrFE+0p1GhHX861bIGFRIap9A8N4jbvWxcs3EdDzVgR742Pkake5ktXHY6BD8a+auG8UvWHDWrjoR0JGnQjmPKvU+F9or97hfeXfaa6bYI/iVVAJj/UxEa7Glp49MKPrDDcte823ZcEYdJMzJ+Op+c1bXiGVgsTO/3qHhAK2LSwZCKCN4OUT5b1FjMGz7mBqdPa2iKzswORifePUKxPKEnxPOu4fFgmKDWsSATbWSVHPp686oYnijIwKxp589dAKJeRNRo8bloTcW+lTokUJ4fxFbglWDRAJG0xOnlRVW0pq16zmZFZTRj6VczV2mhgYqoqY7gbmnms1xXElnPQaD9aF2CiNw4jkao7H8ZYnwnKNee/nVNsS1wZWYx86p3rDEyWkdNoFTqirqBr1rG7au511wogHEbjOI3SikAf2+G1T8OOS2MzCTr0idY8zQLtDirkBLY9qOsb7E7D86VFg8ZebKt1QmmsH9BE77cqrgSt6j/gFlEN8S159awXaPForEKQTz36R+laniOJGRlzfwnXc+/pXnuNs6avJMkjz8vzlWzwk+azNfjKUUkSC9iy8wDofdVS5fg6125dA0+lUrzCYG1dtEr8pn8nyWA73L1i8INdujUGocoBAUe+o77QZBnqPzagq2sQjmK46fde0sXsWbcMAZqjfvF/GxjUzvPlvr0rjYsswn2d9PLXXypmJvAxuFG5G/oKIYl1Y37zleXlXKxe7rQFf7UM9lZtJcuA6uQqidwJMgTvOmo9DqZXFcNe0MaiCQdyN9D/AFT67dabZsvbRGjLoGWSDKnqv666U3HcRdw3QAKx3gRAmNNormNb5Swr/anMA3chxONJXltBGnU7H82FCLt4kkgaetSup2GgPp9NxVZ0gxWvHjVdCHVSbhHETaaDJtn5eYrU2LuoZDsZBHkdNDWLUA71e4Zj3snwwVO4P26Gs5EQRc06cFS64hItXLircVBL2w3hV7cyCoLaiJHwj0vgnC3wwKtdNwHKqlgnsIuVSSqBi0aGWbaREwPN+G41XUMGAIVmnbKy22Pxn61W4R2uvvcYXLrksRBYr4AMxjKIJ5aiPSlujZNXN/hurMA3fU9N4lj0uOEPhAMEkbUbstbtIIPh6kzWI4IbVwE3X157rroaK4vi4uAIF0GgPlWfNio8R6Ttvg5Uq3Q7hbinFECwGkkcqisYQHC3sRczZrYe4uuUEIpZRqDpI3oPh8KAS1wEpz5eus1ztT21tphruH7u42ZGXOuUqqtoC4nNAB3ANAiC6G5l8xTix1jv6mYTGXi9x7uWBcYt/wAx1YHoZn1rP8ZLW3UwQGWR0YBmEjrBBFHQ4KyCCDsQfI1U7TZ7lmyozMtrvNAui58rTIHP7VsA3OIh5EiALQDN5bn89SK9WsYQLh8BhF3Kp3g1MPcbvHnqQXYe6vM8Nhc7rbXe462xHUkL9Sa9P47g3xGMu4e0VkIyrmJCgZdZIBOxjbnVg0b9gTGI25v+G4Y2reVnLGSZJJiToqzqAPzpUPEMaEVmAJI5DU/KqOIxq4ezbtnXIipp/SoH2qge0dmMuskb9fQj0rlAMxurnUw+O1BqgIdqh3udvABIG5301HwJozw7GWsQPCpBA1003OoPM6TWT7T4wXBIWNecAkQYkTpyqv2d4u9tvCBqPETvGmxPpXU/5g+Pkuj+c6jYxWhRno1riAsiBHkJ6UZ4Rx1XVM5UM50UH61gbGOW5cIZp6Ci+HxFu2Qw/hMms3wygo9zH5HihhsbnogpwFU+G4pbltWWYIG++2xnnVstFRaHc4DAg1G3rgUE1kcTiS7Fvl50c4nxG2sqzCSD4fzb31if8wyMd4JO/wCpqmVn6nS8HCaLVLuIdjoGA6/2qti8eqL7Uxp+edUL99rgIUGpHweniIj7nSlvjAI5H7TrrjA7le/x8JbzOfaYwOenl+b+dZi32ivF3KgkuZ2JIAOwHTlRvinDLYJcmFAjfTfzkfrQvgeNs27lxhzUQQIBIIJAB21+/StmFMYQkCz/ALUPr8NR4xd/uyXcLoYUwD6HnpWcxmJ1+dWeNcSNx4GskxEnn6SaEXLs6CPUzXS8fBQ5EVfpE+R5YRSoMcwzCTUED1rl29pTMLY7xiZMD69IrS2gTc5LZObhVFkyRsST1HXlVbEPJ0+NX8bYQRp8Pzaq4VAsAancnlQ42BF1K8jHkBKswkOHO8bnqJgdat4BFzqtyY8hMsNtACTVexAYwCfnUyYkpmbYnQHeBpr9eVFmB4ELM1Un16+0u8ZxbyywxO8xO+kmDPlr0ob3rRHL9J+B1q1ax5FtRoxkySCSQPM/gmqVwltACTuYk6RrPpXOxIR8tRQ6jO8gnamEV2yoJioDdrXar3JCX+EsjVpPocu3uprYdBqM0cvEB6fw600mJBB0gx5EZp6xGs/hu4HAuzjMoNpTJBfKWH8oABaT5D4cshKDuCpUdiULF/u80CSysskyAGBU6RqYJjXQ1WsXWDBhuK0X+WqRmOBuySYVMSoIHkrWmOkiZJ67VJhOC2DmNzDYhQokkYi2Qo6lxYyA8vEw3G00v4qDYhclHUfw/v7obI/drG7vlJnkvd+LN5Gd60nBuB4m+ozXrioFylrd1Xzwd8/eAIeUa1nx2ftXLZa1hsQQfCjvfsxmOij/AIYk5t1Bka7VFb7KtbAF6ygcb5sRYT00N0cvKj+Ore33jeWR9hiZ6hheD2bSgG09wDc3btlhrrqSxMCnYvidhBkZBoJVFKZW8i48IHWTXmK8Is/y4UeuLw5+lw07/IVu/u7QwpuNIUJfR2mJ0VJJ0BqrUbJErg57P7zcYrtIli2zO1sgeIrbuWcqxoAihSZ28yTWKtdusbfF4/4h1EmEVbXsNsuYpM7iZrH3rPmDBymDpOuo6g1b4NZQuQ793KtlfUwwhlEAa5oKwdJI1FU29xXC4X7JYItjMMqjRL1tp8kIuHT/AJfnWz7H3na/euqQXbWT0bUj7e6s/wBmGa3iLnewDZtu5ZdiCoQROs/vVor2NxsLeuE5VZhHxY6H30p/wGvaP8RC2YIRu5ouOwQQ5BPT6kH0oJd4uthAir7QJDaHmVknm2lcx3FULAiTDGVAGoAMbjkwA3n7VlvI4UkQpBIkTBzEnTnr16UnFiofMNT1CoVpSJQYrcMvoJ6HWonyKTl5eo+NOx9n+IHflv6elUlBnWuhi3u9e00dekI8OxPi0ESdD+fmtaCxY2BYmd/96y9i4ZG2kfKj3CsVyOpNMyLYsTNmDAz1bgN5BaVE2A2J1idzzq9ceaxfZfFMrgQPEdfStHxnG93bZl1O2nI9TXHyIQ1Tz2XBWWh6zM9p0dbxJjxCRHTag2KJYCRtVnimPe77Tkx+bUHa88xM+lbMOMgAzs4lKoFbuFMHxEHKiptvrECYmT7qt3/EQJhZ18/IUNw1nICW0mqmHR3uRmJQ7zMf/L5isubEpYsvpHBR3LPGQ4tOUX4mI6kDnpP6ViP8OzAsEaCcsxAE6xMb16OmJtN4JXSJBj6Gg3abHNbUgMoA2WNfzaj8XOy/KF2YJF6Mxl/DFPFIBA3GhB0iY315jWhtywz+QmInYVYxmNltdhJMU22LjIXQeETJJG40612VZgtnucvM2EsVJNfzKRtAkiI6a6frVrB2wsmDvAHn1+P0qq1ts4zafTTpT74Ufzaxz9+1QfOSAZixZAj8gOpLfuEwCeeum3vqLEoNBO233omnBr4XMygW2AmSCwkaEjcMNfn5VVuZQBIHVTAEjr5zH5FWmVCaBGvaW+YPd7v1la0coHOdo1noKV/DsSQwjKfENj5+Xvp2BvZWtgKxcHrpJ0AB6RTsNYuF4clQykSQYKjXSdxKxNU+U3rX8wPmdQoGpLw3AC+LoQ5Vs2rlwkncLr82gadaG4Tf3UV4eEFm4Ec964giQoFtVztPnIHPWDpQ3D3SdIgAUoNViWuMKRcWFsxBnfYVHavIBBWfcKbhD4qgYGT60DCUXpRQ956rjuGYfF2bYcqlwDKHCgsACDlAAAIgRB2BMVibg7q4xzOxUwDlA1HtEyDHKIMHzrXYO896EzaqrAKfC2Vdd4iY9BpQzD9lRcu3czFFYFkcaww3W6jCZOvs/wAvmAeJ47DCWXI2u6/8mFT6GRXu0YlLZtsqZhnhlDvl8RGaNBJUjwz4tCBobHFuLBspQKdZZWVVBUcmIDS0aFgF20USRQ/FYa5ZteOygVZGdDmTMdGUhWInYagTl95G2sI+SQ0LmhYO+u0fw9deXpWsBWH0/WXNLwztJZGdksshDTbgKqAnmzKik3N/GWGi848RnB3rXEMbfvG2q+LCqyui3ILXEsNE6FfEvLXSvOsSxHgYmACqkkyAOk8hsK1j41beK762Usi7h7V5YceJ7d+2SJMAZmtFiuv6NChSDfcelFT9p6x/4Aw42FsemHw33tGs1f4DbscRtMhmLiLAS0ghsPiXY5baKJlU18zM6RpOG9vMFctK1zFYe2/8Sm9bkEafzTB3oBf45Yv49BavW7n7wnwMrSEwlyTodpYirs0b9oKfiE8Vwtj94FI0y5t+RH99qXFLyhgttQsBZOploEnXbXXTr5Vaw6xdk/8AlL81Q/eqGJTxt6mjAPUP5mYib/EXlu4K7iyMr3Ut24Gg8JzOPTN3enp0oVwu9kVEMZSM3vBjfkZU6yKnxZKcNwqMAAytcHVme4LY9wRZ99Cbh1gTICj3wC3/AFFqZgxgrxmnwn4ZuR9ATDV+9bcEwyRA2DeXUGljHC21zEE6kERqJ0M9IM9daG4PFiMr7HSdTHSRz1+lS39FRSQCF1GjasZ0IkezHwpoxUaM7Y8osQR7/wBRt65pm1jkev61At01y/cB2knaSfoOVOtIRqRT1xgCMGZnOzUepY7CjHAvFvEry5+sdKoWTRbh13TL4qlelSsxIF3c0nBb4Rsx+fKjnaTGEWVA2YSYOjA7adKx2YijmH4iblprdwZiR4SSQesTzE8qyZ/HJYMJgJHIMfSAnfkOdOsWrqyyr7z9qu8OwoT942h1EERHn61U7Q8bC+BTJiZB293prSmy23BRc6CbNylcx1wmCJUHY6fGjS4lbaE5QIk6tHpqetYtmuNLZ49eflNVcVxG6/hbWNAKJ/FL0F17yZMqr3LWO4ke8LBiPftr+tC+I8TZ/ab89OtMXCFvaMHfanHAwen19T61vx+MqVOZm8t2sLKS22Y6mfLapLAuAMF9hdxPhBMTJJE7LVpbSATvG+v0HM1H3gaLa2zkBBMnLJOkZgfTYVMrgfKos/xOa5l63hs9vNd8AHsgQo9SInaB1+FDnthLnjExAEx7vX4f27iLju2baWggTELHI1GyCAxMyxMbxERM9ftWfHiZbs9wlws35SzieLNclSPDoCTOvnE1Hf4dPdOWVe82mdAHKEnqJUmo1WVd/wCUjX+pj6a6Bun2phz3DbSZOiqOmY7fE0aoqCgI4YlUe8IcBtL/AIy0pUxnDaiDlUZwSPQTQyziGZpYkwpj3CBRXHs9vHXGJ1V31BjkRAjlGnpQmyoAOusGoR6xhv8AcxYTKEuE+1C5R5a5p9wA99RWkMzGnw+AruYQREaVzD53YKAWJ0AAkk+QHOhI7iflBE5YtACZ1PKord9QII+QruF5n0qpS30BFF6Aoe89B4HxMIwcKC05SHkkgjcddARz31ra2ryXE11aIESPaABkTsRykjQ15XYKhsy/xbAEt1ka65q0mH4nlylGymNYJhTpoZGuonmNR0rg+b4nOmU7mFhXULYvh6d+FNvS4GW6kHLcWAVKgE5XUgHNpGs6GQ/Adk8PbtqjIHZtC1xc2gHiGUMcrDTURo29E8JjEe2pZhLyIY6kTED1+gFUmxqWzcLFlCmYYE+3pmOojY79POuWc+cjgCRWj9ag2eoP7QdjMNdBfD+AqozZB4Hj2oHJiOn++bu4JM5t91cBQDKVS4XAjZtPEDlZhA/hPLbT8R7S3rKW7aqoXTKd5J3E7cyRptB2o/gOLZkmFd+WpjLyIA2gR6TWhfLz4VHPY9N7jkzFQQfWY/g/HMLaEPj8VbcN+8VGvqrjnkyZWU8vEOW1GMJxzhrXZsXcXcxLBxba4b16He33WfI5hiEgSeQ8tAP7Q+BEl8U7kXCqSmQkEgQSWnw6QIjl02zP+Fa0PbZLukqCVlTOoYaMpEc9wRG1dTFkGZQwJ3/M1o6tRofpCHH8Fbw+JayjTlRVbTKM+UFoGZonTY7zVZeGO5nu211nK2o399UsTZyHf/evVeynavAKlmxeuu1wLbtZe6uavAXLmj+aPKuijcBZFyw+MMWEyPaxTGFtSfAlm3l2g92hbfz+c0Fu3BnaBud/WPtV7tPfL4lSeZe4fizD5RQfEMQSRv4QP/SPv9a0+N2PyMVjYc7I1DGDwiMERc1y6+yI6SCTlWdzz1ECBuafcwgnUwQBu6DYxGxnnrPKhHCwSzMCwdELBkMESyq2oI0ysR761eN7O2/8rGLzuG7w28gJClQzLr7qLJkZGIjTlYtQMDYiwi5TmlmAaAynKJjWBvoafZJOg+NU+H2QYzGflRpLUDSN4gA8xPSno2tnc0YWN7MbbssdNvPf5USwiZBpudzUeHSef96JWuFudoOmw/WrqaGy13G2szbCfdMUd4bYOUuRt+aVa7J8LZSS6kcwOXkfOtHew6Hlr5aUjJlANTHk8kXxAmK4hhFaZzRuRManc1msRw5QZAYz1M16DxLDAEnT0igGMwMmdAKtFUjU04fLb1Opkzh3YkZQBtEVBewRUyT6Ufx2Gy6zv7jUH+VXbmqof9TaD9TT1oSZMwIsmZ6+BGu/5qKj7q48ZV30k6TqACfeR8aPYvBWMMVN9yzHbwkiQdQAJjTrVZ+MWR7BG25Vp5Ty00H/AEiiJvqY2yBtCD8LwPwh7hkRmjYa2y23MglfnSvFFhRrraHl7JOYDrz9wqa+5bVz/DzPPuwDoPOap4y4vmTK+WoWAfhQ8YzHjA9JTfNlViVAzEe0o6cpn5VFYt52CyIzamdACQJJ6VzIXIA05CATtvoNZOtQFSxJ0E9BA9wAilkEwXyspqpP4gpHigwSNQDEx8JPxqPvIII8vrXFHKZ8xXHYCJO0c42oW1IuaxvUcjEtJJ5mmWpho6RTO93IO35zp9lbjxkts0mBAJk9BAMnyqtQTlHpDXAuyty8LuYomVCAGdQc+WQGAllAHiMjkBzqmmEtWGYG73pykZrJyqGP8txhLCJB8MeLypzXL9s5MqWyFyxAY5SNQcxI8RMnSZjoBT+HW7SpdF240sjKuRcxBI0ktlAGnLfUSJNLKttj1Fcjr6QZ3SqI69Tr9vpUen4g/StFwnhOGOGuX71y4mViixkGYwI8MMTuJg9apDGWRIFjOJ9pndCf+VWAHz9agptf1KqRYHw280E6gSFYj2diylQu55zPKpLWMUDRco82zEHmZgDrp5VSwt7+FixQzpmIVWkEMRsddDOniruNdWYwVJmS6kwTuTLKCdZ6CufxskGZ6mpwXFTZi2rkDeCBm1AncSu208q5xbiqu2ZDDNIYiWMGTzPoNdRlAFZrB8RNtvahX0JIDkQND/qnmDOpqd8Wt12JYkkyOe41Ef3rL/xrz5QeG5oeG45HRlcd4zHUnKeZldYhoA1226UXfA4h1BtgjUgRIgKdp+E8tOehIDhViyEaGhyDBPxImY5eW9H+Fdoks2oGZyTOsiOuhOus6jzrn+Uh5H4Ys36jUW1EzO9psXiVy23LMCQA0Er4pkaiM32I60Jx2KE5rZUTDMFOYgnlJPi0GvnygCtJ2z4uty0UNrxPBLKshCDDZiQQVIIgjUQZ1rGPbyyAyHlt0OhB9J56z8Oj4WO1BYV/cenUJYXEWe8QumbbNJDfxAmFMAmNIOmp8jWp4li8Ict62hV2c5YUDJkKlW5xv1kwNBAJ86uZgd5g6fmxE/SrVnEEb6kj5da6VCCV9jNXc4UlwXLrXv3ighVQKUCnYe1IIEcyYqhcwIMzGUQoIENIAzSJ6yJM+nKqC4t4MmZMmSWkndjPM9atJiiJI/PX3UxQRu5AWHRhPhHC1/wzvZNs3DKXc2aUSN0jczrroYHQz3hWPa7lwncC4P3mpZgdc+YgZgswTE0K4fxa7aPdnVGJE67Mep6San4VxM4e47qTLAr1/inUHzpPw8jciTd7F/xNON6sn0E0fBuxCpmfGrChdCjzsJObLrEa/GapX8MltotKRaPsmDtOkmKZZ7R3GEFiRMxrB8jr+TWj4b2hBATKuTbIBEdNvOm4mzIbcAn6ahJlKiR8C7PNdAuAErMTGk9IrdcJwASFaCfSqXCsepVFAOYAAmOenOiNm9sToY/T9aPI7N9IjL5DMaMK2+H7REVYt4RVk/grmEuMVEj8nSrJ1FYmZuoANwFj8Ig1YiJg1nOMYi1DZPE4MBIYT1hojatRxHDyHMCAob/bz0PxofjOHMXVZUQgkwTt4Z8zJ+VacWQDZMJHMyhxbFGa1hgroATcdxc57ZSoifLpQ9eL4hiAwXXoI058+labB4NjaclhLyAIiMpK6mffWfwwZmbN3f7uUAadT10naPnWtGU3GVdkwXxq2lyAYLRAnpry9azZ4YTkVYZnMAaDYZjr6A1t+I4QXJHeKqR7NtIOaNy0mRm12rF8K4YHNzvLlyLb5QFYiYkNJPlppHOmBhGKBxuWcTwvux+9vW7enMyYiOcdKH4lLQAZc9zNJGUEg5fCdv1ozes2oUC0vgHhzAGBM6EydyTVa/dMQIAj1jpUtjCORvQwbw26BdQsmRAQZYDUa7/3qtg7tvuyDEidx5frU1+yWOrddtKGWbJZ8vn8udLo33IfmWTWsIr6y0SdAQNJ0jQ1Zt2rKD/hqWPNmMD0WQCfWfSkuCCxMmddem4+1TraGZZXfUaRPSOutAVi6lRAgkAT6CfoK6zGNFJHu+hq210Caju3CBtRb95cqw22UAev9q7ZzKwaEMGYZcwMdROort27zrl+5mYkAKumgMxAjfmeZPU1DvUkazZgqyfDPQDUyIAGnPXz8qb3S9PmaaBB9aVwmd6qq9JJTI3pwcdY+1OAjeorrqedZSkRJGULrGbz0/J+NSC6AQQCPUz8PlVZF/38q6J9Y5c/fSOjJC2Gx2Y6tG5B3H61M/FdVHQR4RG8zPU6mgtpY1/h/v8ArNde64IDLE6gGRodiOo86IYVfdQSohHifFXK92rkWyYIJ9nrMciOW3voeoAMgTMbHn1mIjTYkbjzqtimliOhI68/Ono2bnqP77VaIENCEq3oS0zDc8gI+J/WiLcDuLZW/A7squu+rHwjbcz6DnFCUwrMYVSxjYAnSRrpy1FEsbxBwi2tFAVVYBs2bKP4oJA1nQRFNsXGLhJJB1Uq2pILTpPl5ct+dcW7vqa7cuplCorDYks+aTEaAKoA9ZPnXBeOUDTToADPmQJPvohZjVwLqzO3rjSJ332A9KnuHU69agCZm1nzqZufvp6KQIa4lDHWpZsamNaPcKQAr1n6CdPhWes3ANSQBP60a4ZcVtGWSfZExHnpz1930aCJWQKo0J6Tw3Cq4C5mGs+HTbQnY9a1GHwA0/ejbbw+Xl5fOgHZLhDizLKwLGQEJYZQAAZYgameeu9FbfC786AAf1EfQE1hyuGNXUwld2RDtuFEZqa+MQc/lQ4cLvHd1Hp/YCmtwe6f/uLPvrPxX1MvftFjsWMjCJJUAHfUTPPzobjOJ5rx/wBA59W2+VW24FeMyyfFv0qniOzN4x41JPy+JpyfDB2ZBcE4TGA2lgyNfqaz2Hv+K/8A/wBmA+C1qB2LvBYRgoGwkH70BfsVi7C3XPdMr3Gf/iKujRE5oE6da0rkxi9xwMgfEkHyrNcJuf8AH87z/aiONd7RyuII8wYMnSQY2+tZ3hGKJF3Te45+MU2xqoQNCEr5nnVZkMHXp+Gmm4vv/DTLraGDzqyTLkVzePPeqWDVe8uE9NPUsB9Jq5bvlWDQGhgYOxjWD5VUsXybtxyPaMmOpNDVmEv4T9pZuKukfWoXfzPlrt6U9bw1gHTfSm2xzqCVGvc2AFR3rx2j4VM9sDWBUJbWrlSPPPI01o+f5pUoNTYXAm4txxlhBLEkD0AB1JnTTqKompcosdahdjNXHUVBknWpKkeLVsoAnU7DnvVd7LrHmJEGdNtYOh02OtFrl9rbI6GGVpB6EaiqmJvFmZm3YknSNTqdKzsSrVImEMnIncqWn8bE1Ot0H1+1QsBmaZ35etSjEARltqI5sM8+ZDeH5Ulk5bi/h/WSW7niyr4p6Tp56c6O4y5bGEt2mC96jMZBUnIdYJUyIPI1nM5O5+w+A0psxQ/D+s2eOwxA6u/eT4cWZfve8JnwqhVZ11lyDHoFNS4vGIfDasJbXyLOx9Xcn/pCjyqhcaCfWlaaZq6igVDfWSZvoftXRXVTUDyP2pRFMQalhrYictLT1XT1/NqSAAaD31ydK0BepBoCW8OQJkgeprl5to1J0013qG5ZV92URsCcsz00NPfghABP8Woh1bSYmNI1B36UL5WB4gSmyEEgSN8QVYay42y/wny/q8+VaTsaVN1QSSAczGRJ5tEka8t9zWfPDHt7AmR7QyMQOchXOU+sGiXCMX3KnwnMdAcrbaaQPjtzoMbHZMSbPc9UvdrHLHu75tqNApA2GkAKhj41SxXHbpGb/EOQT/OAf/T3mYD/AJRWNtY7Qf3+9POLpqYlHQlETUJxd5kOynfRm39SZqU8fugz3hnz1+tZQYo8iPiB8ATrVgcQeyfFatsSJhwH09A0CmED2lcYb/8AEVz/AMxh6GPpUN7jLMINxiOhOnwoSnaAaB8PaZZ1C50J9CGgH3VXxPFLOhtqw654IB6CSc3vAqJ3RWTjDD8XeMvePHTMYpJxBgPbMHkH+oBrONisxn6LA+A0p6Xeob4GjOuhL4w1fvKRQi5gbOsLl5+Ec662IX+b6/pUZxAobB7lgSvdwA5OR6ifpT2t2bdpouM9xoAGQqFEyxJJ1OgGnU043lPWfX7R96ethrpAt2t9gsmeXM0JA99QxBPf1V4Xfkv5R96L47h7IxS4hVhuDuPXpVexwOSSjIs6+K7bWY8maedCS1gg6k3OB6QA95NS2ODXmHha0fI3rKn/AKnE1BisDet6uoj+l7b/APwY1OYOpcdcAqq6DU/gppvaGo2fSiFGSPIA5mnactKgd65nqyBJJrt0sZYiT0AG2mkaVXCClOtRXG1oSAJJLicU7mSQPJQFHwFVwlEMTgioBMamIqsbVUUjAL2NyG+PEfWmr6VLfQ5m8jrTFEb0tlqILEMY7JpM0ssUgOfyqQg89z+bUmHhNkgytcWSa5h/96kG5ptRhJwtrMlDxEef2pUrehE+ddzCdKNOoYOyKjVP2pocnSPKmKvnJ6VYZhbHV/Pl61TZCeouzHYa6LJD5Ud+SsMw9451GnEXUNBHjOY+BCZG0EiVHkDFV01Mn1Jrr+JtBptA69KSpN6izNlwjt3ihbFtRYhQQWNhZ1GmqsBPu5e6qN/iL3rha81sHqEKTGygIIn195qTs4mGsgnEpcuAHVbbhCZ3158hoR616B2eHBO4lktoxglbt45yTvu5geQJppYYyPlNnuowA1MlhMEHtgIbDXGaAguo1wgjeRcMRPshZ0p6dkcUXCtbuL/V3V5x6HJbJHwr1Ts/wHhjL32HtW381c3YI6CTB9wrSYfD21HhQAf6Y+opTeYQ1AfqIJInk2F/ZwmQG7i+7uHkbThf/cyN8qIL+y1woK3RcB3M93A6iA816Jf4Nh3YO9m2XGz5AGHowEj41PawqrEToZEszRy5k0J8rIej+0rlMRY/ZVhsoLPeDc4dGHuzWxPwqe3+z0WtbV0j1s2GJ95Xf3VuKVAc2QjbSuRmSXsBZcfvrjXDybLbQgdIVYqSx+z/AAarlKsy7wW+6gE++tI8jUajmPuPPyrs6SNffpVfGfq5VmZZ/wBm+CJnI3xH/bVDF/s0slibenQMUI+BtHSt0D5V2q+M/vLszyvi/wCzq7KlbeY//rFi2o6clze9aor+yi+4LG7kP8rJz9VY6egNevlaasdflHyqj5WVeoXKeSYP9kGIPt4m0o/pV3+uWKkvfshvj2MUh/1W2X7mvV2WmmaA+dm9/wBhJyM8YxX7LsWpgEP5rH3YR8Kpt+zHHQTkX0LgE/b517lnpjelX/8ASyfSXyngWJ7AY5ZX/CZv6w8z6DvAI/5ZoHj+B37Ry3LTq3Qofwj319K3UkaifdNZzi+Fwy6vhCx/ptfeKdj88sdj9IQNz5/dGB1U/A1EXFe1f5Tg7xYDChG5F1P6xWW492CvMS9qxI5BEYabfzEGtK+SrGuvzlkTATUeajXEOzF+0P3lm4gP9DfWKFXMIwMRTbJ2JUOcSs6D1+1DblqjuPGg9fsaG3rVayI7x/wQcp8bn1+tMuKDr8utSZRmadv70x36Up0sxJS2Jkarl1mK4bh25VwiuLSmxiEoUHUadzSsCSZrrgSZrltjrpVlQIssQ07dpW8POxP59KfbUsYjbc9PWp7rBBof7mlOBIxs3IL1xbYhdWO56VTALH6nf30wgk1M7wAAfWs7EkwLuca5IA6dOdE+D4W3BdySdkVY1I3ZiT4RyGjTrtANVuBcJuYq8lm0sux8gABqzEkgAAa17vwTs9hLNgg3bTKiwINkx3Yhybgt5i8gzvH1A5RjIuEgvZnmHCeztzE3QilEXclmVj0AySCefStrw/8AZFcb28SFXlltmT8WEfOtr2I4MtmyHNpEuXCXMKuYK3sqWAEwsCtFSm85ybXUNno0JnOEdhcLYgqHLj+Pvbiknn7LD4VobVoKIE+8k/MmaeK7NIOQvtjFEkztKuUpqw0qdmuzXK5FXZEkdNQlguvLn5E8/SpIrhWoWb0kjXMain5qptcKciVHIDUeajn6fDpT1cOMymQdiD+a+VKLmXUs5qiuWw3u6ffrUfex7Wnny/sakV6E5L0ZdRmUDr6yf10p+lca4KrM0mfENNgYB/vrS5dSa4gPP89aidyNtabaueZn/UT8DTL0nZj8vuDQGWBJVxM/n2pZ5qm6Hnr56A/ERUV26U/i08/1/wB6sS+N9QkXqvewyNuv1FCX7T2FMOxB/wBDkfECKTdrsICAb6AkwJldfeKaFf0Bl8GEWP7K4e7q3ej0uv8ASaCYj9muCLTnvjyDCPms0bx/a3CWh48RaHo6sfgDNDP/AKj8O/8AyP8A27n/AG09DnrVy6aec4y1oPX7Ght+Nh8aVKvSw8fyoKgm/b1PrUYskb0qVC0U7ETjCq4pUqWZMccAJM05En060qVA0h7k0gCBpG9ULrlj5V2lSRAMaGyyOZpgHM0qVKMr1mu7H8BxJK3LNq6XJBVktnwAc87gL7g2vOtrhOF4y7cWxev3rVtmljcIV3ysCDkzsiSymD4pCHrXaVYs+UixU1DQoT0nhXCBZGt27cPW5cJ/6VAUe4USWlSrHyJmcx00qVKrEGKlNKlViSKuB/I0qVXZuSKfKlmpUqoky4x1J6fnnVW+hBzIQG6EnK3kY2PLNGnmBFKlVGQSO1ic4O4K6MpiVJ5HkQeuoNNkqZ0y7RJI9x/gjp7J02pUqX6wpy8QeQPuGlVzhre/dp/6V/Su0qkKNu8RW2IJCj00+lAuM9pURSUxCqd49r/pyE/CuUq0Ycat3HKomLxP7SsWrmO6dZ0zW7iz6GV+Yq6n7S1e3lu2GDEalCse4ODSpV0v+XGR1D4iZ7F8fBJ7sMs9RZ+yUKv419yfcAgB9wSlSoxjVepcrf5hlJKIVLDKTmVgRz0Kae6pDx+6Yl10Eexb/wC2lSpnECCTU//Z','data:image/jpeg;base64,/9j/4AAQSkZJRgABAQAAAQABAAD/2wCEAAoHCBUVEhgSEhYZGBgSGBgYGhgYGBgSGBgZGBgZGhgYGhkcIS4lHB4rHxgYJjgmKy8xNTU1GiQ7QDszPy41NTEBDAwMEA8QHhISHzYrJSs0NDQ0NDQ0NDQ0NDQ0NDQ0NDQxNDQ0NDQ0NDQ0NDQ0NDQ0MTQ0NDQ0NDQ0NDQ0NDQ9NP/AABEIALQBGAMBIgACEQEDEQH/xAAcAAABBQEBAQAAAAAAAAAAAAAEAAIDBQYBBwj/xABCEAACAQIEAwYDBAgFAgcAAAABAgADEQQSITEFQVEGEyJhcYEykaFCUrHRI2JykrLB4fAHFDOCokPCFRY0U4PS8f/EABkBAAIDAQAAAAAAAAAAAAAAAAIDAAEEBf/EACsRAAICAQMDAwIHAQAAAAAAAAABAhEDEiExBDJBM1FxIkMTFCNhgZHwsf/aAAwDAQACEQMRAD8A8nAk9BZGohFEaymaMa3OYtdoLaG43YQS0NcCs3exsUdaK0sWNtFaOtFaSgTlorR1p20hA/h+Fv4jDXp6yswmJKHylwrhwCvOGmqJTboHanCaNHKNdzJcioCzH4dSentI6Ot69TwjL4VP2V3ufM2H0ipSvg3YsOh2+f8Agw8PVnLsN7abe5kj4W65R4R5b26eU7VxISnnfdtl567D85X0ar1myXsDq5GmnT05W94IbcVsluwnD8OS+YEsB1NwTCnyoLtp0HM+QHOLE11poLDyVf75Svw1UA97UOZvsr/PyErkpuMdkafs8cuIpMdLuFI/b8Gv701ParhtilQDQgofUeJfxf5TzNuKVL5lOXKQQB1GouZ733aV6allDI4VwDtqAwP1ltao0B+Ko5FJGM4eorUXouRmA0J57ZG9VOUHqLdDMpjeGulQVO7fK48Xgaykczp/dp7KlMKLKAAOQFh8hHZZcYNU7AnlUk0ls9/g8ExuLUXCa+cp6gJNzPf+K9nsNiQRVpKSftqMjj0ca/PSeUdreyb4NgwJek5sr2sQfuOBsfPY/SHyIMiyRjJC2WRMshAUrGkQhlkZEhRDaK0kIjSJCDLRWj7RSEC6K+CQ1FhVAeCQ1RF+Tc4/SvgFIijmiliKOK0Jw7C8FWSIegkokJNOwrHDaB2hNZiQL8pDDXAvK9UmxtopMaXhDRgQmXQoZaKTtQPIRLQa+0lEIopI6azgWQhwLzllwoWDVG+FAfwufp+MbgaII1EJxgtQbL1APu35WlS2Q7Eld+wBWrl0RL/GxZvUuQB7flLDGvmqJS+zozegubH5SqwSXqIP1h9NYVj2IqOeqgD0IAP84scpum2D43EF3J5DQektuHBUo5+t2PtcAfSUgWWbvbDIv3jb2BJ/KQqEt22B16pdizfLoOkdSpljZRcmcRCSABcnYSzR1orlWzOdzyHl/SWCle7CMJhEpjPUIv57D0HMz1rsXxAVsGjD7Ban+4fD/wASs8TqVGY3Y3P97T0D/CrH2erhydHAqKPNfC/0K/KXEk5Jqkjb8cTE5O8wj2dBrTKqyuOguLhumuu3nAeAYjEYmiKz1sl2ZciU00ym3iL5jc2vymilNgF7jFVKOyYkmtTPLPYCsnrfK9uhPSEKGPxGpScpUZK4G4p2SuvmaWY5/wDbY9AYfVp0sTQKmz06q8tiOo6EH3BE8lrBsxz/ABhjcncNfxH1veafsvxlkYtUPgZlWrfYFzZK/kc1kc88yNvcmk7NOXpnCOpOzBdouDvhcQ9BtQuqN99D8Leu4PmDKhlnrP8Aijw7PQTEAa0XyMf1H0HycKP9xnlbrLMrBWWRsISyyJkkKICI0iTZYwiQhHactHkTlpCB9D4IPUYR+ey2gzWg1uanluKSGsYo1opBVj1heHEEWG4aUzRhW47GDaCgQvGjaDAQ48GbqPUZZYKiClzHPTHIQjAJenO93yjaM4KqECOprmk7JJ6VHW8sso8WlnMhAhnEltUMGAgMhZ8MXwH1hNdUCkOQAwsbm1/TzkPCiMjA8rH5G9pBxXLmu1yQLBRsNTqx/l5Rc3wjXhpRcq3K4XR7qb2NwRz/AL6SxxDCsmYaOg1HUc7fjK5UN7WuSbADU3OgAA3M9D7N9gwyCpjM6MdQisqkD9awJB9/URbaRIt7rwYjhnDKuIqd3RQu3O2gUdWY6KPWX6dj8U790qrlpXVqhNkLE3YISAXttoLXBnp/CeE0sMnd0Eyre51LMxPNmOp6Q60ByZajR5rQ7EVEvmci+mZUDG3O1jZb+59IPieyKqv6NnduQJRFHmSRt6T1O0irYVH+Ia9dj85akH9PDR5C3ZjEgXyqfIOP52hPAadbC4unVqIyqHCsbXXK3hNyNBvf2noGMwWQFr3Ubk6W9Zn6+ILb7A6Ac/Mw4yL/AAoy4PSUa4uNiLwXiOCFVMpJVlIdHHxI6/C4/C3MEjnAezONz0QpPip+E+Y5GXMYZWqdHnfG+Fk1CamWjUc6s1xh6rffSpbwMdyj215w7hHA0pUqxxFWlevTZAA62UEXuWOl7hSLbWm1ZQRYi4O4OoPtA/8AwfDXv/l6N+vdp+UqkMeaTjpb2KjA2x/DO7ZhnqUyjE6lai6KzDrcK3vPH8fhHpVDTqoyOu6sLeVx94eY0M98w2Cp0yTTpoha1yiKl7bXsNd4zimE72k9MZMzKQpdFqKrEaEqwsZdiT57y6yw/wDDwRcyTiPDno1+7qpkcHUWABudGW2mU8raQ2ulhDirBkVT4NV1AvIxhV5iWLLeDVttIVIGytx9FVAtzgBEsuIHwqJXkQGEgyigyXg9RBDKP+mINUifJ0nFaF8ApE7OtFCM1DVhuHEDWG4eUx2DkfjuXpBQIXi+UGtGR4MvU+oy+wbqKYFxJ1yn7Q+czgjgxjLM5fKgvqRJXxCLbxCZzMesUlkCOIOGqErtBwJ0CPp0yxsBeCwkm9kF8LHiPpIatQOzOPgp6j9ZjopPX8hH4lxTQ01N3f4rch0ixKBaaKuxDOT1IW/5xMnbNcU1HT7Gt/w04NndsZUFxTOSnf75F3f2BAB/WPSelASq7M4HucHRp7EIGb9t/G//ACYy2iG7ZaVIU7OTshBRRRSEAeJP8K9dTra1vL8/lzGcxuEBBNPS24/+v5S8x6APm8RNvEdcoUkBR0399+sEfpeRNpj4PYB4JjO7qjo1gR+H8x7zeI4IBGxmBx2EN86An7wAY+pFvPfpL/g/EDlGa/6w53+8PXeaYvUhGeO+pGginFcEXGoMZiKyohdzZVFzIZ0rdIkiMosN2mpsxDju11OdmGUAfe2y/WVeJ4zVxRth2ajhh/1rZatbr3d/gT9e1zytJFqXAc8coOpKin/xIrq2LoUwRemjs3lnZcoP7hNvPzlHUUHaUvEnRqrtTFkLHLqSSBpmJOpJtck66wTvWH2jGrYRLkunSCtlG5Eq2rMftGRNeXZRPxJwxGUwAiSkRtoLLC6PwQapCqXwQapEPk6r9NfAOwiiaKEZXyNAhuHgiwzDCUx2BfUSYkbSC0LxK7ekHyxsVsZOpf6jGgRWjss7aEZxtorTtp2Qg+i+U3sD5EXlglXOMtM5T5re3y0laIRQZj4F0vuecXJWaMORrYhekFpu+YsS2QMef3iPqIfh6YdKZb4QGDemRgfwgvFbKqUxy1t9L/Uwnhr3o5D9rOnzBP5xTNMaUmv2PaatNjorlP2VUn/kCPpAcRRxCeJKxe2uV0S3vkVT8jJeEYvvMLSqj/qU0Y3NgCVGa58jf5St4j2jRXahTSpWqJ8Ypg01U2uAz3035XiknYJYYLiyOwpv4Kh2RjcP1NNtn9ND1Aljeee46tiXBDYLwHXKavesCNiDe4PmBHcJ7S1qbFCHqovxU3/9Qg55SfjA89fTeG4NE28HoMUB4dxWjXTPScNqARs6noynUGGs1hfpAKOOtxbr/d/WB4l6NBe8chQugvqbnko3ZzptcmwgnFOPJTJp07PVAuVzZUQfeqP9kajTfymTPEXqVO8RHxLi4zi9Kkl91pjYDzOp6mEothI1tGrVxGgBo0ttgajDodwnoLnzG0hfDd1U0LENYeJmfS+m50sT9ZV0O0j0BbEYWoind1c1QPPYAfOXyVqeIo95SfOu4Ox03UiwI9DCTcWTZ7BOExZQ2OqncdPMRvaesP8AK5gwyl1udtNd/fLAaFS4sdx9eh/voYq9NXUo4urCxB5x7ipREweiab8MwmMfvaqIDmTMoy20Zi3PqNppO0+O7rDsF0ap4FtpYEakei3+YkuE4LSpP3i5iRsXIIXqRYD5mYvtDxPv6pKnwJ4U8xzb3P0AkhHSqC6jKpytFM8jMkaMIhmSyMiNtHkTlpChhE5aPtFlkouyemPBBasMQeCCVhEeTr/bXwDkTkRilmNnUEMwwgiiG4cS2acHITWXb0kJSHU8OzkBRc25RlbDMpswIPnHRWxi6j1GB5I0rCSkjZZKM5BaK0kKxWlEGgQyniUVTZTfpuT7wYCdAlONhwyOL2Aq7O7F2B18jYDpLWnTyYZKg3Pj9xUZPwWDslxbrHY1iclFQWI1KqCTfcKAPcxco0Pxyu2z0zsBiBUwIpgkd27p5gFu8UjzAcW9JccZangsG9Wmi3UDKCMwLuQoZr76tmJ3NjrMd/hk7o9am2isQBr/ANRM2Yfu3/dnoGPwtPEUWw9XaoLA9GBBUi/2gQDbnaKjs2FK6R5PRwuLxKVcYHZu51ds+RtrsEVdgF1sLC219pouBUGxWHXEE3q4R8jHm9MgE6jdgrG3mo6x9bsfWUsqZwlSwdabqKb5drhmBA3OoNvOavs9wcYWgyG2aoxdrXIBKqoUEgE2C72G5jHwW0o8NP4IOG4VUqNmRc4Gj5RmsbXGa17HSWkbkF83MC3tHRDdhN2UGN4AKo7uwQVagzBAFCoGzE6faOUD1cn0x2IatjMWcNhCURCVRcxpqqJoXfL1t00uBPUkNiJkeMdmHWua1DOl3Lq9K5ZSxuysg13Jta4tvaNg7RXc6br5KTsfjHp4z/J4i5V2dCrG5R1Btla+xK2tsbibqlwdKNQ1KZyip8SW8JP3rDZvMbjcHQin7N9kslRa9YG9Mllzm7s5+29iQANSBckk3NrWOnxNZbXv4VBJPLTc+mkub2BqpUnZ5jxHtAaOOUX8CIEcft+IsPMDL9RzmxSoGAYEEEAgjUEHYieO4/EmpUeoftsW15XOg+WntLDAcbrrTFFKpVV2AC5rHkGIuB6Q4S8C5u22antbxiwOHpnU/wCoRyH3PU8/LTnMY0kduZ5yIxghuxpnJ0xsIGzhE5aOtFaQg20WWSBY4LKosQHhgdaGn4YFViPJ2Ptr4BzFOmdlmN8nUENwwgiCGYcayzTg5Np2PpguzEbACW/G+B98QyWBEqOydQDMOtpuKDXAtNsYrQjNmScmeV8R4c1J8jQB0npXaLgwqLnHxATz+vSsSDyi5RMslQAVnCsnZIwrBoAitOgR9opRDtMkaj85acE4ucNUNUIHLKRlNgbnYg8tfpeVgEeggyimMjNryehYDA0qFCi6VM7kmtmAuKrDx18otcEqXABPTTSatlDAggEEbHUEH8RPJcBxmrRACZGCPnVXXOqtaxYWIIuCdjN52P4oKuGVGIz0jkIF7Fd0I30y6andTMs4OO5pjNSLpMNbQPUt0zsbeV/i+snUWFrk+pLH5kxCKBbZdIGxlcoABuefSS0KgdFYfaAPSOdAwsReIA2sLA/MfKQLwOjHS+zMv7LEfTb6R8Uq6KogFA3u7u4GysVC+pCKM3+68E43UIp5QwTP8TNqFRfE7Ec9PD6uJYkzA9o+0P6arTRUdFXubtdtQc1QrYj7WVf/AI4UU5MptR3KTtBh1wuIdaZD08WgOuuUtZs1umpt6+UoWwy72t6EiH4mqzsXc5mbcn5W9LaWg9pqhGluZpz1MitOER5jTDoVYwictH2itLINAnQseFj1WXRBgWPCdJNTp3Nus0vCuD5SHcXFtocYOQUVZk3Sy6wCqJoeOoBUYKLCZ6tMso1Jo6/2l8A5E7OkRSGUegheHGsGQQzDjWWPwcmp7OUsxOu02uDqgC3SYfgFTKx9Jf4WuST0m/HG4IzZe5l3iKtwec874nTIqNcWuTNvQxHIyt4xw9GBc7wZREyVoxbJImSG1E1kLJFuIgGKzlpMUjcsGiDAI9RFljwsqiyx4DQV8QlNgD3gdBfYMyMFbysbH845+JPgsYtQAZaiU2aloPCyKXGgsGD57EbG423H4dW7uslQ7U3Rj6BgT9If26wP6Ra4zBSirqMvizuQLHyIPzvFTjY2EqPRuG49K9NatJsyOPQg81I5EdIXeeQdlcbXol6lFgUUoKiOSEYNcZrj4Sttxy6gWnp3C+LJWuoujp8dN9HXz/WXow0MySjRpW6sLVnJN1UAHTxFiR1Iyi3pczquSSuZLjcDUj1F5IYIvD0BBBNlNwL2t77yiybx5h8BXn8SEeY+IH00kpMUpuOcbFFHFNe8qIpYreyoAL3duWmy7n01E5ID9re0S4WnZSDWqA5F3y8s7eQ5dT72x3Z+if8AKVK4voazG9mZmWiVUZjyLVToeaekpKGbFYkms93qk+Jr2Lcl02FtAJqsTQahw4U7Wz1bXA0yg1CfPdFNyNmM0QjQicjLERjCEESJhNFGciIjbSQrFll0UR2nQseFjgkuihirHkgbzr6C8DJJlSlpDjGzScDrUL/pCAeV5rGqpkupBFp5eyEbgwijjnUBQ5yg7coUM9coatg/jL5nY+cz9Uay7xzBhcc5UVFiZ7ybOl9pA9oo/LFBoyWSIIZQEEWddyuxhMPHPTuy/wADXCnfUiWWGxTA2ve8xWc9Ydhq702V2vlPXnH48+mosRKWqTZs6GKN7GW6ZXGusy+Gqh/Eph2HxhUzY4qStA2c4zw8KcyDSUbpNp3iulhqSJmcXhGUm4iHEXKJWFIwpCnUDc/OdSgW0UE+kHSKbS5BMslw+HZ2yqLn8B1PQQt+G1CQAVF92uSQOdltqfe0tsNh0prlXQbkk6k9SeZlxxNvcRk6iMV9O7B6fDFVGG7EHXp6dIX2kzYnCIxpVV7tVcu6ZF1ChrXNzueVpKjevyImtXDiphRTO1SiE/eQD+cX1KUUqC6ScpN2eadknVXei+9QBlPIhb3H1v8AOaR8Irqpa6vTvkdCVdCNLq2/tsecxilkcNs9Nr+hG4/EGehIVqU1r0/hqAMRzVtnHs34zBLk7GKSa0sAXtPVwzCnjE7xDotZAFY+Tptm9CPeH/8AnXBWv3jX+73b5vTa1/eC43CrVptTcXDfMHkR5iVXCuBpTOxLLu7D+HkAfn5ytKLcHexdPxSviPhBoUj5/p3HmRpTHpdvMQDilMLh6oUWUUnsB1ZTc+Z8/OWAFpQdocda9JTq2reS/ZX33/8A2WkXKoxKjstw7Pi6Kk2OYk87BUZvnoJqeIYhnNGmaVRBTVmPeKFzeEILC+vxG/rK/sNSzYvN/wC2jt88q/8AcZp+0g8Sej+u6flNOHvRzepdY2YniPDst3T4eY+7/SVjJNaUPU+9v5SpxvDLktTsDzQ6KfNT9k/T0mueLzExYs67Zf2UpSLJDXwjgXZSAfQ/gZEEEVpfk0qSfDIQkeqSZUhVLCEi9oSiEV2MwrmmXXYTR9l+zyGmKlUXLDQHkJGiEUmX70vuD4VgEfMSMtrcrxHURaVmiC2JMZwmi6GnlANrC24nl3E8OaNZqepCneeuYnCBiGU5SDc25+Uz/arB0lR6hAzsLeczRdMNqzGIL04HVEsKafoxAqyx7W5sv9NAhnYiIpKMbe5JIsPZqiq2gJAMnAgb0yalup+Uki2tje4bshSLipmulgQvImH8YpJ/lXFRAuXRP5GCcK4iKKItRrqB8XT1nOO8WFUpTpWZb3Y8ouEZSmkR0kC4PChKa9bTpHOOxNYWgjVtLk2A1J6DrOxFUhLLKhihSU1HNlA1JkVWtWxOtjRpctB3zjrrog+vpIcLh+9y1Ko8I1poRoOjsObHkDsPOWOQchb08P4QNOp2+DBn6uvpj/YzDYRKYsigX3PxMfNmOp95PGajzH1/r/e86Kg6j5w0kjnttu2cJ8VhuB+O9/kJIia3Op6/l0jU5nqT9NP5SQGQqxwmxwP+lT/YT+ETGB/f0mx4a36Gn+wo+QAmPq+EdDoeX/B5r2pwvd4yoOTnOPR/Ef8AlmHtDuyXHVolqVU+Cobg7hG2JI+6Ra/Sw84d/iFhdaVYc8yH+JP++Ym8wtWdSLo9TxmEsM6aqddNbX5+YgQEyfBO01TDeFrvS5pfxKOZpk/wnQ+XPU4rtNhadMVaJV3qAlEU2I5HOPsAHfn0vA3WxojkVbnOMYpcNTzPY1H/ANNNwP138h05nTrbBVKhZizEksbknck7mPx2NerUNSo2Zm57ADkAOQHSQCFFUJnJyZtP8O6firP0VF+ZYn+ES57RHxoOin6n+km7L8NOHwyqws9Q538iQLL7AAet4P2g/wBRT+oP4m/OacHejF1fpsqDGut44xTonIogRTbU7XGnkdPpHFBz+uv4xXsSBqTr9Lan2McE5nX8B6CQt2DvQRtCikfrKLfhrBn4aV1oVHpn7ty9M/7GOnsRLKclOKfIccs4vZgOAxBLdzVGSoBcW1R15sh8uYOompwyZFAB0mYx+GzpocrocyP91ht7HYjmDD+GVhWp5s5Vl8LpfVHHxL5jmDzBEx9SmqT4OrgzfiR/cuKuJRd2+srMdVo1QVYFvYmNfAoNS3zMFfidOlooDHymVR9h9mfxFLLcWIF9L9JV11mi4hjhVX4bGZ+vGW3ya4zUo17ATiKOYRQqM8uSSmlzDUpqPWC02sJKKgIBgSdsFy8E1VSVK8jHcMTILRqPf3jkeHhnpkmU9wysdJFQTPUCNcqtnewJvr4FNuRIJ9Ftzjqji14Zw5MqXPxOcx8r/CPYWHredF7ujL1GTTHbllgjg7EGOBg5YHex9dZy9tiR9R9f5WhWcirCrxE9YMK1vi+Y29xyjnqaHzH4yWUokyNZRy0H4Rwud9un5/385CH5nf8AD0nQ8EOglTNbwpv0Keh+hImLFSarhFYdwn+7+Npl6rtRt6PufwScfwHf4d6f2iMyeTrqvz29CZ5KZ7EaonnfbDhvd1TVQeCsSf2XOrD31I9+kxHSRn804igXsN9TGlos0oskE0/YzhHe1O9ceCkR6M+6j0GhPt1mf4fhXrVFp09258lHNj5Cep8PopRprTp/Cgt5k82PmTcy0RssrzP9om8aWG6n00P9Zb98JR9oKgzp+y34iNw96M3Uemyup02YhRck7ADf+cMHCK97ZN/vMlvmNvrDOz2WzvzuF9Ba5+d/pLrvRHzzNSpGfF08ZRUpGdTglXPY5Rdb3zXGh22vfxdIsRwaqguAHH6pJPyI19ry/eqLqfO3zH5gR/eiAs8rGvpoNGMY2kZufL8f6TXVMNSYksiEtuSov895EMBQtbIvrqT+9e8b+YXsI/Jv3MplH96n5yqx691VXEAkI5VKtuQOiv7bHymr4rw1UU1KZNl1ZSb2HMgnXTof6TP1wrqUbUMCCPI6GG3HLGkBFSwzTf8AkQcSvmyh9BzvK82UjqZFhqhANNjdqZKE9QPhb3UqY2u/iWYzo3YYzysxfxesmerdrCD4w6AyIOMtLBSNYp0GKGHYQmPNj4Kfi1/0xp5DoIqvEWYWKUhrypqOj9Op+Qtte6iiASb/AD5ItkpjzFMKd+oiqcRJBGSmOVxTAI8wevnFFLKO09QoOzEA+YvtLPOYop0YnP6ruQ7OZ3OYooRjO5zGs5t7j8RFFKLQ8OZ0ubRRSMtAwxjeX1/Oarg1Y9yPVvxiimfNwbOm7v4D+8MGxiCpSam+quCD7C4PreKKZDceYtOCdighG17IUwKPeD4nNifIbD0miFQxRSwTnfGUfGq7d4NfsfzM7FG4e4Tn7R3BsQwfKDowN/a1vxMvu+MUUvL3A4ewZUrG3uv4iP74xRRY453xnO+MUUhDmckTHY05ajKNgzAegJtFFNGDlmbPwipxX+oDzZNfYi38Rg1XcRRRc+5jcXaiKmdTFX2iigjAeKKKEGf/2Q==',3,'public'),(4,'Hội Công Sở','2021-12-01','https://i.pinimg.com/originals/8f/d7/f8/8fd7f8da809cfe0f9acbef219a721e08.jpg','data:image/jpeg;base64,/9j/4AAQSkZJRgABAQAAAQABAAD/2wCEAAoHCBUVEhISERISEhIRERISERESEhIREhERGBgaGRgUGBgcIS4lHB4rHxgYJjgnKy8xNTU1GiQ7QDszPy40NTEBDAwMEA8QHhISHDQhISExNDQ0NDE0NDQ0NDExNDE0PTE0NDQ0NDE0NDExNDQ0NDQ0NDQ0NDE0MTQ0NDQxMTQ0NP/AABEIAPsAyQMBIgACEQEDEQH/xAAbAAABBQEBAAAAAAAAAAAAAAABAAIDBAYFB//EAD8QAAIBAgMFBgMFBwMEAwAAAAECAAMRBBIhBTFBUXEGEzJhgZEiobEHQlJiwRQjcoKy0fCSouEzQ1Njc8Lx/8QAGAEAAwEBAAAAAAAAAAAAAAAAAAECAwT/xAAgEQEBAQEAAgIDAQEAAAAAAAAAAQIRITEDEiJBYRNR/9oADAMBAAIRAxEAPwDZiGIQyiKOWCOWAOgMdAYjASxRGgleWaG4Rwr7OyxWjrQGMIK0jEkrSBnsLk2A1JOgA5woKpAJm9qdqFUlaSd5b77EhL+Q3tOSnbd82Q0FdiDYo2UL5kNe49pFs60nx651vAY9Zg07YVA12p02W+oDMrehNx7zV7L2mldM6Hdo6No6HkR+u6AubPa++6RLJW3SNYJOEp44fu3/AITLsq44fu36GF9BljujHElZdI1hOdohI1jSslK6xuXfAkRGkbaPKwWjDciOgEM6WRRywCEQB8RiiMRmGW6G4SoZbobhKhVJGmOjTAK+IO6YrtVtj4jQQ/Cp+P8AO34eg4+fSaTtFtEUaRf75+GmObHj6b/SeVYjE652NySbAnVj+ImTrX6dHw47+VXHuR5ndw//AATn4tANQy5xwzC46COy1ahFKlfvHF2b8CncPKaDZ32doVDVajlzqTfjM+ttXjMUah0K3Ia/wHWxG8CX8BtJqFRatM+HRkO5k4qfL6ETq7X7Fmmmai1ypzC++Zp6ml2HxA5XHmOcfSk8fx7Hg8WlWklRDdHUMOY5g+Y3SZZi/s7xd0r0SfAy1FHk1728tB7zZrHHNvP11xIJWxfgfoZZEr4ofA3Qx30llyI1hJWWMInO1RsIwjfJGEaRAkJEbaSMILQJthHQQidTIYRBCIwfAYRAZJmGW6HhEqmWaHhEcJIY1zHGVMdiAlN3O5EZj0AvGJOvOu3+1r1xRB0pixseJ1c+1hMetS4ao24buXko+Xy847Eua1eo7n4cxzHmSbkDzN52+z+x/wBqroGBFGn8TC1s1uHr/eY6rvxOZ/kdnsXQSjT77EZlqVTmBZSAqHw6zcUcUjC6MGHMG84G1sJiVBOHdG1UKjKqrk1vmYg3O7dbjLeysG41ZQrahsoIViPvAHgYp2I1O+XTxBBUg8Z5P2rwvd4kkD4KoI/mG4za7e2oEYU+87ssbLoWZjyCga75h+0tdnyE1BUXMdcpRlI0IIhTzOLHYjF5MXT1+GqjUz6/EvzAnqiTw7BYrI1OoL3p1Kbm2+wsT9J7bhqgZVYahgCOhlRl808yrIkGI8LdDJhIq25uhl30xZp5GZK8aZzNUTCMIkpjLQJGRG2kjRkCbWGCGdUZFCIIRGEggMSxGSZjSzQ3SuZMrhUzMbAXuY4VSsZmO2uKyYcqDY1CF/lBBP6TQpiFdcym49rTzzt/j7kKDopA6G+v1WF9L+Od0wNTF5HDBc4QlypNgTx+s9O7B10fDCsoy56j6H7tja155bSTN3nmrW/z0mw+zPH2p1cO25Wzp0YAMPcX9ZnZ+3RdXvP1Xpv7QvEyam4tfdpcXtOE+JNM5+7aoh0OSxKnnbl0nOxeKpm9QtVoK2jEEZLb73vZYun9O+XarYFKguwBIa4OVSQRu3iefdv8KlIU1QAM7MSbak23zZpj1A/dv3gtvBvf1nmHbbbPf4oKpBWiChI4ufFr5bveKTouvrHJRrh/4R8jPXOw+N73BUSTdqYNJuqaD5WnkFLf1BB+c2P2abSyVqmGY6VFzoP/AGLow6ldf5DKntnvzl6mpjKm49DHU4H3HpLrFnKkjaSuBy4yIiczUxowyRowwJGYI68V4E2IhgEM62RQwQxGesRiWIxA0xz0g9MqePHkQYDOdtLFYhStLD4epUqOMxfKUpot7XLtZfneODnaq7SxbYdWCDOu9mIsA/LTyF55Zt/aLVGN+C2Xz+K5Y+ZJv7TebZ2HtJ0sRSK7siVCABx3i587b5lE7IYhnOddWvdrHKLA8CAd5iudWts3OYzWEfLU8ibe50mn7PbPam/eLoKgDoeRBII+nvO3sfsbkKtVs5AUe3G06tbZppUyALolQvTPJHPxKeja9ItYsz087lvHVwdRalMgnKbWPMHnKGK2Za7VXpsg1LFBmt1O6c12ZTdSVPMSri6jvlpsxbvHVLHdYnXTpeZd62lue8vHF7XdoGp/uaC5A637waHLu+Ec/OYQD5T0P7RdkWp0qyjwXRuhsR8xMGKe/oDNrn6+HLbdeRovebHsbsR6lWjiEASnRclqhbxsGuVA6G3KZBMOx0QEsdQBvNhc25z0T7OdpgJ+yuQCc1Sl56/Gnyv6nlJ/a/P1eh04qm49IqcLbjKZM2439ZGRJqi7+pkRE5msMaMtJCIwwBhghMF4JbEQiAQidbIoooogesJjVj1W8XDTYWjc3O5fmZ0CRaUzVAGgt5afWQtiDe44TSZTamfWc/aGBDgBWAYHMFOYZvMMCCDv3SzSrg7z6SRgrC2+VPBM6XqJo7snLvU7xD0dLH3Ee+KLIwqoppsCpq0mzoAdDmHiWd34l4d4vI+IdDx9feU3wtNyWp3p1BvKDKy/xruI+sfs/TN0cLc5W8Q471YcGU8QYyrhQlSk+XMQzZUG93KkKPcidhaJQsjKARqAL5bHinl5cNRyletSL1KaCw8QzDeFIsTfnbTyJnLM81z+uq77nv8AHH2nsk4lHBC1ahBDVqhYUabfhpKN9uc8ybCsjVKbCz0yyn0nueJYWNOjYBDkdgNxsDlX0I1nmHavA91iy+uWoCTc3JJ4679QJv8AJnx1j8XvjOYdypR00ZTnX+JSP7TtCmaVRag+A5lrUXA0Vm1K/wAJ/wCJymTKbjgcy9OInoVDBLXwNBgBdUCi+7KDlsfYTGTrfsntqdl4wVaauLAkDMo1ytylx+Mx+HwGIohThWVltfuagu6A/dVrjMvKd/ZT1mVmrqFOgVQLdTHKx1OeY51XeepkTCTVN56n6yMic9WjIjTJGEZGEbRse0ZBLYCEQRTpZHRRQXgDlkymw8zIqJFxfdeOxOm6VmdFR1KkhV9eR9xGueI1EharbU6W85slZyA+UlQMN2vrK2GxTWBFmHIiX0rofFTZfMC4ioFKwOjHKfaR4nDnxocri5DD6HmJcQo2gKt5HfHdwB4TpyOoi6HKp4gVlIK5a1O+nA87eR5fW0rYdPjZhvCWHUmLbuFdAatC2cWJFs2YDh15e0zKbfqgFgUud4yCwOv9zJ1mfaWKzrmbGpwVGy1P/k/+qiZztxscvS7xR8VPXQXOXjNLsZmNENUIzvao1hbxEm1vIED0lnEnNoBfQ6c5Wp2cLOuXrwlG0ykajh9ZuOw2KvQekTcU6hI01VG1F/K9/wDN3D7YbDbDOKg0R2bLbTKd+X626GN7DbQK4vuz/wB2my25svxKfkw9ZhPx1yunVms+HqmHAKruNhod8lYSPDjQSRo9MWeq726mRmSVvE3U/WRtOWtYieAxzQEQgRkQZY4wRpa4QiARTqZjATEZDVewk28PM7Sq1bSk+1MhswLLzHiH9xIsRWnKxNSZzdl7G/0lnK7iYxH1R1PMA6+o3iUccrsAQbJnVWbXjfdy3CLYuzRcVXHmin+s/p7zt4lM1Nh5XHUaidON2zzHNrMl5Kg2dQVQLFksBqrMLenGdyjp98t1swPrv+c4OErWAnQSvNLEujUoqdbC/MSAsRpeRjESKs+aTIFisjMmhvpqDPPNuU1TEMugDZS4sSQTqba8rH1mwamgBJyj3zegGswG2XJrVCSdHIF99hp+kd8QPQcNUXLcMDmFxbkd0sU34zN9kscWptTLN+7sVtlPwtfTXkQfedx6mm/5Wj9iM79oGGFTC1G407VF8rf8EzyrZtVlq0nUkMlSmQRvHxAH5Ez1ztFUH7NXv/4qn0M8fwKk1KYG9npgdSwsPeYfNPLf4r4e9YIfu0/hF+tpM0joLYAcgB7SQyZ6Q4GIPxN1MhYyfE+Nuplcmc99tIYYDCYDFAaY2OMbGTWiGNjp0szWMoYirvl6otwRzE4OLqFGKsNefMc5nvrX4+I8S++HZOA7xjUf/pqbKv42HPy+sjUhpcwVTu72N1JuVP1EzzzvlrqWzw7YEdIqdQMLqbg/5aPvOnPpyWeXLqrkcgbr3HQyRK8lxiXAPL6Sg6kbvab5vYVdBa8ca047VyN9xCuK8/8APaMl2tiLA2mJ2mP3rkne1/fX9ZqarswsADf8rfoJlsdfvKgYWZWsQOGgt8rH1i16H7XuzVXLWtfRkZfXQ/pNQ9bzmL2VcVUtzI8tVMu7Wx5RCS1raX8+Q85PeTpydvEHbTalqLUk1apox5Ly6zOdi9mmrjKZt8FAd454Cx+AerD5GWEwz4l1VBmZjz0HMk8AOc9C7P7FTDU8iasxzVH4s3LyUbgJz619r102TOeft2E3RzQLE0GLg4rxt1lcmT4o/G3WVyZhfbSATGtCxjIjIxsJgjJrBHCNEM6WRxlXG4Vai5W0I8LDeplmCFEZDEU3puUbQjceDDmIlxB4zS4zCLUXK/8AKw3qfKZnG4R6R+MXTg48J68jMdZ43xvvtaw20ChuNQd6njO9hsWrrdT1HEdZjS4kYxxpHOrZcoJJ4WG+8edXI1ma8tjisdTUojvTRqhyojOqs7clB3yPLwN7cxwnje3Nrtiaz13UBmASmL5QlNd2/wA7n1nY2T22xFBAlVFxKgABnZlcAc3AOb1F/MzpzvntzXL0l8JrdmJuNNeHpAtAC1gvrpfoZisP9pIF+8whtwCVVf8AqUSap9ouH+7QxF+R7rKf90r7T/pcrXVqrL/2yehFpkdpsDVqMFC5mBYA65rC5PLTLORjftBdgRSw6U78XqFx/pAH1lfZW2KlcutTJ8PxjIuU3awN9ddAsV3L4H1rr0cQKbLUc2VDmY6+EDXdJtoYVsbhkr4dWFNXGj+JjcgkAcja/rKGJTNTdfxIy+4Inb+y3FA4arSJ+KnVzhb7kdRYgfxK/wDhme/XF4vL0ewdIolTvEK1FYI4KnMnH/Sd993w+22WNagpcVLAOBlzDQld+U8xfWOtM+cXrX2vUggaAGExpcDFeNusrGT4vxt1kBmF9tZ6AmNJhMbeIBBCYIBrRDBDOpiUEMEAUDqCCCAQd4OoMV4YUODtHYSm7Ujkb8B8B6cpgO1LOhFBlKs4zOeGS/A8bkfIz1iqZ5V2yx/e4p7AZaI7pTxOUksT/MSPSL6z2qavpnyunI8uEhZfL2/tJXIjDceY+cokTJ5CRMg5SwSJG0CQZJ1uzulUj8VM+4IP95ziJc2S+WvTN97Zf9QI+pEJ7F9NWUtOP2Z2j+y4xWJtTLtSqD/1lrX9CAfSdhjMrjxarUH5yffX9Y9Jj3dDEZwexO0DWwdMsbvTvSfW5unhJ88uWd4zOrOERgETQDgYzxt1lcmWcVSY1GsL6xJgHPC0xs8tZ6VCYNZ1U2YPvGWqeEQblhM0rqOElBm3Ax/7C/KaBaflHd3K/wA0/ZKVgjlfnDYHdN7GfTIoSsaYjAwXiaC0KI523sX3WHq1BvVCF/ib4V+ZE8dqm5vc358Z6V29rZcKq/8AkqqD0ALfUCeaVDH+hELMeIB+RkTMPzr0tHsw6dYPYwMzvPzX/iT+0Y9Q/iHopkpXyjWHlAIb8yx+UlotlZWCgZWB11OhvEI4GINkRfdumc2rbvqlvy/0iHZ+02T4T8acuK9D+kq4mrmqO34mYgcbX0+Uq3qZGy+zXH5a1WgTpVTvFHAVE3+pU/7Z6QTPFuzOIKYzDPu/fIlvJ/gP9U9nYyKZ4MRjVMcsRmhIQklAEReOZLpoSOyiNLQR8Lp2aLPGRR8LpCEGNhlElV+cRTlIoQ1ouH0mEa0T1OcZ3w4yeGxf2i1RkoU+Jao/lYAD9Z567HyPX+89C+0Zr08OU4PUGo5qNPlPPHbmvzjOImfmp9CDGFk8x1ElZhGMy8QfYwM268H97wXH4h7GIsnn84268A59IgOZfM+lou85L7mEJyQ/zG0cAear0F4ABmPO3sJIqW/4gHUn/PKEL5RhYwT5KlN92SpTb2YH9J7rxniGxMOHxWHS3ir076fdDAt8gZ7eCNbRcK05SI7MJEI6HE9OgiglGMUF4rwBRRRQSUQgEMYGKC8MAicSErJ30kVolM525wufBs430nSp/Kbof6r+k8xZp7ZjsMKlKpTI0qU3T/UCJ4k6sCVy5CpKsCLsGGhHvCjIE8rn5RhI4kdNWMfkv4jfrujiAOUSkOf8KX8yIrOeQlqlhHfwU6jeaoxHva0lbZdUammw62itkOZt9Rz8nNiekIXkvvrOhs/Zr1fCMovvM1uy+xKNY1ajn8q2WT9oqfHphMh4n20iyz1mn2PwYFu5LebVKhP1lLH9i8MQe7z024EOzj2a8PtB/nWV7J7LqHEYauE/dCq2ZwRcFVbhe9r2+c9UQTi7FwgorTpA3FNCC1rZjxNupnbQys3sRqcvEghgEMaREUQijSUV4rwGAC8V4oIgIMMYDHAyh06KC8IgOg0jkjSMwAgTCdpuyTPXarTqKq1TmZWBGV/vWtvvv9TN4kjxlHOhHEar1Em+lZ53yweA7EJoatVm/LTAQe5uZpcBsLDUrd3RTMPvsM7/AOprx1B5bRphdWuqZkPZROXtDCgg6TqyviF0k1eWb2FhQOG53H+4zWYcWE4WzEs1QcqjfPX9Z36MUPSwJWrmWLyniW0lVMV8L42PIAe5/wCJ0EMoYHcx5t8h/hl5Zvifi5d3uqmEMaDFeUk+8V40GK8EiYLwEwXgBJgvBeK8ASmOvI1jxKI4Q3jYYAWMjJjmkcRxIp1kkiTfJREHExqZKh5N8Q/WSUXku2PCh/N+hlKhMNzldfx3uXRUyOruiSKpu95DSOXghapUH5wf9oncpCcTDf8AWfon6zt0t0IdSsZz8W+kuvObjtxjSmwosi+Yv76/rLSmV04SdZ0z047fKS8V42IQCQGC8AijSV4rwQQAkxXjDBAP/9k=',1,'private'),(5,'Girl Asian','2021-12-02','data:image/jpeg;base64,/9j/4AAQSkZJRgABAQAAAQABAAD/2wCEAAoHCBYWFRgVFhYZGBgaGBgaHBocHBofGhocGhgaGhweHBweIy4lHB4rIRoYJjgmKy8xNTU1GiQ7QDs0Py40NTEBDAwMEA8QHxISHzcsJCs0NDQ0PTQ0NjQ3Ojc0NDQ0NDU2NzY0NDQ0NDQ0NDQ0NDY0NDQ0NDQ0NDQ0NDQ0NDQ0NP/AABEIAKgBLAMBIgACEQEDEQH/xAAcAAACAwEBAQEAAAAAAAAAAAADBAACBQEGBwj/xABFEAABAwIDBQUGAwYEBAcBAAABAAIRAyEEEjEFIkFRYQYTcYGRMlKhscHwQtHhFCMzYpLxQ2NysxUWU6JzdIKytNLiJP/EABoBAAMBAQEBAAAAAAAAAAAAAAECAwAEBQb/xAArEQACAgICAgEEAQQDAQAAAAAAAQIRAyESMQRBYRMiUXGhBYGRsTLB0RT/2gAMAwEAAhEDEQA/AA1HHhp8UWpSIieI+PFEYySPH+6PiWSW+JXvSqSo8bx80sE+XozXMIKuyre6K8FphUyjzUPpOPR9BD+qYM/emtK9AsSJFhdKUqJJg/2WmqFt1RP4OeXiwlJyUrt9fsUdhSOJ8lV7HdY8U9dUyoxetks3jxTqIvh2OBk+i730yNEyx0WXXsBQ5bBLwVKFxe12gLRLSNUpWYBeYKfw9ENnrz4ITsOJk31Ri9tBz4XHDGUu+hEVnSJJTVJ8OCE+jJkCLi3mmqLLyQizgrQ1U0KUDJOk9Pu6dIXabMozRJ4BOnRxzWxalhCdbffJWLmscQGzB4npy9fVH3zx+/BVyNF+PXmjf5J/ovQrvdP5cTp4oT2hpPM2I53FoBgC03PBTI90awOZgDrKZp0WNs4tJHz8eKDpFEnLv+RFz2TJYfXVWbh3PdOXKPQRAiPKE/UexgkAT93S0F5uTwteL9FlIDiounsK9jGDSZ4eSVOKv7DDyBCdbgxG8T8AB6eSTrMbJg24BBNDyjLVKjrMUZnIyf8ASfzRxjifwgDnKTDiNLa/HVWa0utb4D4rfaxpLJGNlH1Dwm/Em/6I2YNEkyfFCDIvy/Pgo1kprRz8ZSGHVZsGkzyQmVjEWA6K7MK59wDHOFV2FdJAaTC1o3030loHVqEzB0H1i3qguBdzJi/l8hEJ/wDZG3zPaOmpHkFSpTZNs0dfsLKSNwkgLGW0S1alN/v+6aFQAWVHvzcNEjZ2QTS2K0qUTHirvw5MFMMaNYXZPJJKVHp+L4qmuUk96X/oqKcFFyqzmHkqqbnfR6OHw1hvm0DfijwTGFxk2cb8PlZLPpGUINvFyeQ1JVz56eNx0zYqC3Mc/wA0MXRsNScBLrHl+aq+kJ5IpnLOMb2ULRwVSxccSFwVjxC1p6ZWOLLBqcN+ywpmJ8Pjp8lx7jaUw1zY4FM0jTP4T4G4SOkdePPlbuT13+jNnjCs0JmrhhJIsOAQDSI6pXH8HoYvPxckpd+9aIWoEpnKeRQHtgwVopop5U8OelCSsVewl0jmiMqEGCLdEUs4BcyhPZwy8ZXxUlYRtUHQlGFQnQ/mlQAiNaYlGzjy4FF1Y53mnPmVV7ADLrnl+aFTJ0V3sEBFHLKNEquzcP7KjWjRcc08L9F1ruYIRsSm99jOHoyR99E+3BOFyND6+az6VWCDqFsvxoIEcRxH0UpuSejt8eOOSfL0Z9dud2UjlDRHzS/7EQN4OBPCOH1TAouLs8iOen35J1mGcZcd4xqZgfUocuJVYXO2ZT8EQJsZ08Em6mQeUHitphPOL/firVCzlmPM6en6oqTJyxKtP/Jh93xRaFNzS18dRKYe4sccu70AEHySlfNc5pTEb3xvY0/FubxaOgAv84Sz6xdq4kdSSs7Evdm14fDRSg4kQNVroZYnLTbYy940Fz9EOpX4Kd2RreVQUrocrOheLKDpqmEZRnUx8fVdNKNHFWEARquOMrWdC8VRX3Pf4X/Z1hDbarneHgFwBdHgl4r2dayT4KMXVfg68niRKAaiMq92Eyr0cc1lf/KX8lmPkXEIFdsOBEyLlMObCuW2WUkVzYJuLTe13ZKONJ19EyyoHiRwMeaxqjyDA1+iYwMtBm5cZTdHmTgpIeeyVTKnKWHcRaD539E3h8CDY6pJNHT4s8sWora/gxG0wLrmdwKfxeBe1x+iTewjULI6cv0prilTRanWJ9qAjTx+KWYwzoiMa7n5WTWedPFFOkGZWTjAwiSMxHHl5LJc0pjDvjW3ig9mS+nuIU0rzZL1KE30TOcc1CExBSnGVpiXdEK/dO4SrmrBgooeOY9UDrfkSqpRT+RaTwKvTrkWdomgDCgYDYi6HQJ5YTpca/XsA0g6FS6K2iBcBdDQms5HHejtGnm1HomnUnjRpjnZFwLg3UcfVaT6wjdE/AKEptM9LB4ylC29mXhWmczh8R+adq4slhhhAuPvLNlbD4YAgugiNFeoybAgA6XP0SOSbLRhKEaRlsOa27639IQ8aws4gdT+ScfydBHXifNZ2KczkB0FlSO2c+Sq32KVSSbkehS7zCu+JkSEu+m51zYeKqQhjk5aVlH3uSIGiJh2zMaTKhYDcnpHD9VcaQBbolk70j0cGBQfPJVLdX2XL2oJVsvREZh3TdaMaKeR5kJK3V/BRlIld7tOloFpt5fRVdWZoSJH6JjypeRklpdfANtLmFZzBHguMxQ8NPr5qOrNIIB/JGyFTu3YFzATaArhgFpVQwnRVlAs7fstlMqrp4rQAabx56LOxOKaSAwWJiTwvwQSX4Oj/wCnNJtSdp+ippg2MxyRKRAMBCMqTF+K1lJ+O6+f2aALhdp/NN0saQLn1WYzFWuJUfVnQR4oNJ9kYxyQl9v+zXOLDhf7vqi03sILXLBnn6DRTORYEpOK6O6OHJXK1ftPsfqtY0kNcIFzfRVDZWbUZIhTA1ywwQb+GqdPRxZvGlGVy9/g034dcOFHFT9smBxnon8PDxKDbXZo409JmeaY6LpYNCma1DLN9LpfOMubginZGUJRewL6HL4oJpEGND6hMMxTTxRmgahYKb9oHTeYXO+E6rr8MCqMoEawUwtIKNJVsqvQpTZN4fCybXhLKSQ2LBKW10VpMJExb6rSpjcAIuo2Q0gt48h80xSLXNvaPkuaUrPVhHhq9ibXjx6H9UpicU3NlzcNAmMSczgGCR0sPXj5IzMAWjVrOjfjvH8kU4rYXCUtWkedxD8x3c09Z+wlntPEytzHUWZhqbX3jc9SbrOexmgb8ZV4uziyRjH5/Ygwk2AVHBxWkKR4JnDYS+YgHyujaQv1JvVaMdmHtMSEWnRMHl0WrUhpIjXohOIaYsOQW5Ep8+mxSlh+M+iYLCNQiYN+9lMATHgUTG1GtOWx59EOW6C8CceViuREbhQRJAg+CVrYg3EAD5ruGxHCfKLBF2LDGr2WOGb7oS1WmB7I+wm6uKaJA4JGpWzcEUwxxvlSIXkCQZ4Jd5vqiNaXWVXtgxJ9EHb6O6EcWNtS2XzPc0C0cwb+YlVGGaDcnxT1bFUGuIEARrrJabzrZTE1GFmcODhlndg+QA4zaOaRZfg6Z/06NuVgKbCRHgfNWcwcfvqnMNg3jK60wJEzBOrfmm6+Dab5TOh10+cIOcbIJZUmmujCY0sdIP8AZE73mAfgfJdfQIJMECSOJ06qr2QJghUsgsae09/j2Hz0ok/WVR7Gah0DlefTVK5JtEq/cuGrT6FYbjJS+1/5C5QTEyeqlTCOI0+KXy34pnvHluUAmNTclahsmXIotOnevkUFC8Gx5SJV2Pc2RPnf4hDfgna3B6gphtEwAWnxglE5eUaqt/BG1Z9ok+krri1wgOdPIwB+i42kOJI5bpXXMGmYH1+oQGUU1pgGUo/NaVPEAAA8kr3H8w8lx9AjmekItoovHcla6HnPgqZidEjRpOcYBPlKaODfcBxIHFC0SeKuxijVI0WlhMVaAsltN3ET4ApzDYQzcxI+9UkkmtnRhfHpGscQZEkeVz6m3wSziBJGoPG58pRqFBos+IA1lUxFNoBhwj11UVVnVJtr8FGYq8kotWq99m6R4JM1GDWJ4So3HC8EhPx9pEFOlTZyphXHX0/VC7oNG8D48lV2Ode89fNArYp55Ry4p0pEZyi+lsapvY3V0jwTmGrMdOXgvOVmOcZgx8F1jHtuJB8VnGymKLX4Q1tOo64Frx6FZr8xuZ8+iYex51BQXsPEJ1oT6Tk220Q1nEzN+lvkqBx1RXYZ2XNwUo4YuItrxOllrQI443TZzvZ1g/NOYatAAaI6zqozARqQR6JmmxgiOHJBtCyioqo7b9v1+hSvSc8mWpZlKNRdbJcEsS2bx6Ipk2pK1fYJlDQ+qJ3YXC++vghPqX1WsXgI18CKlNxaGuqB7RBcNyH5Qba24xFukLG2jsWsd2qCQ1xLgxxhxzEtJGsXGnjZeyw2IbVYzcynI6IjWBmiOEgC4iR4Lz+ErPL3UXuhxqOLoJLQ1rWEvnkczTHUjgY51JrTPpeEZN8uzU2QWUqeZ4eXNgb0vmAIgunLF58k0zaTQIYxobMujMI6m0fS+qpRxdPPkY/fsYBGhMFxm3E/BFfhW5y+cxNiDly9CI4a26BI6vZRwjeiGs9zQ4ZAwmZAJcTMaz9Co5maxym/L9UOm3Icjd5sGRqBciAJMa81xlO06TrwJ8laHR43ltc6iuv7F3YedT6ABddTZoQfImypdo1tw6eKqJPEp9nHSu62cr4MH2XOB6klGw9SWC+ktPi0lp+IN10YUVBkc5zQ4gEtcQQ0kB1+Fp0QcN2do4UxTJhwlzS4lvssIsbAy51+kKTypSUWdccDlFzsM57UMPB4KzwIMAeiWzmZCsjldJjIYeX35LppoTcQRrCMx4KDGTXpA30p1XQMsRfkrsvMGBPih1aPVazb77CDFDiBPh9VYYy+noAgMoTqUX9n5OCz4jJy9BjiuMH1VXYyLkfG6GMG73hHSVWrgHzM+ZhL9oW8ndFquNLtPigvxB1lWZhXc2+qBUwLveHqnXFCSlJ7ZU126C/VFa5tks3DOB0HQrraTpuUSTscLAqPqCI5KpadJKqMITxWNT9HP2kDQrue8qzcAeMIj8HLTBixiLHTgg5JDQhNugdGrmc4AndMHxyh3nYhGMnWCu4Xsth8ORUpF2Z0yS8kOE1LuB19lt+qMaY4HifgVLHlU1Z05PGlj92cgZdPJVbU6Kz+S4H9E5J3YKu4+A5IDakaJpxlRxiLAopgpdi5c4jT1/VDLHJrvhyhTMimB3VJ0J9w48F39mPMpvOVM3gjbJ/Tftngdl457KuUONNxdlEXLTVe0G34gDEHS/Qr2eD7Psa6c8d4N4OdvVHXLpPtO1IImLWHFYu3tjUSxj6OQPYXPOpD2thwa8TAkgfel+z+1H1nPeRAAMTJMkl+UCbAS7XXyC522+j6JWpVL+w1i8KKAeWC0NgCC0AWytLriQTb5IuxMW95LRlAmGtAykzqSYM6nTjGi08AxtfDkuYBma4CJkbxym4BEtgxwzIJr0GNZkfB0zAWMg2JsNOfTolu01Wytr1o0cK8wWFg9o3kAug2BgbvLjoq46lG9YDla3prx9VTZ1R7g4v3GucS2Zz5RAGYgyXGCYtAIHCUy8si3AGIHoP1SxbTtHLnhCcXy0INYeSsWdEYE9VYO6Lo5M8xYYr2L5LROoIPnyhI7NqPexz3ukipUZpwZUexunGAtiARyWR2caTSfNv/AOjEf77vrKTXJMrUlHiuhluHdxBjoR+ajKY5pp4cgPYU6dkXBL0UfTEclQ0zwKsQQqtdBTE3VnWkgKspqlexA8UV9McQhyKLE2rTFGHmitCKKQXHMCFhWNrs60q/elByLqA6tFy2VU0+qgH8w9VP/UEQOKfop+zBdZRE6K4nn8/yVoPVC2ZQX4IWBXEcghwVYNKwyXwdMclBCmRdDUBuLM/ZlRxfXaXEtpvDGi1mmnTffmZcfuU1RM5tLOcPikNkT32Lkf47f9il9I9Uxg2NGfLA33TAAv1jU9UI9GlJurGihloVwxdNNNYjjYHJ1VX2CKWO6Kha7ojYjj8AgRxCge0aBA2ji2UGOq1JyNiYE+0QBbxIWGe2mD5v/pP5rckLxZ6EuJXJPJed/wCdcJ/mf0/qr/8APeF/n/o//S3NGUH7PJ4raeWnka6czw4t13csEdAYFuqdw1dwplrRlp7rXtHtPdExMWb0M+KysLgziKje7a4ucDLYAaHSbMvZoblu7kZXuG9najg3dYXsDGv7x2fOWtiYcydMosY3bGwKEZK7Z6cJSe2L4cCrTOR2YudvYd7gGkNgbliGmJkcZB1CbwFQPhjWZGayd4NGmU5QJObLaL+SmE7Mhp/eNa0uk7rdxpJEAaZYtwHidU/hthjPkf4ggkg3kaQPszKzcS6Xv2PbOY0SS8uBvGQsAMkcddDxTgaDoqs2S5oDQ92UcN2CJ4yCeKaZhSDYABTv5JTV7oBlWBtPbj6dRzAwECLkm8gHgn+1bXtpNLHOac4ktJFsruXkvI0jmfvuLiReSSbdSujFFSXJnj+bneN8I6f5Pa0KuYA9Gk9JaD9Uj2fP7t//AI+I/wB96Y7MYZvdm8b5tPRv5pns3hP3T/8AzGJ/+Q9QnJKVHbhhKcFJ+whd1Qai13YTohuw3RZSRR4GzILZ/suspEHRNYx7GQXnLNhYn5BAw+OpPeGNfJOm64TqeI6J03VpEJY4xlTav9kaL/cohjhKcdSB4KMpQk5F1haFACOZ8l0HmD6FOd2p3fRDkH6QsKYXQ0I5p9Fzu+i1jcECURCxc7srWbgykLsK4plTulrNxBFp6LpaiCms/auLdT9mJyk3ny+qK26QmRxgnKXQ2WHn8FQU3e98FfCuzC5BI5eH90WpYEoWZKMo8vRibKY7vcVvf47OH+RRTGCwhBqX1qOPwakNkYk9/iGkgh1cX4n9xSAiPJObExZqOqAtAh5I04gT4+KMeVWRi4ykkvkdFA8/grhh5/BH7vos7HbVw9Iua+rTa9oBLC5gdcSLE8jKFl3jjFWxlzDzSu0sQKNN1V0lrRLo1iRJA6fRKYTtHhXzmq0WRES9t/WE9SxmHrNe2nUp1CGmQ1zHQCCLgcEW60KlGa0CxGHZWpFjrsqMjrDhY9DeV8S2lgnUar6T/aY4g9eRHQiD5r7tgKANGnYfw2f+wJXBYBjalYNY0ZnMcbWksAnkPZGn1SvYJYz4TlPJSF+ghhm+43+kK/7K33Gf0hbiBYmwuyuz9HDgCmwAwRmN3EEyZPUgGAtEYW8xc/RZ+I7StZB/Zq9x/kzAaHcHm0OB81f/AJlaHBpw9YW0IpTmzhsD95BuYUXI6uSD4t7KYBeYmYsbxE6eIXmcZtB790hgbyAn1zWPDhwTPaba4eGDuarYLtRTvMaQ8+6VhO2g2f4dXnozSxvv8lXG01bOTypTa4x6NLYm1S18PjKA8kNa0GzSeAHEL0+BxjKjsrRBN+GsSZjpC8GMWwOJFGoNQdP9J/H1XoMBtKjRqscKFYHQyGGZGUavtofRDK1dxN42SfGpehvtrSAotGZubOHZZGbLlcJjWJ4rwLnGZkeS9H2t2s2vVljKghjAQe7/AJngyHxoV5R2IAMZH2kH2Nf6vBdXjyqOzg/qGKU5px/2buxXkuuREtIsAZnnqVs9ltqhmGIABJr19Z/6h/NeZ2RjgHEZHkyNAznHF44pXZu0gymNx8CtWcSA2ILpj2tQAfRJkipSKePOWGH3f7PW4ztdVZiWUu5YWOc3M7eBgmDlvBIsfgvWYzF0mEhzgCNbOPyC+VVO0Tjiab2NJDHB7WOgSYkk3tbjyC2dvdqadQl1Nj5cRIhoIOhBl0zPRRWN8qPT+tH6al8b2PdrHteaTmOlpD4NxxAOongsDDGKtLpUZ57wWW/aZM2qeZ0m9t7kESnj4cx+R+65pJ3eDmn3uo9V2RXGNHh5pPJkcl8H1GhiWmcxDSOEqgxYLiGgEDj6LytTbBk/uak8AckmXZbQ/nOvJXwW3mi5pVRdrtGW1Pv8gVxOLqz0V5EnS/k9q9rW+05rfEgfNY9THhr370sHsxpoNI815fau2A+q8hlSMx4M019/qEBm2QYb3FS5IBhlzMR7fMj1Txha2TzeRKTqPp/kyH7QqYhxfVeXENMDQDoALDU38Frdnca9lSmwPdkqTLSSQIbMidLry+BxUEjK6XNyiI1Ma38VqbKx4ZVpfu3k0yZAyXGQz+LXT4rpyceLSOSPLlbez6UcdSaAHPAOWTYm2nJXweMp1CQx2YgSbOHzC8NtracP/hVG2iDk96Is88UTZm2sj2vbSqEibEN4gj3+YK5+K42dsPLmpcWlSPoQorxuDxj+/wA0uhz7i+hPLw+SfPbbKN7D1NDplHCfe5EFebo7UAf/AA3kzYbmoMcX84QhdOxvIyqTjxfs+jmh0XlO0APfEcmD5E/VbOC7R5w5xw9YNGWI7sxObU5xMlp9F5Tb+2A+s9wpVAIgexwYDJ3+V0MUvuKeZUsWvyej2M8Fzm/yzcjgY+qa2tDWeLgPgT9F5PB7cbTdL6VQAtLdGahzR7/NExfahlazKdScwMQzgCPfRafL4OeOasLh7EKLpq4jKTPeiPHuacfGVodkKbjXN4Aa7MACATYAG/ifJefo7QDX1nZHy6oHaNsO6Yb73QnzWxs7aj6L3v7ioMznOb/DIgloNsw94eoVOVQaJYtTUn6o2u0tVweGAkAATqLn9IQNlbcfTNWJ3nNcd1jrtoUWyS5wP4Sbclm7X23neXmjUZMQ0mnw3dc/NpSmB2sG94O+ZR3wcj8mcg0aUESx8NIniOKXimkmU5yeVtbs9g/tY0NJzPEZSXNZRgNiTEuOaQDHkvF7AxAO1MTUcYFSk8tcRGYudSOg0OvRMYjHMeXUziaLqWUScrIEwSIFORDiQDa8ELzmAxLRtCqW77TLWlmUg7zGgiSBFkJRxpLj2Pco70er2rjntpYdjHuaH0myWmDZjbTFh4Ly7KjmONRj3Nc17QL9CZv5WWltfaADcN+7eAyiBfJfcaZG9cQsTEV8uZuV13NdMNiMpEe11+aripRRyZeTkz6JsvajqmHY9xl+8CY5PInloAtfvB749QvCbK2r3dJjTReTvEezBzPcB+JX/wCJtN+6f/2f/dLx26KQzyj3v+49S2kxgykncYW3ZF+6DSBaNW8CeCzsRtF765c6C1heWCNN8FtgQdQF593aUOaWujLqG70ZsuWbDxRsN2npta9pYCHvzTLszbtnKctpDY81LjFbMpz0qaR6zDg1mPpNLW93UY1hIcSAe9JB3gTaNTwWFtCq+nUdTzjdYHZsus0mkCCTGsapJnaprc5Ycpc9jvxSMoeDNrneB15pLEbVpvLnufL4AAAdBAbl5coPkji+17ehsictpbPQUsY/PkeAHXM6E5nMcLeEeq2K2KD3M1BzDgffqRy6LwbNutEbrbHWDOrTfn7KbPaGpAqMdAaQHQDAc4vLZlpEwDdNJRkxUpq6NilXu8OPIWFjFNwHnZUq0WNeS+7X7zfAlvxAhY1LtK5uY57uEGxg7hZ7ttTolhtptyePj0k6a2VU4r2RlCb9M9bictNzHsaQM+9lmI7x0a2WHsyvh3UXZqxZUzmGkANIdnId4XaOCVqdoiRZxsIAl0WJIm3MrKw+IfTbLRuuc697lrQDHMgPHqkbrplIQtO0aePquZWdWY6m8NP4ZLYyZZPvWMEg6iVfH7UbUaCGlhJaPamLmXSTmIkzOiw6WKLXhzQBBBggOaSObXWI6FNuxFISWgy0gNN5yjKQQ7UOzTwECIQ5OiritGvsajUqtLjOX3jEew+wuJ9kpnuHNIaQLiQZ3S0hlwdIWXgtsNYQSQJjN7V4DhJIbNpgcpOqaxvaVryDBJFhLjAGUA2y6mB6KiyNaZCWHdpHpg8tLA/UAA3FiKruI8Ch4jFNYIIOYsbAvpkdJPqF5V+3cznOL4zWjf8AZz54EDmmK/aRrmskS8brnQbta0hsEiZv/wBvWyfbe2NxlWkaj8eDJymYM/0Nnh0Uw+KYHtAa4b4uXT/iTyWHW21TcwDLDsziTeSCxoFwOBafVc/4yxrgQGuAId+L3gYMtHL4p1OBN45fgO4DvDFhnEDoSVobPaO9vcDPHnTaD99Fgu2o1z88AS4HKJ5mwt1VhthpMkazxPFoby6LSlFqrGUJL0em23iR39RpMgPeB0ioLaePNHo1mZRZzX2J93/EMDmdFg1O0dM5m5G5HOLvxAjeabR0b8Uaht+iHteS4QZ/F7TTIE5bi/xSOUeKQVCVt0au0J7trml2Ymwi8GmzQQgswrxXzlrsueSYJgd42bRe5CBi+11N7WgOeCCCSCQSAwMiQ2xPol39q5e5wqOAMkbzxBLw4iADIgdLoRyaoLxbN/C7XmWsIB3dRrGfS4vfSFdmIa6xYwuLCc26c0U7gDm0NkmTr0XkKe1KLhL3EP4m9ze8BnUcefRWobfY3djM2CCDYmWZPaDZtci+qzUPTNeT2j0e12F9VkNjK8yAIAHes/JKbMeG4nMRI06TMfUJFnaOlmnQHgS4n+I13u8mpSnteiH5iZB1EOGh00umUo0036EcJ3aRs7O2mx9WuO7Bh1hABMUe7JBg6FhdHHotDE7RytJcWkEuygXJ36ZtvaWC8Ns/aYY6odA8zBAJjf5g33gnv+JUIkucTfmNcp925seXBLFRrbKzUr0j0GPpvqua5jXFsC8GAS+oImL+K8ht45cQZBkNpa20pM1BC26PakgDNVdOZujn2GZzjAiDrpZee2zju9qmpeS2mJP8lNjDr/pSZJapBxwqTbFKhl0tEcgL/BbeyKjWPaWFsmiM0ag5mkzHGyw6dZzTma4h3MWNxFiNE9sPaPcucSAQ5hYZ5FzXW67qnHTTZWatNHs+0DBkYIuGMv40f0CwMW8Z3ASYDRodbfn8VWttek4W3TAHH3Mp4HjdIOxbHPe50gOyxBcIIaAfHTiuhSUUkmQ4uTbaPUnGsAYIdAYzmNHmbx43CANoNAAAdEDWSfWFknH4eQcroEW7yrwdPPl8UF2LoHgRYWz1OSPNE+Hw/wDBhSpKii4+TO4s29reZj52VZUUW5MBJUlRRbkzElSVFFuTCXpwSATAJF+XVPuw1IAEVpkGd0jQ2tPh6qKLcmAXNFn/AFB6eCoWNn2p1v5SOscF1RDmzFntaARmkyNPOeNxp6pbzUUR5MxyVJUUW5MxJUlRRbkwl6dQtILSQRcEGCD0KpKii3JmJKtmtE21jxifkPRRRbkwFZUlRRbkzElSVFFuTMXY+CDAMEGDofHoqSootyZiSpKii3JmLOcJtZVlRRbkzFiI1+5EhVlRRbkwskqSootyYAlJ4DgXDMJuJiRynghyootyYT//2Q==','data:image/jpeg;base64,/9j/4AAQSkZJRgABAQAAAQABAAD/2wCEAAoHCBYWFRUSEhUYEhgYFBUSEhIREhIREhESGBgaGRgYGBgcIS4lHB4rHxgYJjgmKy8xNTU1GiQ7QDs0Py40NTQBDAwMEA8QHhISHjQkJCQ0NDQxMTQ0NDQ0NDQ0NDQ0NDQ0NDQ0NDQ0NDQ0NDQ0NDQ0NDQ0NDE0NDE0NDQ0NDQ0Mf/AABEIAMIBAwMBIgACEQEDEQH/xAAbAAABBQEBAAAAAAAAAAAAAAAEAAIDBQYBB//EAEAQAAIBAgQDBgIIAwcEAwAAAAECAAMRBBIhMQVBUQYTImFxgTKRFCNCUmKhscFygvAHFTNDstHxksLS4SRTc//EABkBAAMBAQEAAAAAAAAAAAAAAAABAgMEBf/EACQRAAICAgIBBAMBAAAAAAAAAAABAhEhMQMSQSIyUWEEcZFC/9oADAMBAAIRAxEAPwD0ZALQLGHeEI8Exh0MgDMYvV5c8INlEqayeKG4OrbSN6JSyaalUkveymTFST6REUWfeRXgNKtC0aAD2eNFSdIkJGsTGSl4DjG0hJbSA4l4WDI8Lh7m5lotEWkGDWWBGk1UsEKFlNiqWt4Rw9o3FRmG0Mlysbh1yX1FhJ2YWlQte0c2LlC7IKrMLGUdc+KFPiIDuSY4ujOeSQLImpm+06+Npp8bop2szC9/SDtx7DA/4qfO36wk7FGJbYcSzpbSjwfFaLkZHU32139DLukdJBsjpESmOkZOsBk4kNYSQGNqbQGU+MSR00Edj7yGg5kUh9nVFjRpQgUhaDU6sIFUS1RmyPu4ou8EUvBIHSOkixEZTqRVTMjQq6yaxgFpPWEFZ5QglGk6vAEeFI8ACkqWhlCvKsmPR5IF2Kk4WlfTrQmmbwGPaAYoXlr3UErU9YUBPg0sBCnOkHQxO8ntRtGOAWsNbSagkHzXa8OoyoZY+RJRIq6wHMbywxB0leTrOhLBwcjpirV1RWeowRVBLMxsABzM867QdszUbucKSifCXAIqOeqjkPXz2kX9o/GWd/otM2RLGpYkZqm4U+Q3/wCJicM1jvb77c7dJno0hG8s12JwjJSpurAlixqEakgWtcytwGLfOoKlxpceA35nw3vLThlR3pFEplltoSLC/leVOO4HXDFkVgb/AIhE5L5N1BrwbTDUkdbotjbxLlKkH+Fv685c8K4zUoEK16ifdJJKjqhOot90/lvPO8Dx1kZaeJDIymyVCxYDyzfEPS9uoM2qYjOoY213tqL23HTT19YrFR6HhcUjotSmcynY/qCORHSOO8xXBOI904BPge2borbBvLkD5ek2KvrEyQhRHsNJErRxeMAHFUbwbuLQ6q8ZcWkjZW1mI1gVXiVtPOHY42BmfVbnXrGiGWX94RSIU4oxBVDWEMukiwqaCGNT0kllTXEAddZZ4lbSvCa6xoQ1Fk4nUSOKxgOSPtEiR5GkkBi1NZaYQylc6y0wdXQQAtlEExMlFWC4h4DI++tOl7wF3hNKJRtjlydYktNYQHtI0EjqvNetHMuZvY2vWgNWvlBY7KpY+gF46s+old2gfLh6x60n3NraW+eolJieWeR4nEF2eo3iZ3aob6ABiTr5C8J7O8NOIqDS1NW1NtGaUuNxV/Auw0J6z0vsNhMmHQsLZvEPeYcsqR38EU3+jWcKooiqqrtLn6Ora5RKBeJYdDZ66A9M4P6S/wCH42k4Bpur/wALAzjp3k7G/gz3aXsnSro1lCtbSwmD4Di2o1GwtXkSut/CRqtvW2nmJ7NXroqk1GCrzLEAfnPF+39WmtdcThXD62fKrZDbW2a1p08UvBzcqtWX9VtbfZJ1G9ntfQeY19PabTs9jC9FCTdl+rc9Sux9xY+888wGI71Dl1IUFetviUMP39fSarsbiRdlGzDMVP2WW35EG82ejBo29NbzlQESTDG4kzpFRJU1HjQ0WLGU+Uh72ICDHt4TKiisssU+hgSLGiWEWnJ2KIYdhhYCEs+kDpNaNq4m0TyNMjxJgSprJc9zczoYRrAN2ctOMYneQtUEBBSPHmCpUE6+IsIAD4urY2kuGx6jQmUfFMaAb3mffipz2B5zRRtCs9Pp4sEaGMNa8zGAx/h35S4wNW8hxodhLCF0hIFW8MVYR2Rye0kWC4hoSILiVvNWckdgzdegvMZ/aNjz9HWmLqWcX1FmUAkgHffIT6ibR3CAs2wFzPHe3GPZ8RuBkFgBbKp6D0/aQmdMY+pFRxHhhp5SHWoGGpW/hI3Ft7WO/kZ69gMMowyKU7wCmpKWvm06TKYjLXw1OpQQXOYuqAZlfdxr0JOnSx5zb8BxINOm34FuPacvJJtHq8cFFuvJjK/GaxbJTwC5cxSzJZjbn4V8Img4HSZWVhTNMl2psCpXY7jTVToQRuJuKeFRvFax6jS8B4lYMqKNbg36a85DkmtFRT7bA+1VJlTMKXfMouiWzXY2tp+/KYXjlTH1MOEq0UFNsylER1KLbRix3NyeXLznsBAKgtr4QG9YG+EQqRa46Sl6SG+2zwvguJZMhHhYXpOL2syklSPbN8rTX8N4jkqJUGlz4rWyvfceRPLkDcc5m+0uB+j4uoh0SocwI0ynQg+obXzvaS4SpZijfaGl9crdPPkQeYOm86ovtGzkkusqPaMBjF013F1voWB2tfeWbtpMJ2RxrMgp1Pskgg65Nbb8xufcTYhLDw6eQ+E+3KJMl4K3ir6SpOIl3jqNxKd8NESQNUJjkWNyyamJQD8sUmyxSQGuJXYtyJZst4JicKTACtOJtOfS5K+CMFfAt0lKhWSPi9IO2IiGEbpE2CbpHgLO/SpDisbpvHPhW6QXEYM2jVC7GX4zjDrYyiwldmJJ6zQ8UwBPKV1DBFTLoXZF/wAJc2E1/CjMpwtdBNdwlZMykXdBIXlkWHSEETNbFPRHaQ1xJiZFUmkng5oLJR8bxIVKlRvgormIOz1DbKp6gXB9SOk8Yx4NQs5NyPEx52M9I7c1StE09LEM5HVidz1J8R9ph3ZFwlreN6jAtz7tBYAeVyfn5RRWDqoZ2LxjpXKor1Aym6U8pCkEDOwYWsAT03Gs9D7M4rP36Ze7anWZcl82VTqP1nlfDOLVMNVNWgQGKsjBhmDKTqD7gbdJsuzOLfvHxI1zLSZxYAOe7XPYD8Q095z80fJ2fjz0j03C4oroZR8Scu5bvhTDMupZR8O1ryxwuJRxcG4I+UzzcBem+ei7lSSShyPqemcGw8ric3g7YpdqeDX8OdSFvXViAQFV1ysCOY5yahiNWXfKSJSYPhJq2+kKXVWzBXCAE3J+FQL7neLj3FqeCpllUZmOWhRWy56h2A6LqLnkPaOKbI5esXuzFf2jlxVFQ5e5zik1rFxVKlgbW2Cjr10lJgsQAFSpbKdadTpzFm/a/vvek7RY6pUr1Q7swFVwFLEpmBykhToCbX06x3DcSU8B8aEgZG2Pp0M7Y+lJHnyfaTPSuzWOKVFSpbxju1caK4J6nZtdjPRsNXuN/wCuc8UwmI8NkJZQLmm1+8Uc7H7VuRGonofZXiwqUfiLFdGLEZm6MbcyALnmQTzg/klmnxNS4lc049e8Y1SIggqrrHUhGsY5DAAmKR3igAVTSOalO0DCbQCgT6OIvoo6QxVj7QoKK/6KOk79FHSH2nckVB1RVtgx0kNbBLbaXLJIqiCAnEy2J4Kra2lTi+BDWwm6KC0FrUAbylJonoYvh2C302mlwFECRU8JZjLHDUwBHJ2OKYbSWSmRIY9jFEJ6IX3kFZrSVm1kGIOhJ9ZpLRzQ2eW9ucbeq6fd0HyP7mY67Me7VS7aKiKCzNzsANTrmmlxXDqmNxdRKVgA96lVvgpre4/iJtoo1Ppcj0rs92Wo4Zfq0ZnPx1nQmo3oLXVfIfnvM5S6ndGN1Z5jwvsFXaz4gd0u+W4NQ+v3ZqMJhhTyIoAXLkUAAWyM2/U2O56T0Q4cFeolDxHhzFlN7hb5BYeEE3IuNxvv1nLyTk9nZwxitFHTLobpseXKXvDuKgfELeRF/kZGuDk9PCgHaZHQ2vJH2k7XphaWdlLFjlRQLFmtfc7DqZ5Vw3HtjcctXFVEGXNUAclaYCAsqL76672Mf/aJxE1sV3S/BS+rXoajEZz8wB/LKPA4cpiqdM6nOim3PMB/vOyEajfk8/kncqWkA4u4d775mv63MNJtYWtYj1vcf7/lO4jDZ8TXVbH6yra2x8RAtC+LUcjG/lY73LKGH6zRmSRpeH8PSshYN3bg/V1F2B6MOlr/ACln2GxKtXe7XbIy3U3R2UgFvkN/TY74zAVK7L3FLZgGYbA2GuY9N9rfsd72M4YKIz3Du+bNYABApAKJptZffSTZpJYNe8jcHlCFpX1/q0mShAxK5KZ5yRNIe1GAYpwsAJs0UC+lDrFALLOg8LV5W0mhCPCx0HB44PA1ePDwsYTmnc8GDx2eFgTF5G7TgaImFhRzNInjzOERWFAmSSoslCR2WFh1GLOu0daMcyovJnyLBCTrA+JAsvdqbFwQDz5XPlod/wBdoRVqhbsdABc8/wAucGBI8TfE3LfIvJB+55nytHyz6oz/ABuJzl9II4LwynRUKii9yS3MsdWPqeu+3QTRUFBmfw77S3w1W05Iyt2z05QpYJcVRt4uWz+nX2/SB4mhLJqoI1lZ35W19VYA+YNpc6asmF3RXPSttAOMYo0qT1LagWUfiOg9hv7TRVKakXldxPhbOqqVJF8wA1vM1HNmne8Hk9XhwOrDMSdSdSSdzO/3CWdcQmY1VIcB2zK7KPCCTqNhr5bTYPwkqxQgixsLi3h5flp7QfHVu5KoouxFwPIczNnKnghRUlk894NgXpVmNVWV6b0XKupBZTUUM2vLz53ll2iw1lQWDMrPRYA3IFBbofIsjI3vN3RqvUAerRp11UWysozKCQTZtxqAfYSq7VcPXJTxVHNekQcTSqGxqUxmBcciQGYEjlYn4bS1K8GcodcmN7P4nLWpv1Xu2F7W1K/9NiT7T0DhgKO6nZGSslv/AK2IV19rCeX4vDmlUC6hdSh/BmNvL9d/eegcCx/edyWPjKPhqpNr2dCUbzu1/eC2Evaeh06djbly9IQsCw1bNTR+qKdd9hHvX6RmBPVfSUHEzeHVcVK6sbmNCoCyzknyRR2Ki0QydDIEEnVZmaWSqY8GMUR4EAOgxwnAI4CAHQZ285adAgAoo4CdtEM4BEZ2NMAOEyGo0exlRxTjFOkQjNd2OVaakFix2Hr5S0ZTVojxNe7heSkE+dQi6j2Hi91kqtcyvo3v4jci7ORsajm5t5bgeQEJovczm5JdnZ28HH0il/Szw4llSEAwwlgh0kI0kKqdPWw9ybfvGsmZB6SDE4kbA6ggn21grcXRKaKWGdyFRSdfEbD8pomurM+snJV9h+Hwxsqk3zNc35IP9zaGVq4UM52BCqOpJCj5kytoYsnE93e2WlTaw2OcuP8Atg1R/qqZ3+tVmBNr5QzD8wD7QTpYH1t5Ld6qgLTYZ2YZipF7D7x5DW9vSU/EOz1B2NTxqxUKACGUAEkaHzJ5w3CVszuxGwT+UAaL+/8ANJa1e3KWmQ7TwZDE8FqoR3ZazXyMhILD0623EiXhVc/HVc/gJBHuGB/SajEp3tCogbKynOhGjIw8SsPe/wDWkpeAdpg7fRsYFFTZKhFlqAdDyP8AzrrZWaJtoyPF+y9V0KJTpsQwemAWRhyZVNyApH2dACARbW9Fwpyhambh0+sp30Z8reJGHJviuOTIJ7hU4ah5svmDf9ZnO03Y1MRZw4p1AwIq93fOBpZ7Hxac9/ytWfJDcawN4JxBXorlOqllKt8Si5KhvPKV+Y5ESbvDqPM2mcPDMRg7VHAfL/mUyStWkAAUcEaOALqTzJHMkaAEEXGoOoPUHaaI55KmcZpG0e0jJgSNvFOXilCLdBJ0EgWTKZlZdEoEcIwGOBgMcI4RgMcDGIeI4RgMdeKxpHZ2cvFeIdHTGtO3jGMYmUHajjaYakXdiLkKMvxsTrlTzsDry3nnvAy2Jrti6ngSkwWjTW72cFWYm5F/DfU82B5TRducOHxGG70Xoqx70sbKM+qZvLwa/wANudouxfDWTCKrKVcszurfEczHKT55QI26RcIpvJO2JK30bU3ubH8ht+cMwGJDa/MjW3rzHvJPobE+LT8NrmEU+GX1A1GxW6sPSYSo644LjB6gQjE1wis7GwVSxPQAXMqUqNTHi8Q6gWYeo2Ptb3gHFsQ+Jp1KGHK5itmZyQgUnUXA3IDD5xRi9CljLKGj2hzZrmxcu2vUg/kNB7S9oU6Rw9Oo9IPUAYo7A3UhiVa+hNtLeggPZfsk1N++xIUldKaKc63I1c3GvQD36TUVWBNiM3kZdJR6mdtyv6AqNY/S6RsfHhk0BBsVdj+8kLqETOTZM9YgEi6qGUZhzGpPqPKDVSneJ3bd29MWF7NdbaDXlrKRLIMRTX7atc82J3JMFEqUlRouCYx6yM9LJq5NTOzq2tsoFlOmW2vX0hf0bE2sO69O8e3+iZDsvjjRqIrfC10b56Gejo1xNeqOaUmngrsFSrKSzCmb2uFZybC/wkqNdZ5t2wKJiHQsaf8Am0yqMzqxFwqAW1D6XG2npPW5U8W4QlQrVKK7pqhZQSPMdDFKHwOHK08h+Aq3Rb62ADX0YEDmIURbzEzdLG2OYnKw0zDYj7rjmPL5Wltg+JhtDoea3vcdVPMf0bRKRTj5CKlEWOgIIsykXBB3BHMSh4hglphTTFk+ELvkIGi+lhp6TTCzC6/KV2MoXzUzs4sCdg26n5xp0RJWjMs0YWnKhsSDoRoR0MjzTUxJLxSPNFAC7WSKZwCOUTI0HgxwM4BHgQA6DOgxBZ20VhQrxZp204RAYs0WacMYTACTNBquOUNkHia1yB9kecG4pjSieH42uFvsvVj6fuJV4J1XUkkk3PMknmTzMTZpCF5ZcYlEcZnRWyqSAQNQPFY9dQD6gGCO9POabP3ZZdQCVIbfeR4rHWzLca03AH4jKtsYmJdSuWnVWyOlQ5cxXmh2N+m/rIybJJF0nDyP83MORDWaEpXCWUszHkWH6mQmlQC3dhSZQM9zlCnbXprI8VxVKafGtQbLlIZiTsABuT0i2WkD8X43Wpg56CMttCX3Hr1jcFhqlBBVYaVmzmkwANAMBoSNWbTUnyHK5M4VSqGsGrhRnpnu6fxFFDA3JOmY35bW3MN4zVFsvSXHBnJpugt3+rv5Sppvrc8o98UQgUdJW4zFZEPW0BJFFxeveqxEK4Rhi5v1Nj5ynclnmifHJhMMa7/FYimnN6h206Dc9ADKp6QpNJWwLjVNVqkJ9jKun3gov+f6TZ8DxeempJ1tY+o3nn3D1Y0kapcu13cncuxLEnzuZb9neIZHKE6E6es2ccfo5W7dm+y+c6FkdKsCJLmkgZ7jXD2UmpT3+0OR9uspqPEBsw58tCCPLcHzm5dQRaZfjXB0uagU355ba/mJEomsJ1hhOD4xb7WceZyuP/L3t6y3pYxKugbxDXLsw9v32mD+l00+NGFgSS5RFsNzcttLOniFWzBACNQCc1jyNx+0ST0XLqlZziZ+tqf/AKP/AKjBCYqjkkk6km5J3JMZebo5Tt4o2KOgNMpkimQAx6tMDQnWPBkKmSBohokvO3kYadBgUSXijQYrxUFiMY0cTKrjnF0oJ4mCs3w3tp56x0Ttmc7Y8ZCuKan4B4j+JrG3ytAeH8Rvb5+sq8bVwz1Gq1KhUsSW1BRm662K/M+QE4Qlr0qqN0tUUf6rQo6I4VF5xBiWLrvoRA0IqtY0Cz/eSpkB8yDpAU4k6giqosNnBFrectezJarUOfSkuYPdShJt8I5894FWjQcHSs3gGoAylahWqqjmC1j8hLnA8Mo0x3i06auSQGp0qdOw2JAA0v6mVh4wqApTAQfAiqAoUdABtJMRxICy30UD585NCbbDhWviUA5I1/69pV4/F56jKOTWg+Axv1j1D92wjcKozNUbqTHoQdWqBVuekzOMxBcn1hXFMdn0XaD4DClzblzJ6RpUMm4bhVGarUOVEUu7HYKNTMnxXjJxFbvWGVUQrSomzGmudbk2+2yrcnloOUtOOcYWoBRoa0lPiNtKrg2zeagg25c+ky7EZazouU00y3GtyzAX9jl+c6IQ6rszi5eTs+qN1w/WilzfwjXrpvBMSxU3HWF8KFqCDoij8oLiVveVEk1nA+IsyAHXSW30szOcBXwy5JmUtjCvpxkWJxGdCDByZFXqBVZjsBcxBZgK9JmL0XCsKNdcp3YXAKIvMhg1iOS9eWrFQHUG/nKXA4a+IqVmHiazsDtTJAVF/iCDXpn85aMgJvseo0J9evvLoqTHu0ZecZpGWlEkmaKRZooAasCPAkaGSgzmZqhwnbxt4rwGSBo7NIgYi3OAEuaPRGP+52kWGcNquvmf2EJNbXKnib7RPwp69T5f+rg6Ommq2zXYn4VG59v3geLwqOMzAEjQAAeH/wB+f6QsEC99Sd2O5/rpBcS9orGkYXj+FAchlFuWnKY/GcFUtmp2RhrlPwtPRO0CZhrp0I295iMddGzHS00WhsoMThCrBgluTouoIOhsP65Td8D4kSmtiwUU35XIGje4sf8AiZjEP3ikobHTKfPnOcH4qUc06wyMQFDHZrbX89Tb1ieRqkaejU8ZJ63hTuSbQTDkDVj5iF06wG0Cg3DoAAW08ufykWNxl7qugkLVCYwrruNNTc2AHUnlFQWMoUCTr8uZnOO8RFNPo9M+NiFqkaikhBJFx9oj5Dpe8GxfEG/w8OwBIYNVtYg7KEvsLm3X03mQ4liSoZQxJ3J8z+pM3hxf6kc3LzJ+mJJxPiK0wUSxbbKNk9beu0quH1CWZGN++VqZudLmxUn+ZU9ryHBYJqh067y2fgFQFWBBtbqNOf6wlJt/RKhUW/JvMAbU0H4R+gkDiGYLCuyIWGpUMbfeIBP5xNw9/uxppEsueBYYlektjhG6yo4XXqIMpSWP94v9yQ9jHnBN1keI4cxUgmO/vJvumPTGs1xkIk5AzVZMjFbW/fzjC8sMfg6jNmCH8oG/D6o+wZomgB2eRM8fVouN1I9oOQ33T8o0SPzxSPK33T8p2MDbLHxRTlNxR0UUBnYHxb/D/wCn9YoolsYfw74P5f2nOHfAvmtz5m+8UUYyWrtAqm0UUBop+KfCfeYviHxD+b9RFFLjoGUmI0cW09NIHx37EUUYeC+7POTSW5J1O5vLoRRSWWiWnKzFOb2ubXGlzblORS+L3Iy5vYwaof8A5FIcvHpy+HpM52n/AMV/4v8AtEUU6ZaZxx2iw7MbLNjyHpORTBHQ9Gj4fsJbYbces5FJeyToGpiInIohCUQjDDWKKABrCRuIopQAWNQW2HyErEQdB8hFFJAICDoPkIoooAf/2Q==',2,'private');
/*!40000 ALTER TABLE `group_social` ENABLE KEYS */;
UNLOCK TABLES;

--
-- Table structure for table `group_user`
--

DROP TABLE IF EXISTS `group_user`;
/*!40101 SET @saved_cs_client     = @@character_set_client */;
/*!50503 SET character_set_client = utf8mb4 */;
CREATE TABLE `group_user` (
  `group_user_id` int NOT NULL AUTO_INCREMENT,
  `group_id` int NOT NULL,
  `user_id` int NOT NULL,
  PRIMARY KEY (`group_user_id`),
  KEY `group_idx` (`group_id`),
  KEY `user_idx` (`user_id`),
  CONSTRAINT `cx` FOREIGN KEY (`group_id`) REFERENCES `group_social` (`group_id`),
  CONSTRAINT `we` FOREIGN KEY (`user_id`) REFERENCES `user` (`user_id`)
) ENGINE=InnoDB AUTO_INCREMENT=9 DEFAULT CHARSET=utf8 COLLATE=utf8_unicode_ci;
/*!40101 SET character_set_client = @saved_cs_client */;

--
-- Dumping data for table `group_user`
--

LOCK TABLES `group_user` WRITE;
/*!40000 ALTER TABLE `group_user` DISABLE KEYS */;
INSERT INTO `group_user` VALUES (1,1,1),(2,1,4),(3,2,2),(4,3,3),(5,1,5),(8,4,1);
/*!40000 ALTER TABLE `group_user` ENABLE KEYS */;
UNLOCK TABLES;

--
-- Table structure for table `group_warning`
--

DROP TABLE IF EXISTS `group_warning`;
/*!40101 SET @saved_cs_client     = @@character_set_client */;
/*!50503 SET character_set_client = utf8mb4 */;
CREATE TABLE `group_warning` (
  `group_warning_id` int NOT NULL AUTO_INCREMENT,
  `warning_content` varchar(255) CHARACTER SET utf8 COLLATE utf8_unicode_ci DEFAULT NULL,
  `group_user_id` int NOT NULL,
  `warning_date` date NOT NULL,
  PRIMARY KEY (`group_warning_id`),
  KEY `tr_idx` (`group_user_id`),
  CONSTRAINT `tr` FOREIGN KEY (`group_user_id`) REFERENCES `group_user` (`group_user_id`)
) ENGINE=InnoDB DEFAULT CHARSET=utf8 COLLATE=utf8_unicode_ci;
/*!40101 SET character_set_client = @saved_cs_client */;

--
-- Dumping data for table `group_warning`
--

LOCK TABLES `group_warning` WRITE;
/*!40000 ALTER TABLE `group_warning` DISABLE KEYS */;
/*!40000 ALTER TABLE `group_warning` ENABLE KEYS */;
UNLOCK TABLES;

--
-- Table structure for table `parent_comment`
--

DROP TABLE IF EXISTS `parent_comment`;
/*!40101 SET @saved_cs_client     = @@character_set_client */;
/*!50503 SET character_set_client = utf8mb4 */;
CREATE TABLE `parent_comment` (
  `parent_comment_id` int NOT NULL AUTO_INCREMENT,
  `content` longtext CHARACTER SET utf8 COLLATE utf8_unicode_ci NOT NULL,
  `comment_image` longtext CHARACTER SET utf8 COLLATE utf8_unicode_ci,
  `post_id` int NOT NULL,
  `user_id` int NOT NULL,
  `comment_time` datetime NOT NULL,
  PRIMARY KEY (`parent_comment_id`),
  KEY `post_idx` (`post_id`),
  KEY `user_idx` (`user_id`),
  CONSTRAINT `dsaf` FOREIGN KEY (`user_id`) REFERENCES `user` (`user_id`) ON DELETE CASCADE ON UPDATE CASCADE,
  CONSTRAINT `post` FOREIGN KEY (`post_id`) REFERENCES `post` (`post_id`) ON DELETE CASCADE ON UPDATE CASCADE
) ENGINE=InnoDB AUTO_INCREMENT=165 DEFAULT CHARSET=utf8 COLLATE=utf8_unicode_ci;
/*!40101 SET character_set_client = @saved_cs_client */;

--
-- Dumping data for table `parent_comment`
--

LOCK TABLES `parent_comment` WRITE;
/*!40000 ALTER TABLE `parent_comment` DISABLE KEYS */;
INSERT INTO `parent_comment` VALUES (1,'this is a parent comment of user_2',NULL,1,2,'2021-01-01 18:05:20'),(2,'abcxyz12345',NULL,1,3,'2021-01-01 09:05:20'),(3,'this is a parent comment of user_4',NULL,2,4,'2021-01-01 10:05:20'),(4,'this is a parent comment of user_1',NULL,3,1,'2021-01-01 11:05:20'),(5,'this is a parent comment of user_4',NULL,3,4,'2021-01-01 12:05:20'),(6,'this is a parent comment of user_2',NULL,4,2,'2021-01-01 13:05:20'),(9,'this is a parent comment of user_1',NULL,7,1,'2021-01-01 16:05:20'),(10,'this is a parent comment of user_4',NULL,7,4,'2021-01-01 17:05:20'),(11,'fsdafds','fdsafsd',1,2,'2021-01-01 17:10:20'),(15,'test create with current time','fdas',1,2,'2021-04-22 11:41:00'),(16,'test validation',NULL,1,3,'2021-04-23 09:48:49'),(17,'test create parent comment',NULL,1,3,'2021-04-24 15:52:25'),(18,'test create parent comment 2',NULL,1,3,'2021-04-24 15:54:35'),(19,'test create parent comment 3',NULL,1,3,'2021-04-24 15:57:42'),(20,'cao test create in postman',NULL,1,3,'2021-04-25 15:44:50'),(22,'cao test4234232fdsf','https://firebasestorage.googleapis.com/v0/b/social-d792e.appspot.com/o/5DFEC8FC-7FAD-407F-8A79-50F349B374E6_w640_r1_s.jpg?alt=media&token=fcbe432e-b109-43ea-bee6-ab63a13ba746',8,1,'2021-04-25 16:00:04'),(33,'test fskdjahf','',8,1,'2021-04-26 17:58:29'),(38,'cao','',8,1,'2021-04-27 11:31:07'),(39,'ahihi','',8,1,'2021-04-27 11:46:27'),(40,'parent test pic','',8,1,'2021-04-27 13:43:45'),(42,'casccsgsdsdg13123','https://firebasestorage.googleapis.com/v0/b/social-d792e.appspot.com/o/2013-05-07113349-128000-1372447205-500x0-1375870259_500x0.jpg?alt=media&token=5e204fb2-b8f6-475e-b27f-7980fd5dff49',8,1,'2021-04-27 14:15:17'),(43,'cao ','https://firebasestorage.googleapis.com/v0/b/social-d792e.appspot.com/o/images%20(23).jpg?alt=media&token=0863c906-25ee-416a-ae52-d42c620c9f6d',8,1,'2021-04-27 15:02:53'),(44,'dfasdsf','https://firebasestorage.googleapis.com/v0/b/social-d792e.appspot.com/o/954900_620349408013523_19324889_n.jpg?alt=media&token=ad5d1368-373c-4da0-9fa2-3cf60790dd38',8,1,'2021-04-27 15:03:49'),(45,'3214242314','https://firebasestorage.googleapis.com/v0/b/social-d792e.appspot.com/o/trungthuc-1377575624.jpg?alt=media&token=bf3923ae-ccab-4fde-a906-a82f68f04df8',8,1,'2021-04-27 15:06:32'),(46,'fasdf','',8,1,'2021-04-27 15:15:54'),(48,'fsdafsdf','',8,1,'2021-04-27 15:18:13'),(60,'','',10,1,'2021-04-28 14:34:08'),(61,'','',10,1,'2021-04-28 14:34:42'),(62,'hai chan','',10,1,'2021-04-28 14:38:00'),(63,'caosdchska','',10,1,'2021-04-28 14:39:01'),(160,'cúc cu','',2,3,'2021-05-03 02:20:31'),(161,'Bầu khí quyển của Sao Mộc thiếu một ranh giới bên dưới rõ ràng và dần dần chuyển thành chất lỏng khi đi sâu vào trong hành tinh này.[4]  Từ độ cao thấp nhất cho đến đỉnh, bầu khí quyển được phân thành các tầng là tầng đối lưu, tầng bình lưu, tầng nhiệt và tầng ngoài. Mỗi tầng có đặc điểm gradien nhiệt độ riêng.',NULL,25,1,'2021-05-03 09:15:05'),(162,'em đẹp quá ',NULL,19,1,'2021-05-03 09:20:47'),(163,'Chào Cao','https://firebasestorage.googleapis.com/v0/b/social-d792e.appspot.com/o/1024px-Jupiter\'s_swirling_colourful_clouds.jpg?alt=media&token=b06d9686-741d-45cf-bfc3-29f962c0de3d',1,209,'2021-05-03 10:52:33'),(164,'Abc',NULL,1,209,'2021-05-03 10:52:51');
/*!40000 ALTER TABLE `parent_comment` ENABLE KEYS */;
UNLOCK TABLES;

--
-- Table structure for table `post`
--

DROP TABLE IF EXISTS `post`;
/*!40101 SET @saved_cs_client     = @@character_set_client */;
/*!50503 SET character_set_client = utf8mb4 */;
CREATE TABLE `post` (
  `post_id` int NOT NULL AUTO_INCREMENT,
  `post_content` longtext CHARACTER SET utf8 COLLATE utf8_unicode_ci NOT NULL,
  `post_status` varchar(10) CHARACTER SET utf8 COLLATE utf8_unicode_ci NOT NULL,
  `post_published` datetime NOT NULL,
  `user_id` int NOT NULL,
  `group_id` int DEFAULT NULL,
  PRIMARY KEY (`post_id`),
  KEY `user_idx` (`user_id`),
  KEY `group_idx` (`group_id`),
  CONSTRAINT `group` FOREIGN KEY (`group_id`) REFERENCES `group_social` (`group_id`),
  CONSTRAINT `user` FOREIGN KEY (`user_id`) REFERENCES `user` (`user_id`)
) ENGINE=InnoDB AUTO_INCREMENT=63 DEFAULT CHARSET=utf8 COLLATE=utf8_unicode_ci;
/*!40101 SET character_set_client = @saved_cs_client */;

--
-- Dumping data for table `post`
--

LOCK TABLES `post` WRITE;
/*!40000 ALTER TABLE `post` DISABLE KEYS */;
INSERT INTO `post` VALUES (1,'this+is+a+post+in+wall+of+Thanh+Cao','public','2020-12-03 01:05:30',1,NULL),(2,'this is a post in group xyz of Thanh Cao','public','2020-12-03 02:05:30',1,1),(3,'this is a post in wall of Hữu Kiên','public','2020-12-03 03:05:30',2,NULL),(4,'this is a post in group lmn of Hữu Kiên','public','2020-12-03 04:05:30',2,2),(7,'this is a post in group xyz of Long Phin','public','2020-12-03 07:05:30',4,1),(8,'test+1','public','2021-04-23 10:56:54',1,NULL),(9,'gfdgsddgdsfg34323442234124','friend','2021-04-28 09:31:10',1,NULL),(10,'%F0%9F%98%9Csadasdadad','public','2021-04-28 13:48:04',1,NULL),(18,'Hôm nay trời đẹp quá!!!','public','2021-04-30 11:58:56',1,NULL),(19,'Ai yêu em không','public','2021-04-30 12:01:48',1,NULL),(25,'Khí quyển của Sao Mộc là bầu khí quyển hành tinh lớn nhất trong Hệ Mặt Trời. Nó chủ yếu cấu tạo từ phân tử hydro và heli theo tỷ lệ tương tự như trong Mặt Trời, các hợp chất hóa học khác chỉ có mặt với một lượng nhỏ và bao gồm mêtan, amoniac, hydro sulfua và nước. Mặc dù nước được cho là nằm sâu trong khí quyển, nồng độ đo được trực tiếp là rất thấp. Nồng độ nitơ, lưu huỳnh, và khí hiếm trong khí quyển Sao Mộc nhiều khoảng gấp ba lần so với Mặt Trời. Bầu khí quyển của Sao Mộc thiếu một ranh giới bên dưới rõ ràng và dần dần chuyển thành chất lỏng khi đi sâu vào trong hành tinh này. Từ độ cao thấp nhất cho đến đỉnh, bầu khí quyển được phân thành các tầng là tầng đối lưu, tầng bình lưu, tầng nhiệt và tầng ngoài. Mỗi tầng có đặc điểm gradien nhiệt độ riêng. Tầng thấp nhất, tầng đối lưu, có một hệ thống phức tạp gồm những đám mây và sương mù, bao gồm các lớp amoniac, amoni hydro sulfua và nước. Những đám mây amoniac ở trên cùng có thể được nhìn thấy ở bề mặt của Sao Mộc được phân bố trong khoảng một tá dải đới, chạy theo các vĩ tuyến song song với đường xích đạo, và được bao quanh bởi những dòng gió đới rất mạnh được gọi là các dòng tia','public','2021-04-30 12:18:19',1,NULL),(29,'hello+c%E1%BA%A3+nh%C3%A0+%0A%0A','public','2021-05-01 12:59:03',175,NULL),(30,'hello','public','2021-05-01 13:06:57',177,NULL),(31,'abababa','public','2021-05-01 16:32:35',189,NULL),(32,'ababab2312321','public','2021-05-01 16:33:35',189,NULL),(33,'aaaa','public','2021-05-01 16:34:43',189,NULL),(34,'aaaa','public','2021-05-01 16:38:17',189,NULL),(35,'aaaaaaa','public','2021-05-01 16:39:15',189,NULL),(36,'aloooo','public','2021-05-01 17:17:28',189,NULL),(37,'cac','public','2021-05-01 17:19:08',189,NULL),(38,'asdasd','public','2021-05-01 17:20:17',189,NULL),(39,'saasdas%F0%9F%98%8A','public','2021-05-01 17:20:43',189,NULL),(47,'tes decore post','public','2021-05-01 21:06:19',164,NULL),(48,'test lại \n\n','public','2021-05-01 22:33:29',164,NULL),(55,'Hello mụa người','public','2021-05-03 09:54:54',3,NULL),(56,'Thịnh hôm nay hơi mệt !!','public','2021-05-03 09:58:59',207,NULL),(57,'hê lô cả nhà','public','2021-05-03 10:27:01',1,NULL),(58,'Test Post','public','2021-05-03 10:48:15',210,NULL),(59,'Thuyết Trình !!!!','public','2021-05-03 10:48:48',210,NULL),(60,'Test Paging 1','public','2021-05-03 10:58:35',209,NULL),(61,'Test Paging 2','public','2021-05-03 10:58:41',209,NULL),(62,'Test Paging 3','public','2021-05-03 10:58:45',209,NULL);
/*!40000 ALTER TABLE `post` ENABLE KEYS */;
UNLOCK TABLES;

--
-- Table structure for table `post_image`
--

DROP TABLE IF EXISTS `post_image`;
/*!40101 SET @saved_cs_client     = @@character_set_client */;
/*!50503 SET character_set_client = utf8mb4 */;
CREATE TABLE `post_image` (
  `post_image_id` int NOT NULL AUTO_INCREMENT,
  `post_id` int NOT NULL,
  `image` longtext CHARACTER SET utf8 COLLATE utf8_unicode_ci NOT NULL,
  PRIMARY KEY (`post_image_id`),
  KEY `ps_idx` (`post_id`),
  CONSTRAINT `ps` FOREIGN KEY (`post_id`) REFERENCES `post` (`post_id`) ON DELETE CASCADE ON UPDATE CASCADE
) ENGINE=InnoDB AUTO_INCREMENT=64 DEFAULT CHARSET=utf8 COLLATE=utf8_unicode_ci;
/*!40101 SET character_set_client = @saved_cs_client */;

--
-- Dumping data for table `post_image`
--

LOCK TABLES `post_image` WRITE;
/*!40000 ALTER TABLE `post_image` DISABLE KEYS */;
INSERT INTO `post_image` VALUES (5,10,'https://firebasestorage.googleapis.com/v0/b/social-d792e.appspot.com/o/0.jpg?alt=media&token=bde14ae7-9a2f-4c22-852a-8eb82a3abd63'),(10,10,'https://firebasestorage.googleapis.com/v0/b/social-d792e.appspot.com/o/52aec434_0f320e5f_1.jpg?alt=media&token=a42d69a2-3453-41a0-8a2d-1dd71c83a225'),(14,9,'https://firebasestorage.googleapis.com/v0/b/social-d792e.appspot.com/o/images%20(2).jpg?alt=media&token=37fe635e-acb2-4e6a-848b-262039bcaed0'),(15,9,'https://firebasestorage.googleapis.com/v0/b/social-d792e.appspot.com/o/images%20(9).jpg?alt=media&token=a6e269e3-ee4b-4f7f-99d7-ae33c7dcfa24'),(16,9,'https://firebasestorage.googleapis.com/v0/b/social-d792e.appspot.com/o/images%20(7).jpg?alt=media&token=36ce343e-5a53-4d4b-988b-b7c93ee8dbc7'),(17,9,'https://firebasestorage.googleapis.com/v0/b/social-d792e.appspot.com/o/images%20(8).jpg?alt=media&token=f34caa58-75cf-4805-9b12-da2df23f873f'),(18,9,'https://firebasestorage.googleapis.com/v0/b/social-d792e.appspot.com/o/images%20(3).jpg?alt=media&token=6070df22-4d12-4f38-bdf0-dab518f780f6'),(19,9,'https://firebasestorage.googleapis.com/v0/b/social-d792e.appspot.com/o/images%20(6).jpg?alt=media&token=4dfb2ef5-0881-4554-9478-07f08008525b'),(20,9,'https://firebasestorage.googleapis.com/v0/b/social-d792e.appspot.com/o/images%20(4).jpg?alt=media&token=c5dfaf41-8942-415f-93a5-aa9dca777c66'),(21,9,'https://firebasestorage.googleapis.com/v0/b/social-d792e.appspot.com/o/images%20(5).jpg?alt=media&token=86c68803-51ef-4895-b530-9611fb0dd1d9'),(22,8,'https://firebasestorage.googleapis.com/v0/b/social-d792e.appspot.com/o/43118524.jpg?alt=media&token=e6dd66ed-590c-4033-a079-d1843357a9fe'),(23,8,'https://firebasestorage.googleapis.com/v0/b/social-d792e.appspot.com/o/565121548.jpg?alt=media&token=3fd9028d-84b5-40af-bd28-f85a016b0881'),(24,8,'https://firebasestorage.googleapis.com/v0/b/social-d792e.appspot.com/o/32928058.jpg?alt=media&token=d1e7a075-e592-4a1f-80f3-b6da119f79db'),(25,8,'https://firebasestorage.googleapis.com/v0/b/social-d792e.appspot.com/o/51787507.jpg?alt=media&token=299df184-cc9c-4995-9604-9703e84c2fd1'),(26,1,'https://firebasestorage.googleapis.com/v0/b/social-d792e.appspot.com/o/truyen-cuoi-bac-si-y-ta-benh-nhan-hai-huoc.jpg?alt=media&token=f313baa8-c4a6-4a0a-bb74-4878590dcd16'),(27,1,'https://firebasestorage.googleapis.com/v0/b/social-d792e.appspot.com/o/yunjae-nam-tay-goc-5e506.jpg?alt=media&token=551ad717-884f-4b34-912d-d78a55873159'),(28,1,'https://firebasestorage.googleapis.com/v0/b/social-d792e.appspot.com/o/Untitled-2-d3bdc.jpg?alt=media&token=a41798e5-7c92-42f5-87b0-439c746cddaa'),(29,1,'https://firebasestorage.googleapis.com/v0/b/social-d792e.appspot.com/o/vl.ecoin.com.vn-72134a1a01bd51007df8c733da754011-0.jpg?alt=media&token=dff53312-d7c7-4e7a-a7ca-30b96a18a66a'),(30,1,'https://firebasestorage.googleapis.com/v0/b/social-d792e.appspot.com/o/trungthuc-1377575624.jpg?alt=media&token=32752c94-78d4-4921-ad8f-3e77d3c656e9'),(32,19,'https://firebasestorage.googleapis.com/v0/b/social-d792e.appspot.com/o/cf6ada6aa3294a771338.jpg?alt=media&token=8e733925-d323-4656-b78b-5179f1233f40'),(33,34,'https://firebasestorage.googleapis.com/v0/b/social-d792e.appspot.com/o/cf6ada6aa3294a771338.jpg?alt=media&token=f1c66dfb-edcd-45e1-8cf7-1b04f7b0f023'),(34,35,'https://firebasestorage.googleapis.com/v0/b/social-d792e.appspot.com/o/cf6ada6aa3294a771338.jpg?alt=media&token=a1abb083-5e46-44db-8069-100953a0ccb6'),(36,39,'https://firebasestorage.googleapis.com/v0/b/social-d792e.appspot.com/o/cf6ada6aa3294a771338.jpg?alt=media&token=c838257b-29d0-466e-bbcf-34d6c437fd43'),(51,25,'https://firebasestorage.googleapis.com/v0/b/social-d792e.appspot.com/o/1024px-Jupiter\'s_swirling_colourful_clouds.jpg?alt=media&token=451fdc1e-9cb0-490e-8846-d449c9826af5'),(52,25,'https://firebasestorage.googleapis.com/v0/b/social-d792e.appspot.com/o/1024px-Jupiter\'s_swirling_colourful_clouds.jpg?alt=media&token=451fdc1e-9cb0-490e-8846-d449c9826af5'),(53,25,'https://firebasestorage.googleapis.com/v0/b/social-d792e.appspot.com/o/VNE-Ju-5912-1589172428.jpg?alt=media&token=2efbe120-0837-440a-aacd-0a291758532b'),(54,25,'https://firebasestorage.googleapis.com/v0/b/social-d792e.appspot.com/o/2810201001Jupiter.jpg?alt=media&token=fcd29cb1-21b0-4273-a9e1-b0bfbfc1af44'),(55,25,'https://firebasestorage.googleapis.com/v0/b/social-d792e.appspot.com/o/1024px-Jupiter\'s_swirling_colourful_clouds.jpg?alt=media&token=57cf00d5-4744-404f-a1ed-7fd8382f551c'),(56,18,'https://firebasestorage.googleapis.com/v0/b/social-d792e.appspot.com/o/162194600_1084621762040258_2555920468091281591_n.jpg?alt=media&token=207dd0cf-7ec3-4488-a385-1864b63c1ccd'),(61,55,'https://firebasestorage.googleapis.com/v0/b/social-d792e.appspot.com/o/Untitled.jpg?alt=media&token=409430fb-394d-4078-997d-1808b343ba5c'),(62,56,'https://firebasestorage.googleapis.com/v0/b/social-d792e.appspot.com/o/pornhub-mod-premium-apk.jpg?alt=media&token=945b7561-78e9-454d-a920-93ee5b72b82d'),(63,59,'https://firebasestorage.googleapis.com/v0/b/social-d792e.appspot.com/o/162194600_1084621762040258_2555920468091281591_n.jpg?alt=media&token=d5f387a1-1d48-4c54-bb67-e9a9795c961f');
/*!40000 ALTER TABLE `post_image` ENABLE KEYS */;
UNLOCK TABLES;

--
-- Table structure for table `province`
--

DROP TABLE IF EXISTS `province`;
/*!40101 SET @saved_cs_client     = @@character_set_client */;
/*!50503 SET character_set_client = utf8mb4 */;
CREATE TABLE `province` (
  `province_id` int NOT NULL AUTO_INCREMENT,
  `province_name` varchar(50) DEFAULT NULL,
  PRIMARY KEY (`province_id`)
) ENGINE=InnoDB AUTO_INCREMENT=97 DEFAULT CHARSET=utf8mb4 COLLATE=utf8mb4_0900_ai_ci;
/*!40101 SET character_set_client = @saved_cs_client */;

--
-- Dumping data for table `province`
--

LOCK TABLES `province` WRITE;
/*!40000 ALTER TABLE `province` DISABLE KEYS */;
INSERT INTO `province` VALUES (1,'Thành Phố Hà Nội'),(2,'Tỉnh Hà Giang'),(4,'Tỉnh Cao Bằng'),(6,'Tỉnh Bắc Kạn'),(8,'Tỉnh Tuyên Quang'),(10,'Tỉnh Lào Cai'),(11,'Tỉnh Điện Biên'),(12,'Tỉnh Lai Châu'),(14,'Tỉnh Sơn La'),(15,'Tỉnh Yên Bái'),(17,'Tỉnh Hòa Bình'),(19,'Tỉnh Thái Nguyên'),(20,'Tỉnh Lạng Sơn'),(22,'Tỉnh Quảng Ninh'),(24,'Tỉnh Bắc Giang'),(25,'Tỉnh Phú Thọ'),(26,'Tỉnh Vĩnh Phúc'),(27,'Tỉnh Bắc Ninh'),(30,'Tỉnh Hải Dương'),(31,'Thành Phố Hải Phòng'),(33,'Tỉnh Hưng Yên'),(34,'Tỉnh Thái Bình'),(35,'Tỉnh Hà Nam'),(36,'Tỉnh Nam Định'),(37,'Tỉnh Ninh Bình'),(38,'Tỉnh Thanh Hóa'),(40,'Tỉnh Nghệ An'),(42,'Tỉnh Hà Tĩnh'),(44,'Tỉnh Quảng Bình'),(45,'Tỉnh Quảng Trị'),(46,'Tỉnh Thừa Thiên Huế'),(48,'Thành Phố Đà Nẵng'),(49,'Tỉnh Quảng Nam'),(51,'Tỉnh Quảng Ngãi'),(52,'Tỉnh Bình Định'),(54,'Tỉnh Phú Yên'),(56,'Tỉnh Khánh Hòa'),(58,'Tỉnh Ninh Thuận'),(60,'Tỉnh Bình Thuận'),(62,'Tỉnh Kon Tum'),(64,'Tỉnh Gia Lai'),(66,'Tỉnh Đắk Lắk'),(67,'Tỉnh Đắk Nông'),(68,'Tỉnh Lâm Đồng'),(70,'Tỉnh Bình Phước'),(72,'Tỉnh Tây Ninh'),(74,'Tỉnh Bình Dương'),(75,'Tỉnh Đồng Nai'),(77,'Tỉnh Bà Rịa - Vũng Tàu'),(79,'Thành Phố Hồ Chí Minh'),(80,'Tỉnh Long An'),(82,'Tỉnh Tiền Giang'),(83,'Tỉnh Bến Tre'),(84,'Tỉnh Trà Vinh'),(86,'Tỉnh Vĩnh Long'),(87,'Tỉnh Đồng Tháp'),(89,'Tỉnh An Giang'),(91,'Tỉnh Kiên Giang'),(92,'Thành Phố Cần Thơ'),(93,'Tỉnh Hậu Giang'),(94,'Tỉnh Sóc Trăng'),(95,'Tỉnh Bạc Liêu'),(96,'Tỉnh Cà Mau');
/*!40000 ALTER TABLE `province` ENABLE KEYS */;
UNLOCK TABLES;

--
-- Table structure for table `status`
--

DROP TABLE IF EXISTS `status`;
/*!40101 SET @saved_cs_client     = @@character_set_client */;
/*!50503 SET character_set_client = utf8mb4 */;
CREATE TABLE `status` (
  `status_id` int NOT NULL AUTO_INCREMENT,
  `status_name` varchar(20) CHARACTER SET utf8 COLLATE utf8_unicode_ci NOT NULL,
  PRIMARY KEY (`status_id`)
) ENGINE=InnoDB AUTO_INCREMENT=4 DEFAULT CHARSET=utf8 COLLATE=utf8_unicode_ci;
/*!40101 SET character_set_client = @saved_cs_client */;

--
-- Dumping data for table `status`
--

LOCK TABLES `status` WRITE;
/*!40000 ALTER TABLE `status` DISABLE KEYS */;
INSERT INTO `status` VALUES (1,'Online'),(2,'Busy'),(3,'Offline');
/*!40000 ALTER TABLE `status` ENABLE KEYS */;
UNLOCK TABLES;

--
-- Table structure for table `user`
--

DROP TABLE IF EXISTS `user`;
/*!40101 SET @saved_cs_client     = @@character_set_client */;
/*!50503 SET character_set_client = utf8mb4 */;
CREATE TABLE `user` (
  `user_id` int NOT NULL AUTO_INCREMENT,
  `username` varchar(50) CHARACTER SET utf8 COLLATE utf8_unicode_ci NOT NULL,
  `birthday` date NOT NULL,
  `gender` varchar(10) CHARACTER SET utf8 COLLATE utf8_unicode_ci NOT NULL,
  `occupation` varchar(30) CHARACTER SET utf8 COLLATE utf8_unicode_ci NOT NULL,
  `address` varchar(100) CHARACTER SET utf8 COLLATE utf8_unicode_ci NOT NULL,
  `email` varchar(40) CHARACTER SET utf8 COLLATE utf8_unicode_ci NOT NULL,
  `user_avatar` longtext CHARACTER SET utf8 COLLATE utf8_unicode_ci,
  `user_background` longtext CHARACTER SET utf8 COLLATE utf8_unicode_ci,
  `marriaged` varchar(10) CHARACTER SET utf8 COLLATE utf8_unicode_ci NOT NULL,
  `status_id` int NOT NULL,
  `account_id` int NOT NULL,
  `ward_id` int NOT NULL,
  PRIMARY KEY (`user_id`),
  KEY `status_id_idx` (`status_id`),
  KEY `account_id_idx` (`account_id`),
  KEY `ward_id_idx` (`ward_id`),
  CONSTRAINT `account_id` FOREIGN KEY (`account_id`) REFERENCES `account` (`account_id`),
  CONSTRAINT `status_id` FOREIGN KEY (`status_id`) REFERENCES `status` (`status_id`),
  CONSTRAINT `ward_id` FOREIGN KEY (`ward_id`) REFERENCES `ward` (`ward_id`)
) ENGINE=InnoDB AUTO_INCREMENT=211 DEFAULT CHARSET=utf8 COLLATE=utf8_unicode_ci;
/*!40101 SET character_set_client = @saved_cs_client */;

--
-- Dumping data for table `user`
--

LOCK TABLES `user` WRITE;
/*!40000 ALTER TABLE `user` DISABLE KEYS */;
INSERT INTO `user` VALUES (1,'Thanh Cao','1996-12-12','male','developer','41b Mai Lão Bạng','lephuocthanhcao@gmail.com','../../../assets/images/resources/nearly1.jpg','../../../assets/images/resources/blogpost-2.jpg','single',1,1,4),(2,'Hữu Kiên','1991-10-22','female','bede','463 Hải Phòng','kienthd5h3@gmail.com','../../../assets/images/resources/nearly2.jpg','../../../assets/images/resources/blogpost-2.jpg','married',2,4,25),(3,'Dương Lê','1998-07-08','male','support lake','12 Lê Trọng Tấn','duong@gmail.com','https://firebasestorage.googleapis.com/v0/b/social-d792e.appspot.com/o/cf6ada6aa3294a771338.jpg?alt=media','https://firebasestorage.googleapis.com/v0/b/social-d792e.appspot.com/o/template_sequence_diagram (1)-forgotPass (1).png?alt=media','single',1,57,1267),(4,'Phúc Phạm','1992-12-08','female','principle manager','24 Nguyễn Phước Chu','truongphucdn@gmail.com','../../../assets/images/resources/nearly4.jpg','../../../assets/images/resources/blogpost-2.jpg','single',1,3,4),(5,'tungtraibao','1978-01-28','female','hoc sinh ','Số112 Lê quang vũ','maybiluye@gmail.com','https://firebasestorage.googleapis.com/v0/b/social-d792e.appspot.com/o/iron man movies comics armor marvel comics 1920x1080 wallpaper_www.wallpaperhi.com_55.jpg?alt=media','https://firebasestorage.googleapis.com/v0/b/social-d792e.appspot.com/o/spring-mvc-flow.png?alt=media','married',2,5,1),(106,'Bao Thinh','2001-10-25','male','Dev','HoiAn','baothinhtran159@gmail.com','http://www.codeproject.com/KB/GDI-plus/ImageProcessing2/img.jpg?w=144','http://www.codeproject.com/KB/GDI-plus/ImageProcessing2/img.jpg?w=144','single',1,51,1),(156,'Huu Kien','2001-10-25','male','Dev','HoiAn','kien@gmail.com','http://www.codeproject.com/KB/GDI-plus/ImageProcessing2/img.jpg?w=144','http://www.codeproject.com/KB/GDI-plus/ImageProcessing2/img.jpg?w=144','single',1,52,25),(157,'Ngoc Thinh','2001-10-25','male','Dev','HoiAn','thinh@gmail.com','http://www.codeproject.com/KB/GDI-plus/ImageProcessing2/img.jpg?w=144','http://www.codeproject.com/KB/GDI-plus/ImageProcessing2/img.jpg?w=144','single',1,53,4),(158,'Thanh Cao','2001-10-25','male','Dev','HoiAn','cao@gmail.com','http://www.codeproject.com/KB/GDI-plus/ImageProcessing2/img.jpg?w=144','http://www.codeproject.com/KB/GDI-plus/ImageProcessing2/img.jpg?w=144','single',1,54,4),(159,'Quang Duong','2001-10-25','male','Dev','HoiAn','duong@gmail.com','http://www.codeproject.com/KB/GDI-plus/ImageProcessing2/img.jpg?w=144','http://www.codeproject.com/KB/GDI-plus/ImageProcessing2/img.jpg?w=144','single',1,55,6),(160,'Thanh Tung','2001-10-25','male','Dev','HoiAn','tung@gmail.com','http://www.codeproject.com/KB/GDI-plus/ImageProcessing2/img.jpg?w=144','http://www.codeproject.com/KB/GDI-plus/ImageProcessing2/img.jpg?w=144','single',1,6,6),(161,'Long Phin','2001-10-25','male','Dev','HoiAn','phin@gmail.com','http://www.codeproject.com/KB/GDI-plus/ImageProcessing2/img.jpg?w=144','http://www.codeproject.com/KB/GDI-plus/ImageProcessing2/img.jpg?w=144','single',1,7,7),(162,'Huu Han','2001-10-25','male','Dev','HoiAn','han@gmail.com','http://www.codeproject.com/KB/GDI-plus/ImageProcessing2/img.jpg?w=144','http://www.codeproject.com/KB/GDI-plus/ImageProcessing2/img.jpg?w=144','single',1,8,8),(163,'Manh Cuong','2001-10-25','male','Dev','HoiAn','cuong@gmail.com','http://www.codeproject.com/KB/GDI-plus/ImageProcessing2/img.jpg?w=144','http://www.codeproject.com/KB/GDI-plus/ImageProcessing2/img.jpg?w=144','single',1,9,1),(164,'Hong Son','2001-10-25','male','Dev','HoiAn','son@gmail.com','http://www.codeproject.com/KB/GDI-plus/ImageProcessing2/img.jpg?w=144','http://www.codeproject.com/KB/GDI-plus/ImageProcessing2/img.jpg?w=144','single',1,10,25),(165,'Truong Phuc','2001-10-25','male','Dev','HoiAn','phuc@gmail.com','http://www.codeproject.com/KB/GDI-plus/ImageProcessing2/img.jpg?w=144','http://www.codeproject.com/KB/GDI-plus/ImageProcessing2/img.jpg?w=144','single',1,11,6),(166,'Anh Dung','2001-10-25','male','Dev','HoiAn','dung@gmail.com','http://www.codeproject.com/KB/GDI-plus/ImageProcessing2/img.jpg?w=144','http://www.codeproject.com/KB/GDI-plus/ImageProcessing2/img.jpg?w=144','single',1,12,4),(167,'Viet Dung','2001-10-25','male','Dev','HoiAn','vdung@gmail.com','http://www.codeproject.com/KB/GDI-plus/ImageProcessing2/img.jpg?w=144','http://www.codeproject.com/KB/GDI-plus/ImageProcessing2/img.jpg?w=144','single',1,13,5),(168,'Dang Long','2001-10-25','male','Dev','HoiAn','dlong@gmail.com','http://www.codeproject.com/KB/GDI-plus/ImageProcessing2/img.jpg?w=144','http://www.codeproject.com/KB/GDI-plus/ImageProcessing2/img.jpg?w=144','single',1,14,6),(169,'Hoang Long','2001-10-25','male','Dev','HoiAn','hlong@gmail.com','http://www.codeproject.com/KB/GDI-plus/ImageProcessing2/img.jpg?w=144','http://www.codeproject.com/KB/GDI-plus/ImageProcessing2/img.jpg?w=144','single',1,15,7),(170,'Nguyen Hoang','2001-10-25','male','Dev','HoiAn','hoang@gmail.com','http://www.codeproject.com/KB/GDI-plus/ImageProcessing2/img.jpg?w=144','http://www.codeproject.com/KB/GDI-plus/ImageProcessing2/img.jpg?w=144','single',1,16,8),(171,'Ngoc Hoang','2001-10-25','male','Dev','HoiAn','hoangng@gmail.com','http://www.codeproject.com/KB/GDI-plus/ImageProcessing2/img.jpg?w=144','http://www.codeproject.com/KB/GDI-plus/ImageProcessing2/img.jpg?w=144','single',1,17,1),(172,'Ngoc Linh','2001-10-25','male','Dev','HoiAn','linhd@gmail.com','http://www.codeproject.com/KB/GDI-plus/ImageProcessing2/img.jpg?w=144','http://www.codeproject.com/KB/GDI-plus/ImageProcessing2/img.jpg?w=144','single',1,18,25),(173,'Tan Hai','2001-10-25','male','Dev','HoiAn','thai@gmail.com','http://www.codeproject.com/KB/GDI-plus/ImageProcessing2/img.jpg?w=144','http://www.codeproject.com/KB/GDI-plus/ImageProcessing2/img.jpg?w=144','single',1,19,4),(174,'Trung Doan','2001-10-25','male','Dev','HoiAn','trungd@gmail.com','https://ca.slack-edge.com/TEBPXS5HQ-UKTR160B1-01a1835bb73b-512','http://www.codeproject.com/KB/GDI-plus/ImageProcessing2/img.jpg?w=144','single',1,20,4),(175,'Hong Hanh','2001-10-25','male','Dev','HoiAn','hhanh@gmail.com','http://www.codeproject.com/KB/GDI-plus/ImageProcessing2/img.jpg?w=144','http://www.codeproject.com/KB/GDI-plus/ImageProcessing2/img.jpg?w=144','single',1,21,31),(176,'Quy Anh','2001-10-25','male','Dev','HoiAn','quanh@gmail.com','http://www.codeproject.com/KB/GDI-plus/ImageProcessing2/img.jpg?w=144','http://www.codeproject.com/KB/GDI-plus/ImageProcessing2/img.jpg?w=144','single',1,22,6),(177,'Quang Vu','2001-10-24','male','Dev','HoiAn','dzu@gmail.com','http://www.codeproject.com/KB/GDI-plus/ImageProcessing2/img.jpg?w=144','http://www.codeproject.com/KB/GDI-plus/ImageProcessing2/img.jpg?w=144','single',1,23,4),(178,'Hoang Nhat','2001-10-25','male','Dev','HoiAn','nhat@gmail.com','http://www.codeproject.com/KB/GDI-plus/ImageProcessing2/img.jpg?w=144','http://www.codeproject.com/KB/GDI-plus/ImageProcessing2/img.jpg?w=144','single',1,24,7),(179,'Quan','2001-10-25','male','Dev','HoiAn','quan@gmail.com','http://www.codeproject.com/KB/GDI-plus/ImageProcessing2/img.jpg?w=144','http://www.codeproject.com/KB/GDI-plus/ImageProcessing2/img.jpg?w=144','single',1,25,8),(180,'Dong Anh','2001-10-25','male','Dev','HoiAn','danh@gmail.com','http://www.codeproject.com/KB/GDI-plus/ImageProcessing2/img.jpg?w=144','http://www.codeproject.com/KB/GDI-plus/ImageProcessing2/img.jpg?w=144','married',1,26,1),(181,'Tuong Vy','2001-10-25','male','Dev','HoiAn','tvy@gmail.com','http://www.codeproject.com/KB/GDI-plus/ImageProcessing2/img.jpg?w=144','http://www.codeproject.com/KB/GDI-plus/ImageProcessing2/img.jpg?w=144','married',1,27,25),(182,'Ngoc Linh','2001-10-25','male','Dev','HoiAn','linhNA@gmail.com','http://www.codeproject.com/KB/GDI-plus/ImageProcessing2/img.jpg?w=144','http://www.codeproject.com/KB/GDI-plus/ImageProcessing2/img.jpg?w=144','married',1,28,6),(183,'Nam Anh','2001-10-25','male','Dev','HoiAn','nanhL@gmail.com','http://www.codeproject.com/KB/GDI-plus/ImageProcessing2/img.jpg?w=144','http://www.codeproject.com/KB/GDI-plus/ImageProcessing2/img.jpg?w=144','married',1,29,4),(184,'Trong Thang','2001-10-25','male','Dev','HoiAn','thangTr@gmail.com','http://www.codeproject.com/KB/GDI-plus/ImageProcessing2/img.jpg?w=144','http://www.codeproject.com/KB/GDI-plus/ImageProcessing2/img.jpg?w=144','married',1,30,25),(185,'Chi Hung','2001-10-25','male','Dev','HoiAn','chhung@gmail.com','http://www.codeproject.com/KB/GDI-plus/ImageProcessing2/img.jpg?w=144','http://www.codeproject.com/KB/GDI-plus/ImageProcessing2/img.jpg?w=144','married',1,31,4),(186,'Phan Hoang','2001-10-25','male','Dev','HoiAn','hoangph@gmail.com','http://www.codeproject.com/KB/GDI-plus/ImageProcessing2/img.jpg?w=144','http://www.codeproject.com/KB/GDI-plus/ImageProcessing2/img.jpg?w=144','married',1,32,7),(187,'Bach','2001-10-25','male','Dev','HoiAn','bach@gmail.com','http://www.codeproject.com/KB/GDI-plus/ImageProcessing2/img.jpg?w=144','http://www.codeproject.com/KB/GDI-plus/ImageProcessing2/img.jpg?w=144','married',1,33,8),(188,'Trung','2001-10-25','male','Dev','HoiAn','trung@gmail.com','http://www.codeproject.com/KB/GDI-plus/ImageProcessing2/img.jpg?w=144','http://www.codeproject.com/KB/GDI-plus/ImageProcessing2/img.jpg?w=144','married',1,34,1),(189,'Thanh Huynh','2001-10-25','male','Dev','HoiAn','thanh@gmail.com','https://firebasestorage.googleapis.com/v0/b/social-d792e.appspot.com/o/cf6ada6aa3294a771338.jpg?alt=media','http://www.codeproject.com/KB/GDI-plus/ImageProcessing2/img.jpg?w=144','married',1,35,25),(190,'Ngoc Anh','2001-10-25','male','Dev','HoiAn','nganh@gmail.com','http://www.codeproject.com/KB/GDI-plus/ImageProcessing2/img.jpg?w=144','http://www.codeproject.com/KB/GDI-plus/ImageProcessing2/img.jpg?w=144','married',1,36,16),(191,'Cat Tuong','2001-10-25','male','Dev','HoiAn','ctuong@gmail.com','http://www.codeproject.com/KB/GDI-plus/ImageProcessing2/img.jpg?w=144','http://www.codeproject.com/KB/GDI-plus/ImageProcessing2/img.jpg?w=144','married',1,37,25),(192,'Quoc Viet','2001-10-25','male','Dev','HoiAn','qviet@gmail.com','http://www.codeproject.com/KB/GDI-plus/ImageProcessing2/img.jpg?w=144','http://www.codeproject.com/KB/GDI-plus/ImageProcessing2/img.jpg?w=144','married',1,38,13),(193,'Hanh Nguyen','2001-10-25','male','Dev','HoiAn','nguyenh@gmail.com','http://www.codeproject.com/KB/GDI-plus/ImageProcessing2/img.jpg?w=144','http://www.codeproject.com/KB/GDI-plus/ImageProcessing2/img.jpg?w=144','married',1,39,4),(194,'Thu Ha','2001-10-25','male','Dev','HoiAn','hathu@gmail.com','http://www.codeproject.com/KB/GDI-plus/ImageProcessing2/img.jpg?w=144','http://www.codeproject.com/KB/GDI-plus/ImageProcessing2/img.jpg?w=144','married',1,40,16),(195,'Hong Nhung','2001-10-25','male','Dev','HoiAn','nhunghr@gmail.com','http://www.codeproject.com/KB/GDI-plus/ImageProcessing2/img.jpg?w=144','http://www.codeproject.com/KB/GDI-plus/ImageProcessing2/img.jpg?w=144','married',1,41,6),(196,'Tuong Vi','2001-10-25','male','Dev','HoiAn','vitg@gmail.com','http://www.codeproject.com/KB/GDI-plus/ImageProcessing2/img.jpg?w=144','http://www.codeproject.com/KB/GDI-plus/ImageProcessing2/img.jpg?w=144','married',1,42,7),(197,'Bach Long','2001-10-25','male','Dev','HoiAn','longw@gmail.com','http://www.codeproject.com/KB/GDI-plus/ImageProcessing2/img.jpg?w=144','http://www.codeproject.com/KB/GDI-plus/ImageProcessing2/img.jpg?w=144','married',1,43,8),(198,'Trung Quan','2001-10-25','male','Dev','HoiAn','quantr@gmail.com','http://www.codeproject.com/KB/GDI-plus/ImageProcessing2/img.jpg?w=144','http://www.codeproject.com/KB/GDI-plus/ImageProcessing2/img.jpg?w=144','married',1,44,1),(199,'Thanh Loc','2001-10-25','male','Dev','HoiAn','locth@gmail.com','http://www.codeproject.com/KB/GDI-plus/ImageProcessing2/img.jpg?w=144','http://www.codeproject.com/KB/GDI-plus/ImageProcessing2/img.jpg?w=144','married',1,45,25),(200,'Tran Chanh','2001-10-25','male','Dev','HoiAn','chanhtv@gmail.com','http://www.codeproject.com/KB/GDI-plus/ImageProcessing2/img.jpg?w=144','http://www.codeproject.com/KB/GDI-plus/ImageProcessing2/img.jpg?w=144','married',1,46,31),(201,'Cat Bi','2001-10-25','male','Dev','HoiAn','catbi@gmail.com','http://www.codeproject.com/KB/GDI-plus/ImageProcessing2/img.jpg?w=144','http://www.codeproject.com/KB/GDI-plus/ImageProcessing2/img.jpg?w=144','married',1,47,25),(202,'Quoc Gia','2001-10-25','male','Dev','HoiAn','qgia@gmail.com','http://www.codeproject.com/KB/GDI-plus/ImageProcessing2/img.jpg?w=144','http://www.codeproject.com/KB/GDI-plus/ImageProcessing2/img.jpg?w=144','married',1,48,19),(203,'Nguyen Tien','2001-10-25','male','Dev','HoiAn','ngtien@gmail.com','http://www.codeproject.com/KB/GDI-plus/ImageProcessing2/img.jpg?w=144','http://www.codeproject.com/KB/GDI-plus/ImageProcessing2/img.jpg?w=144','married',1,49,4),(204,'Tien Thu','2001-10-18','male','Dev','HoiAn','thut@gmail.com','http://www.codeproject.com/KB/GDI-plus/ImageProcessing2/img.jpg?w=144','http://www.codeproject.com/KB/GDI-plus/ImageProcessing2/img.jpg?w=144','married',1,50,1),(205,'duongTest','2000-09-05','male','engineer','147 we lo lo','duongduong@gmail.com','https://firebasestorage.googleapis.com/v0/b/social-d792e.appspot.com/o/cf6ada6aa3294a771338.jpg?alt=media&token=64856108-fbf0-4769-99c4-cc0065b9cf02','https://firebasestorage.googleapis.com/v0/b/social-d792e.appspot.com/o/iron%20man%20movies%20comics%20armor%20marvel%20comics%201920x1080%20wallpaper_www.wallpaperhi.com_55.jpg?alt=media&token=f6f803eb-8a71-4eb3-b0fc-40435bf71f24','married',1,56,1831),(206,'Duong Test','1998-10-07','male','engineer','số 65 LêVăn Đức','duongtest@gmail.com','https://firebasestorage.googleapis.com/v0/b/social-d792e.appspot.com/o/cf6ada6aa3294a771338.jpg?alt=media&token=0984f1ba-40d5-47fa-9af4-4926b0a04a7c','https://firebasestorage.googleapis.com/v0/b/social-d792e.appspot.com/o/162194600_1084621762040258_2555920468091281591_n.jpg?alt=media&token=4e1e9243-97b4-41ad-9870-6e3caf6a8d0e','married',1,2,1831),(207,'Thịnh Ốm','1998-01-01','female','driver','Hà Lam','thinh123@gmail.com','https://firebasestorage.googleapis.com/v0/b/social-d792e.appspot.com/o/Untitled.jpg?alt=media&token=40819d75-b005-452e-9a4a-44e3fc3f249b','https://firebasestorage.googleapis.com/v0/b/social-d792e.appspot.com/o/J-kgOah8M5JmwIF6B1a6nJKM7rRznb8-yqQ0yZG14sU.jpg?alt=media&token=cb6267cd-345a-4d5d-995a-05b6f275a79e','married',1,58,13360),(208,'Thịnh Mặp','1998-05-08','male','driver','Đà Nẵng','thinh1231@gmail.com','https://firebasestorage.googleapis.com/v0/b/social-d792e.appspot.com/o/birthday.png?alt=media&token=092db408-ddce-431f-8518-ad07f03f0afb','https://firebasestorage.googleapis.com/v0/b/social-d792e.appspot.com/o/ad-baner.jpg?alt=media&token=536ba871-2d83-476a-8194-5e3b6cad8876','single',1,59,2296),(209,'Thanh Tùng','1995-11-24','male','student','Phố Cổ','tungabc@gmail.com','https://firebasestorage.googleapis.com/v0/b/social-d792e.appspot.com/o/Untitled.jpg?alt=media&token=b52051f3-5bf0-42f5-b9d8-b9fd3368b819','https://firebasestorage.googleapis.com/v0/b/social-d792e.appspot.com/o/162194600_1084621762040258_2555920468091281591_n.jpg?alt=media&token=a291cf50-7760-4a59-94a1-175de6a90714','single',1,60,16),(210,'Dương Lê','1995-01-01','male','engineer','Đà Nẵng','maybiluyena@gmail.com','https://firebasestorage.googleapis.com/v0/b/social-d792e.appspot.com/o/iron%20man%20movies%20comics%20armor%20marvel%20comics%201920x1080%20wallpaper_www.wallpaperhi.com_55.jpg?alt=media&token=48b31e36-3c75-44b8-9ca7-e27558184c8f','https://firebasestorage.googleapis.com/v0/b/social-d792e.appspot.com/o/J-kgOah8M5JmwIF6B1a6nJKM7rRznb8-yqQ0yZG14sU.jpg?alt=media&token=83c94869-7273-4b45-af66-f39fced90661','married',1,61,8017);
/*!40000 ALTER TABLE `user` ENABLE KEYS */;
UNLOCK TABLES;

--
-- Table structure for table `ward`
--

DROP TABLE IF EXISTS `ward`;
/*!40101 SET @saved_cs_client     = @@character_set_client */;
/*!50503 SET character_set_client = utf8mb4 */;
CREATE TABLE `ward` (
  `ward_id` int NOT NULL AUTO_INCREMENT,
  `district_id` int NOT NULL,
  `ward_name` varchar(50) DEFAULT NULL,
  PRIMARY KEY (`ward_id`),
  KEY `district_id` (`district_id`),
  CONSTRAINT `ward_ibfk_1` FOREIGN KEY (`district_id`) REFERENCES `district` (`district_id`)
) ENGINE=InnoDB AUTO_INCREMENT=32249 DEFAULT CHARSET=utf8mb4 COLLATE=utf8mb4_0900_ai_ci;
/*!40101 SET character_set_client = @saved_cs_client */;

--
-- Dumping data for table `ward`
--

LOCK TABLES `ward` WRITE;
/*!40000 ALTER TABLE `ward` DISABLE KEYS */;
INSERT INTO `ward` VALUES (1,1,'Phường Phúc Xá'),(4,1,'Phường Trúc Bạch'),(6,1,'Phường Vĩnh Phúc'),(7,1,'Phường Cống Vị'),(8,1,'Phường Liễu Giai'),(10,1,'Phường Nguyễn Trung Trực'),(13,1,'Phường Quán Thánh'),(16,1,'Phường Ngọc Hà'),(19,1,'Phường Điện Biên'),(22,1,'Phường Đội Cấn'),(25,1,'Phường Ngọc Khánh'),(28,1,'Phường Kim Mã'),(31,1,'Phường Giảng Võ'),(34,1,'Phường Thành Công'),(37,2,'Phường Phúc Tân'),(40,2,'Phường Đồng Xuân'),(43,2,'Phường Hàng Mã'),(46,2,'Phường Hàng Buồm'),(49,2,'Phường Hàng Đào'),(52,2,'Phường Hàng Bồ'),(55,2,'Phường Cửa Đông'),(58,2,'Phường Lý Thái Tổ'),(61,2,'Phường Hàng Bạc'),(64,2,'Phường Hàng Gai'),(67,2,'Phường Chương Dương Độ'),(70,2,'Phường Hàng Trống'),(73,2,'Phường Cửa Nam'),(76,2,'Phường Hàng Bông'),(79,2,'Phường Tràng Tiền'),(82,2,'Phường Trần Hưng Đạo'),(85,2,'Phường Phan Chu Trinh'),(88,2,'Phường Hàng Bài'),(91,3,'Phường Phú Thượng'),(94,3,'Phường Nhật Tân'),(97,3,'Phường Tứ Liên'),(100,3,'Phường Quảng An'),(103,3,'Phường Xuân La'),(106,3,'Phường Yên Phụ'),(109,3,'Phường Bưởi'),(112,3,'Phường Thuỵ Khuê'),(115,4,'Phường Thượng Thanh'),(118,4,'Phường Ngọc Thuỵ'),(121,4,'Phường Giang Biên'),(124,4,'Phường Đức Giang'),(127,4,'Phường Việt Hưng'),(130,4,'Phường Gia Thuỵ'),(133,4,'Phường Ngọc Lâm'),(136,4,'Phường Phúc Lợi'),(139,4,'Phường Bồ Đề'),(142,4,'Phường Sài Đồng'),(145,4,'Phường Long Biên'),(148,4,'Phường Thạch Bàn'),(151,4,'Phường Phúc Đồng'),(154,4,'Phường Cự Khối'),(157,5,'Phường Nghĩa Đô'),(160,5,'Phường Nghĩa Tân'),(163,5,'Phường Mai Dịch'),(166,5,'Phường Dịch Vọng'),(167,5,'Phường Dịch Vọng Hậu'),(169,5,'Phường Quan Hoa'),(172,5,'Phường Yên Hoà'),(175,5,'Phường Trung Hoà'),(178,6,'Phường Cát Linh'),(181,6,'Phường Văn Miếu'),(184,6,'Phường Quốc Tử Giám'),(187,6,'Phường Láng Thượng'),(190,6,'Phường Ô Chợ Dừa'),(193,6,'Phường Văn Chương'),(196,6,'Phường Hàng Bột'),(199,6,'Phường Láng Hạ'),(202,6,'Phường Khâm Thiên'),(205,6,'Phường Thổ Quan'),(208,6,'Phường Nam Đồng'),(211,6,'Phường Trung Phụng'),(214,6,'Phường Quang Trung'),(217,6,'Phường Trung Liệt'),(220,6,'Phường Phương Liên'),(223,6,'Phường Thịnh Quang'),(226,6,'Phường Trung Tự'),(229,6,'Phường Kim Liên'),(232,6,'Phường Phương Mai'),(235,6,'Phường Ngã Tư Sở'),(238,6,'Phường Khương Thượng'),(241,7,'Phường Nguyễn Du'),(244,7,'Phường Bạch Đằng'),(247,7,'Phường Phạm Đình Hổ'),(250,7,'Phường Bùi Thị Xuân'),(253,7,'Phường Ngô Thì Nhậm'),(256,7,'Phường Lê Đại Hành'),(259,7,'Phường Đồng Nhân'),(262,7,'Phường Phố Huế'),(265,7,'Phường Đống Mác'),(268,7,'Phường Thanh Lương'),(271,7,'Phường Thanh Nhàn'),(274,7,'Phường Cầu Dền'),(277,7,'Phường Bách Khoa'),(280,7,'Phường Đồng Tâm'),(283,7,'Phường Vĩnh Tuy'),(286,7,'Phường Bạch Mai'),(289,7,'Phường Quỳnh Mai'),(292,7,'Phường Quỳnh Lôi'),(295,7,'Phường Minh Khai'),(298,7,'Phường Trương Định'),(301,8,'Phường Thanh Trì'),(304,8,'Phường Vĩnh Hưng'),(307,8,'Phường Định Công'),(310,8,'Phường Mai Động'),(313,8,'Phường Tương Mai'),(316,8,'Phường Đại Kim'),(319,8,'Phường Tân Mai'),(322,8,'Phường Hoàng Văn Thụ'),(325,8,'Phường Giáp Bát'),(328,8,'Phường Lĩnh Nam'),(331,8,'Phường Thịnh Liệt'),(334,8,'Phường Trần Phú'),(337,8,'Phường Hoàng Liệt'),(340,8,'Phường Yên Sở'),(343,9,'Phường Nhân Chính'),(346,9,'Phường Thượng Đình'),(349,9,'Phường Khương Trung'),(352,9,'Phường Khương Mai'),(355,9,'Phường Thanh Xuân Trung'),(358,9,'Phường Phương Liệt'),(361,9,'Phường Hạ Đình'),(364,9,'Phường Khương Đình'),(367,9,'Phường Thanh Xuân Bắc'),(370,9,'Phường Thanh Xuân Nam'),(373,9,'Phường Kim Giang'),(376,16,'Thị Trấn Sóc Sơn'),(379,16,'Xã Bắc Sơn'),(382,16,'Xã Minh Trí'),(385,16,'Xã Hồng Kỳ'),(388,16,'Xã Nam Sơn'),(391,16,'Xã Trung Giã'),(394,16,'Xã Tân Hưng'),(397,16,'Xã Minh Phú'),(400,16,'Xã Phù Linh'),(403,16,'Xã Bắc Phú'),(406,16,'Xã Tân Minh'),(409,16,'Xã Quang Tiến'),(412,16,'Xã Hiền Ninh'),(415,16,'Xã Tân Dân'),(418,16,'Xã Tiên Dược'),(421,16,'Xã Việt Long'),(424,16,'Xã Xuân Giang'),(427,16,'Xã Mai Đình'),(430,16,'Xã Đức Hoà'),(433,16,'Xã Thanh Xuân'),(436,16,'Xã Đông Xuân'),(439,16,'Xã Kim Lũ'),(442,16,'Xã Phú Cường'),(445,16,'Xã Phú Minh'),(448,16,'Xã Phù Lỗ'),(451,16,'Xã Xuân Thu'),(454,17,'Thị Trấn Đông Anh'),(457,17,'Xã Xuân Nộn'),(460,17,'Xã Thuỵ Lâm'),(463,17,'Xã Bắc Hồng'),(466,17,'Xã Nguyên Khê'),(469,17,'Xã Nam Hồng'),(472,17,'Xã Tiên Dương'),(475,17,'Xã Vân Hà'),(478,17,'Xã Uy Nỗ'),(481,17,'Xã Vân Nội'),(484,17,'Xã Liên Hà'),(487,17,'Xã Việt Hùng'),(490,17,'Xã Kim Nỗ'),(493,17,'Xã Kim Chung'),(496,17,'Xã Dục Tú'),(499,17,'Xã Đại Mạch'),(502,17,'Xã Vĩnh Ngọc'),(505,17,'Xã Cổ Loa'),(508,17,'Xã Hải Bối'),(511,17,'Xã Xuân Canh'),(514,17,'Xã Võng La'),(517,17,'Xã Tầm Xá'),(520,17,'Xã Mai Lâm'),(523,17,'Xã Đông Hội'),(526,18,'Thị Trấn Yên Viên'),(529,18,'Xã Yên Thường'),(532,18,'Xã Yên Viên'),(535,18,'Xã Ninh Hiệp'),(538,18,'Xã Đình Xuyên'),(541,18,'Xã Dương Hà'),(544,18,'Xã Phù Đổng'),(547,18,'Xã Trung Mầu'),(550,18,'Xã Lệ Chi'),(553,18,'Xã Cổ Bi'),(556,18,'Xã Đặng Xá'),(559,18,'Xã Phú Thị'),(562,18,'Xã Kim Sơn'),(565,18,'Thị Trấn Trâu Quỳ'),(568,18,'Xã Dương Quang'),(571,18,'Xã Dương Xá'),(574,18,'Xã Đông Dư'),(577,18,'Xã Đa Tốn'),(580,18,'Xã Kiêu Kỵ'),(583,18,'Xã Bát Tràng'),(586,18,'Xã Kim Lan'),(589,18,'Xã Văn Đức'),(592,19,'Thị Trấn Cầu Diễn'),(595,19,'Xã Thượng Cát'),(598,19,'Xã Liên Mạc'),(601,19,'Xã Đông Ngạc'),(604,19,'Xã Thuỵ Phương'),(607,19,'Xã Tây Tựu'),(610,19,'Xã Xuân Đỉnh'),(613,19,'Xã Minh Khai'),(616,19,'Xã Cổ Nhuế'),(619,19,'Xã Phú Diễn'),(622,19,'Xã Xuân Phương'),(625,19,'Xã Mỹ Đình'),(628,19,'Xã Tây Mỗ'),(631,19,'Xã Mễ Trì'),(634,19,'Xã Đại Mỗ'),(637,19,'Xã Trung Văn'),(640,20,'Thị Trấn Văn Điển'),(643,20,'Xã Tân Triều'),(646,20,'Xã Thanh Liệt'),(649,20,'Xã Tả Thanh Oai'),(652,20,'Xã Hữu Hoà'),(655,20,'Xã Tam Hiệp'),(658,20,'Xã Tứ Hiệp'),(661,20,'Xã Yên Mỹ'),(664,20,'Xã Vĩnh Quỳnh'),(667,20,'Xã Ngũ Hiệp'),(670,20,'Xã Duyên Hà'),(673,20,'Xã Ngọc Hồi'),(676,20,'Xã Vạn Phúc'),(679,20,'Xã Đại Áng'),(682,20,'Xã Liên Ninh'),(685,20,'Xã Đông Mỹ'),(688,24,'Phường Quang Trung'),(691,24,'Phường Trần Phú'),(692,24,'Phường Ngọc Hà'),(694,24,'Phường Nguyễn Trãi'),(697,24,'Phường Minh Khai'),(700,24,'Xã Ngọc Đường'),(703,30,'Xã Kim Thạch'),(706,30,'Xã Phú Linh'),(709,30,'Xã Kim Linh'),(712,26,'Thị Trấn Phó Bảng'),(715,26,'Xã Lũng Cú'),(718,26,'Xã Má Lé'),(721,26,'Thị Trấn Đồng Văn'),(724,26,'Xã Lũng Táo'),(727,26,'Xã Phố Là'),(730,26,'Xã Thài Phìn Tủng'),(733,26,'Xã Sủng Là'),(736,26,'Xã Xà Phìn'),(739,26,'Xã Tả Phìn'),(742,26,'Xã Tả Lủng'),(745,26,'Xã Phố Cáo'),(748,26,'Xã Sính Lủng'),(751,26,'Xã Sảng Tủng'),(754,26,'Xã Lũng Thầu'),(757,26,'Xã Hố Quáng Phìn'),(760,26,'Xã Vần Chải'),(763,26,'Xã Lũng Phìn'),(766,26,'Xã Sủng Trái'),(769,27,'Thị Trấn Mèo Vạc'),(772,27,'Xã Thượng Phùng'),(775,27,'Xã Pải Lủng'),(778,27,'Xã Xín Cái'),(781,27,'Xã Pả Vi'),(784,27,'Xã Giàng Chu Phìn'),(787,27,'Xã Sủng Trà'),(790,27,'Xã Sủng Máng'),(793,27,'Xã Sơn Vĩ'),(796,27,'Xã Tả Lủng'),(799,27,'Xã Cán Chu Phìn'),(802,27,'Xã Lũng Pù'),(805,27,'Xã Lũng Chinh'),(808,27,'Xã Tát Ngà'),(811,27,'Xã Nậm Ban'),(814,27,'Xã Khâu Vai'),(815,27,'Xã Niêm Tòng'),(817,27,'Xã Niêm Sơn'),(820,28,'Thị Trấn Yên Minh'),(823,28,'Xã Thắng Mố'),(826,28,'Xã Phú Lũng'),(829,28,'Xã Sủng Tráng'),(832,28,'Xã Bạch Đích'),(835,28,'Xã Na Khê'),(838,28,'Xã Sủng Thài'),(841,28,'Xã Hữu Vinh'),(844,28,'Xã Lao Và Chải'),(847,28,'Xã Mậu Duệ'),(850,28,'Xã Đông Minh'),(853,28,'Xã Mậu Long'),(856,28,'Xã Ngam La'),(859,28,'Xã Ngọc Long'),(862,28,'Xã Đường Thượng'),(865,28,'Xã Lũng Hồ'),(868,28,'Xã Du Tiến'),(871,28,'Xã Du Già'),(874,29,'Thị Trấn Tam Sơn'),(877,29,'Xã Bát Đại Sơn'),(880,29,'Xã Nghĩa Thuận'),(883,29,'Xã Cán Tỷ'),(886,29,'Xã Cao Mã Pờ'),(889,29,'Xã Thanh Vân'),(892,29,'Xã Tùng Vài'),(895,29,'Xã Đông Hà'),(898,29,'Xã Quản Bạ'),(901,29,'Xã Lùng Tám'),(904,29,'Xã Quyết Tiến'),(907,29,'Xã Tả Ván'),(910,29,'Xã Thái An'),(913,30,'Thị Trấn Vị Xuyên'),(916,30,'Thị Trấn Nông Trường Việt Lâm'),(919,30,'Xã Minh Tân'),(922,30,'Xã Thuận Hoà'),(925,30,'Xã Tùng Bá'),(928,30,'Xã Thanh Thủy'),(931,30,'Xã Thanh Đức'),(934,30,'Xã Phong Quang'),(937,30,'Xã Xín Chải'),(940,30,'Xã Phương Tiến'),(943,30,'Xã Lao Chải'),(946,24,'Xã Phương Độ'),(949,24,'Xã Phương Thiện'),(952,30,'Xã Cao Bồ'),(955,30,'Xã Đạo Đức'),(958,30,'Xã Thượng Sơn'),(961,30,'Xã Linh Hồ'),(964,30,'Xã Quảng Ngần'),(967,30,'Xã Việt Lâm'),(970,30,'Xã Ngọc Linh'),(973,30,'Xã Ngọc Minh'),(976,30,'Xã Bạch Ngọc'),(979,30,'Xã Trung Thành'),(982,31,'Xã Minh Sơn'),(985,31,'Xã Giáp Trung'),(988,31,'Xã Yên Định'),(991,31,'Thị Trấn Yên Phú'),(994,31,'Xã Minh Ngọc'),(997,31,'Xã Yên Phong'),(1000,31,'Xã Lạc Nông'),(1003,31,'Xã Phú Nam'),(1006,31,'Xã Yên Cường'),(1009,31,'Xã Thượng Tân'),(1012,31,'Xã Đường Âm'),(1015,31,'Xã Đường Hồng'),(1018,31,'Xã Phiêng Luông'),(1021,32,'Thị Trấn Vinh Quang'),(1024,32,'Xã Bản Máy'),(1027,32,'Xã Thàng Tín'),(1030,32,'Xã Thèn Chu Phìn'),(1033,32,'Xã Pố Lồ'),(1036,32,'Xã Bản Phùng'),(1039,32,'Xã Túng Sán'),(1042,32,'Xã Chiến Phố'),(1045,32,'Xã Đản Ván'),(1048,32,'Xã Tụ Nhân'),(1051,32,'Xã Tân Tiến'),(1054,32,'Xã Nàng Đôn'),(1057,32,'Xã Pờ Ly Ngài'),(1060,32,'Xã Sán Xả Hồ'),(1063,32,'Xã Bản Luốc'),(1066,32,'Xã Ngàm Đăng Vài'),(1069,32,'Xã Bản Nhùng'),(1072,32,'Xã Tả Sử Choóng'),(1075,32,'Xã Nậm Dịch'),(1078,32,'Xã Bản Péo'),(1081,32,'Xã Hồ Thầu'),(1084,32,'Xã Nam Sơn'),(1087,32,'Xã Nậm Tỵ'),(1090,32,'Xã Thông Nguyên'),(1093,32,'Xã Nậm Khòa'),(1096,33,'Thị Trấn Cốc Pài'),(1099,33,'Xã Nàn Xỉn'),(1102,33,'Xã Bản Díu'),(1105,33,'Xã Chí Cà'),(1108,33,'Xã Xín Mần'),(1111,33,'Xã Trung Thịnh'),(1114,33,'Xã Thèn Phàng'),(1117,33,'Xã Ngán Chiên'),(1120,33,'Xã Pà Vầy Sủ'),(1123,33,'Xã Cốc Rế'),(1126,33,'Xã Thu Tà'),(1129,33,'Xã Nàn Ma'),(1132,33,'Xã Tả Nhìu'),(1135,33,'Xã Bản Ngò'),(1138,33,'Xã Chế Là'),(1141,33,'Xã Nấm Dẩn'),(1144,33,'Xã Quảng Nguyên'),(1147,33,'Xã Nà Chì'),(1150,33,'Xã Khuôn Lùng'),(1153,34,'Thị Trấn Việt Quang'),(1156,34,'Thị Trấn Vĩnh Tuy'),(1159,34,'Xã Tân Lập'),(1162,34,'Xã Tân Thành'),(1165,34,'Xã Đồng Tiến'),(1168,34,'Xã Đồng Tâm'),(1171,34,'Xã Tân Quang'),(1174,34,'Xã Thượng Bình'),(1177,34,'Xã Hữu Sản'),(1180,34,'Xã Kim Ngọc'),(1183,34,'Xã Việt Vinh'),(1186,34,'Xã Bằng Hành'),(1189,34,'Xã Quang Minh'),(1192,34,'Xã Liên Hiệp'),(1195,34,'Xã Vô Điếm'),(1198,34,'Xã Việt Hồng'),(1201,34,'Xã Hùng An'),(1204,34,'Xã Đức Xuân'),(1207,34,'Xã Tiên Kiều'),(1210,34,'Xã Vĩnh Hảo'),(1213,34,'Xã Vĩnh Phúc'),(1216,34,'Xã Đồng Yên'),(1219,34,'Xã Đông Thành'),(1222,35,'Xã Xuân Minh'),(1225,35,'Xã Tiên Nguyên'),(1228,35,'Xã Tân Nam'),(1231,35,'Xã Bản Rịa'),(1234,35,'Xã Yên Thành'),(1237,35,'Xã Yên Bình'),(1240,35,'Xã Tân Trịnh'),(1243,35,'Xã Tân Bắc'),(1246,35,'Xã Bằng Lang'),(1249,35,'Xã Yên Hà'),(1252,35,'Xã Hương Sơn'),(1255,35,'Xã Xuân Giang'),(1258,35,'Xã Nà Khương'),(1261,35,'Xã Tiên Yên'),(1264,35,'Xã Vĩ Thượng'),(1267,40,'Phường Sông Hiến'),(1270,40,'Phường Sông Bằng'),(1273,40,'Phường Hợp Giang'),(1276,40,'Phường Tân Giang'),(1279,40,'Xã Ngọc Xuân'),(1282,40,'Xã Đề Thám'),(1285,40,'Xã Hoà Chung'),(1288,40,'Xã Duyệt Trung'),(1290,42,'Thị Trấn Pác Mi Ầu'),(1291,42,'Xã Đức Hạnh'),(1294,42,'Xã Lý Bôn'),(1296,42,'Xã Nam Cao'),(1297,42,'Xã Nam Quang'),(1300,42,'Xã Vĩnh Quang'),(1303,42,'Xã Quảng Lâm'),(1304,42,'Xã Thạch Lâm'),(1306,42,'Xã Tân Việt'),(1309,42,'Xã Vĩnh Phong'),(1312,42,'Xã Mông Ân'),(1315,42,'Xã Thái Học'),(1316,42,'Xã Thái Sơn'),(1318,42,'Xã Yên Thổ'),(1321,43,'Thị Trấn Bảo Lạc'),(1324,43,'Xã Cốc Pàng'),(1327,43,'Xã Thượng Hà'),(1330,43,'Xã Cô Ba'),(1333,43,'Xã Bảo Toàn'),(1336,43,'Xã Khánh Xuân'),(1339,43,'Xã Xuân Trường'),(1342,43,'Xã Hồng Trị'),(1343,43,'Xã Kim Cúc'),(1345,43,'Xã Phan Thanh'),(1348,43,'Xã Hồng An'),(1351,43,'Xã Hưng Đạo'),(1352,43,'Xã Hưng Thịnh'),(1354,43,'Xã Huy Giáp'),(1357,43,'Xã Đình Phùng'),(1359,43,'Xã Sơn Lập'),(1360,43,'Xã Sơn Lộ'),(1363,44,'Thị Trấn Thông Nông'),(1366,44,'Xã Cần Yên'),(1367,44,'Xã Cần Nông'),(1369,44,'Xã Vị Quang'),(1372,44,'Xã Lương Thông'),(1375,44,'Xã Đa Thông'),(1378,44,'Xã Ngọc Động'),(1381,44,'Xã Yên Sơn'),(1384,44,'Xã Lương Can'),(1387,44,'Xã Thanh Long'),(1390,44,'Xã Bình Lãng'),(1392,45,'Thị Trấn Xuân Hoà'),(1393,45,'Xã Lũng Nặm'),(1396,45,'Xã Kéo Yên'),(1399,45,'Xã Trường Hà'),(1402,45,'Xã Vân An'),(1405,45,'Xã Cải Viên'),(1408,45,'Xã Nà Sác'),(1411,45,'Xã Nội Thôn'),(1414,45,'Xã Tổng Cọt'),(1417,45,'Xã Sóc Hà'),(1420,45,'Xã Thượng Thôn'),(1423,45,'Xã Vần Dính'),(1426,45,'Xã Hồng Sĩ'),(1429,45,'Xã Sĩ Hai'),(1432,45,'Xã Quý Quân'),(1435,45,'Xã Mã Ba'),(1438,45,'Xã Phù Ngọc'),(1441,45,'Xã Đào Ngạn'),(1444,45,'Xã Hạ Thôn'),(1447,46,'Thị Trấn Hùng Quốc'),(1450,46,'Xã Cô Mười'),(1453,46,'Xã Tri Phương'),(1456,46,'Xã Quang Hán'),(1459,46,'Xã Quang Vinh'),(1462,46,'Xã Xuân Nội'),(1465,46,'Xã Quang Trung'),(1468,46,'Xã Lưu Ngọc'),(1471,46,'Xã Cao Chương'),(1474,46,'Xã Quốc Toản'),(1477,47,'Thị Trấn Trùng Khánh'),(1480,47,'Xã Ngọc Khê'),(1481,47,'Xã Ngọc Côn'),(1483,47,'Xã Phong Nậm'),(1486,47,'Xã Ngọc Chung'),(1489,47,'Xã Đình Phong'),(1492,47,'Xã Lăng Yên'),(1495,47,'Xã Đàm Thuỷ'),(1498,47,'Xã Khâm Thành'),(1501,47,'Xã Chí Viễn'),(1504,47,'Xã Lăng Hiếu'),(1507,47,'Xã Phong Châu'),(1510,47,'Xã Đình Minh'),(1513,47,'Xã Cảnh Tiên'),(1516,47,'Xã Trung Phúc'),(1519,47,'Xã Cao Thăng'),(1522,47,'Xã Đức Hồng'),(1525,47,'Xã Thông Hoè'),(1528,47,'Xã Thân Giáp'),(1531,47,'Xã Đoài Côn'),(1534,48,'Xã Minh Long'),(1537,48,'Xã Lý Quốc'),(1540,48,'Xã Thắng Lợi'),(1543,48,'Xã Đồng Loan'),(1546,48,'Xã Đức Quang'),(1549,48,'Xã Kim Loan'),(1552,48,'Xã Quang Long'),(1555,48,'Xã An Lạc'),(1558,48,'Thị Trấn Thanh Nhật'),(1561,48,'Xã Vinh Quý'),(1564,48,'Xã Việt Chu'),(1567,48,'Xã Cô Ngân'),(1570,48,'Xã Thái Đức'),(1573,48,'Xã Thị Hoa'),(1576,49,'Thị Trấn Quảng Uyên'),(1579,49,'Xã Phi Hải'),(1582,49,'Xã Quảng Hưng'),(1585,49,'Xã Bình Lăng'),(1588,49,'Xã Quốc Dân'),(1591,49,'Xã Quốc Phong'),(1594,49,'Xã Độc Lập'),(1597,49,'Xã Cai Bộ'),(1600,49,'Xã Đoài Khôn'),(1603,49,'Xã Phúc Sen'),(1606,49,'Xã Chí Thảo'),(1609,49,'Xã Tự Do'),(1612,49,'Xã Hồng Định'),(1615,49,'Xã Hồng Quang'),(1618,49,'Xã Ngọc Động'),(1621,49,'Xã Hoàng Hải'),(1624,49,'Xã Hạnh Phúc'),(1627,50,'Thị Trấn Tà Lùng'),(1630,50,'Xã Triệu Ẩu'),(1633,50,'Xã Hồng Đại'),(1636,50,'Xã Cách Linh'),(1639,50,'Xã Đại Sơn'),(1642,50,'Xã Lương Thiện'),(1645,50,'Xã Tiên Thành'),(1648,50,'Thị Trấn Hoà Thuận'),(1651,50,'Xã Mỹ Hưng'),(1654,51,'Thị Trấn Nước Hai'),(1657,51,'Xã Dân Chủ'),(1660,51,'Xã Nam Tuấn'),(1663,51,'Xã Đức Xuân'),(1666,51,'Xã Đại Tiến'),(1669,51,'Xã Đức Long'),(1672,51,'Xã Ngũ Lão'),(1675,51,'Xã Trương Lương'),(1678,51,'Xã Bình Long'),(1681,51,'Xã Nguyễn Huệ'),(1684,51,'Xã Công Trừng'),(1687,51,'Xã Hồng Việt'),(1690,51,'Xã Bế Triều'),(1693,51,'Xã Vĩnh Quang'),(1696,51,'Xã Hoàng Tung'),(1699,51,'Xã Trương Vương'),(1702,51,'Xã Quang Trung'),(1705,51,'Xã Hưng Đạo'),(1708,51,'Xã Bạch Đằng'),(1711,51,'Xã Bình Dương'),(1714,51,'Xã Lê Chung'),(1717,51,'Xã Hà Trì'),(1720,51,'Xã Chu Trinh'),(1723,51,'Xã Hồng Nam'),(1726,52,'Thị Trấn Nguyên Bình'),(1729,52,'Thị Trấn Tĩnh Túc'),(1732,52,'Xã Yên Lạc'),(1735,52,'Xã Triệu Nguyên'),(1738,52,'Xã Ca Thành'),(1741,52,'Xã Thái Học'),(1744,52,'Xã Vũ Nông'),(1747,52,'Xã Minh Tâm'),(1750,52,'Xã Thể Dục'),(1753,52,'Xã Bắc Hợp'),(1756,52,'Xã Mai Long'),(1759,52,'Xã Lang Môn'),(1762,52,'Xã Minh Thanh'),(1765,52,'Xã Hoa Thám'),(1768,52,'Xã Phan Thanh'),(1771,52,'Xã Quang Thành'),(1774,52,'Xã Tam Kim'),(1777,52,'Xã Thành Công'),(1780,52,'Xã Thịnh Vượng'),(1783,52,'Xã Hưng Đạo'),(1786,53,'Thị Trấn Đông Khê'),(1789,53,'Xã Canh Tân'),(1792,53,'Xã Kim Đồng'),(1795,53,'Xã Minh Khai'),(1798,53,'Xã Thị Ngân'),(1801,53,'Xã Đức Thông'),(1804,53,'Xã Thái Cường'),(1807,53,'Xã Vân Trình'),(1810,53,'Xã Thuỵ Hùng'),(1813,53,'Xã Quang Trọng'),(1816,53,'Xã Trọng Con'),(1819,53,'Xã Lê Lai'),(1822,53,'Xã Đức Long'),(1825,53,'Xã Danh Sỹ'),(1828,53,'Xã Lê Lợi'),(1831,53,'Xã Đức Xuân'),(1834,58,'Phường Nguyễn Thị Minh Khai'),(1837,58,'Phường Sông Cầu'),(1840,58,'Phường Đức Xuân'),(1843,58,'Phường Phùng Chí Kiên'),(1846,58,'Xã Huyền Tụng'),(1849,58,'Xã Dương Quang'),(1852,58,'Xã Nông Thượng'),(1855,58,'Xã Xuất Hoá'),(1858,60,'Xã Bằng Thành'),(1861,60,'Xã Nhạn Môn'),(1864,60,'Xã Bộc Bố'),(1867,60,'Xã Công Bằng'),(1870,60,'Xã Giáo Hiệu'),(1873,60,'Xã Xuân La'),(1876,60,'Xã An Thắng'),(1879,60,'Xã Cổ Linh'),(1882,60,'Xã Nghiên Loan'),(1885,60,'Xã Cao Tân'),(1888,61,'Thị Trấn Chợ Rã'),(1891,61,'Xã Bành Trạch'),(1894,61,'Xã Phúc Lộc'),(1897,61,'Xã Hà Hiệu'),(1900,61,'Xã Cao Thượng'),(1903,61,'Xã Cao Trĩ'),(1906,61,'Xã Khang Ninh'),(1909,61,'Xã Nam Mẫu'),(1912,61,'Xã Thượng Giáo'),(1915,61,'Xã Địa Linh'),(1918,61,'Xã Yến Dương'),(1921,61,'Xã Chu Hương'),(1924,61,'Xã Quảng Khê'),(1927,61,'Xã Mỹ Phương'),(1930,61,'Xã Hoàng Trĩ'),(1933,61,'Xã Đồng Phúc'),(1936,62,'Thị Trấn Nà Phặc'),(1939,62,'Xã Thượng Ân'),(1942,62,'Xã Bằng Vân'),(1945,62,'Xã Cốc Đán'),(1948,62,'Xã Trung Hoà'),(1951,62,'Xã Đức Vân'),(1954,62,'Xã Vân Tùng'),(1957,62,'Xã Thượng Quan'),(1960,62,'Xã Lãng Ngâm'),(1963,62,'Xã Thuần Mang'),(1966,62,'Xã Hương Nê'),(1969,63,'Thị Trấn Phủ Thông'),(1972,63,'Xã Phương Linh'),(1975,63,'Xã Vi Hương'),(1978,63,'Xã Sĩ Bình'),(1981,63,'Xã Vũ Muộn'),(1984,63,'Xã Đôn Phong'),(1987,63,'Xã Tú Trĩ'),(1990,63,'Xã Lục Bình'),(1993,63,'Xã Tân Tiến'),(1996,63,'Xã Quân Bình'),(1999,63,'Xã Nguyên Phúc'),(2002,63,'Xã Cao Sơn'),(2005,63,'Xã Hà Vị'),(2008,63,'Xã Cẩm Giàng'),(2011,63,'Xã Mỹ Thanh'),(2014,63,'Xã Dương Phong'),(2017,63,'Xã Quang Thuận'),(2020,64,'Thị Trấn Bằng Lũng'),(2023,64,'Xã Xuân Lạc'),(2026,64,'Xã Nam Cường'),(2029,64,'Xã Đồng Lạc'),(2032,64,'Xã Tân Lập'),(2035,64,'Xã Bản Thi'),(2038,64,'Xã Quảng Bạch'),(2041,64,'Xã Bằng Phúc'),(2044,64,'Xã Yên Thịnh'),(2047,64,'Xã Yên Thượng'),(2050,64,'Xã Phương Viên'),(2053,64,'Xã Ngọc Phái'),(2056,64,'Xã Rã Bản'),(2059,64,'Xã Đông Viên'),(2062,64,'Xã Lương Bằng'),(2065,64,'Xã Bằng Lãng'),(2068,64,'Xã Đại Sảo'),(2071,64,'Xã Nghĩa Tá'),(2074,64,'Xã Phong Huân'),(2077,64,'Xã Yên Mỹ'),(2080,64,'Xã Bình Trung'),(2083,64,'Xã Yên Nhuận'),(2086,65,'Thị Trấn Chợ Mới'),(2089,65,'Xã Tân Sơn'),(2092,65,'Xã Thanh Vận'),(2095,65,'Xã Mai Lạp'),(2098,65,'Xã Hoà Mục'),(2101,65,'Xã Thanh Mai'),(2104,65,'Xã Cao Kỳ'),(2107,65,'Xã Nông Hạ'),(2110,65,'Xã Yên Cư'),(2113,65,'Xã Nông Thịnh'),(2116,65,'Xã Yên Hân'),(2119,65,'Xã Thanh Bình'),(2122,65,'Xã Như Cố'),(2125,65,'Xã Bình Văn'),(2128,65,'Xã Yên Đĩnh'),(2131,65,'Xã Quảng Chu'),(2134,66,'Thị Trấn Yến Lạc'),(2137,66,'Xã Vũ Loan'),(2140,66,'Xã Lạng San'),(2143,66,'Xã Lương Thượng'),(2146,66,'Xã Kim Hỷ'),(2149,66,'Xã Văn Học'),(2152,66,'Xã Cường Lợi'),(2155,66,'Xã Lương Hạ'),(2158,66,'Xã Kim Lư'),(2161,66,'Xã Lương Thành'),(2164,66,'Xã Ân Tình'),(2167,66,'Xã Lam Sơn'),(2170,66,'Xã Văn Minh'),(2173,66,'Xã Côn Minh'),(2176,66,'Xã Cư Lễ'),(2179,66,'Xã Hữu Thác'),(2182,66,'Xã Hảo Nghĩa'),(2185,66,'Xã Quang Phong'),(2188,66,'Xã Dương Sơn'),(2191,66,'Xã Xuân Dương'),(2194,66,'Xã Đổng Xá'),(2197,66,'Xã Liêm Thuỷ'),(2200,70,'Phường Phan Thiết'),(2203,70,'Phường Minh Xuân'),(2206,70,'Phường Tân Quang'),(2209,70,'Xã Tràng Đà'),(2212,70,'Phường Nông Tiến'),(2215,70,'Phường Ỷ La'),(2216,70,'Phường Tân Hà'),(2218,70,'Phường Hưng Thành'),(2221,72,'Thị Trấn Nà Hang'),(2227,72,'Xã Sinh Long'),(2230,72,'Xã Thượng Giáp'),(2233,72,'Xã Phúc Yên'),(2239,72,'Xã Thượng Nông'),(2242,72,'Xã Xuân Lập'),(2245,72,'Xã Côn Lôn'),(2248,72,'Xã Yên Hoa'),(2251,72,'Xã Khuôn Hà'),(2254,72,'Xã Hồng Thái'),(2260,72,'Xã Đà Vị'),(2263,72,'Xã Khau Tinh'),(2266,72,'Xã Lăng Can'),(2269,72,'Xã Thượng Lâm'),(2275,72,'Xã Sơn Phú'),(2281,72,'Xã Năng Khả'),(2284,72,'Xã Thanh Tương'),(2287,73,'Thị Trấn Vĩnh Lộc'),(2290,73,'Xã Bình An'),(2293,73,'Xã Hồng Quang'),(2296,73,'Xã Thổ Bình'),(2299,73,'Xã Phúc Sơn'),(2302,73,'Xã Minh Quang'),(2305,73,'Xã Trung Hà'),(2308,73,'Xã Tân Mỹ'),(2311,73,'Xã Hà Lang'),(2314,73,'Xã Hùng Mỹ'),(2317,73,'Xã Yên Lập'),(2320,73,'Xã Tân An'),(2323,73,'Xã Bình Phú'),(2326,73,'Xã Xuân Quang'),(2329,73,'Xã Ngọc Hội'),(2332,73,'Xã Phú Bình'),(2335,73,'Xã Hòa Phú'),(2338,73,'Xã Phúc Thịnh'),(2341,73,'Xã Kiên Đài'),(2344,73,'Xã Tân Thịnh'),(2347,73,'Xã Trung Hòa'),(2350,73,'Xã Kim Bình'),(2353,73,'Xã Hòa An'),(2356,73,'Xã Vinh Quang'),(2359,73,'Xã Tri Phú'),(2362,73,'Xã Nhân Lý'),(2365,73,'Xã Yên Nguyên'),(2368,73,'Xã Linh Phú'),(2371,73,'Xã Bình Nhân'),(2374,74,'Thị Trấn Tân Yên'),(2377,74,'Xã Yên Thuận'),(2380,74,'Xã Bạch Xa'),(2383,74,'Xã Minh Khương'),(2386,74,'Xã Yên Lâm'),(2389,74,'Xã Minh Dân'),(2392,74,'Xã Phù Lưu'),(2395,74,'Xã Minh Hương'),(2398,74,'Xã Yên Phú'),(2401,74,'Xã Tân Thành'),(2404,74,'Xã Bình Xa'),(2407,74,'Xã Thái Sơn'),(2410,74,'Xã Nhân Mục'),(2413,74,'Xã Thành Long'),(2416,74,'Xã Bằng Cốc'),(2419,74,'Xã Thái Hòa'),(2422,74,'Xã Đức Ninh'),(2425,74,'Xã Hùng Đức'),(2428,75,'Thị Trấn Tân Bình'),(2431,75,'Xã Quí Quân'),(2434,75,'Xã Lực Hành'),(2437,75,'Xã Kiến Thiết'),(2440,75,'Xã Trung Minh'),(2443,75,'Xã Chiêu Yên'),(2446,75,'Xã Trung Trực'),(2449,75,'Xã Xuân Vân'),(2452,75,'Xã Phúc Ninh'),(2455,75,'Xã Hùng Lợi'),(2458,75,'Xã Trung Sơn'),(2461,75,'Xã Tân Tiến'),(2464,75,'Xã Tứ Quận'),(2467,75,'Xã Đạo Viện'),(2470,75,'Xã Tân Long'),(2473,75,'Xã Thắng Quân'),(2476,75,'Xã Kim Quan'),(2479,75,'Xã Lang Quán'),(2482,75,'Xã Phú Thịnh'),(2485,75,'Xã Công Đa'),(2488,75,'Xã Trung Môn'),(2491,75,'Xã Chân Sơn'),(2494,75,'Xã Thái Bình'),(2497,75,'Xã Kim Phú'),(2500,75,'Xã Tiến Bộ'),(2503,70,'Xã An Khang'),(2506,75,'Xã Mỹ Bằng'),(2509,75,'Xã Phú Lâm'),(2512,70,'Xã An Tường'),(2515,70,'Xã Lưỡng Vượng'),(2518,75,'Xã Hoàng Khai'),(2521,70,'Xã Thái Long'),(2524,70,'Xã Đội Cấn'),(2527,75,'Xã Nhữ Hán'),(2530,75,'Xã Nhữ Khê'),(2533,75,'Xã Đội Bình'),(2536,76,'Thị Trấn Sơn Dương'),(2539,76,'Xã Trung Yên'),(2542,76,'Xã Minh Thanh'),(2545,76,'Xã Tân Trào'),(2548,76,'Xã Vĩnh Lợi'),(2551,76,'Xã Thượng Ấm'),(2554,76,'Xã Bình Yên'),(2557,76,'Xã Lương Thiện'),(2560,76,'Xã Tú Thịnh'),(2563,76,'Xã Cấp Tiến'),(2566,76,'Xã Hợp Thành'),(2569,76,'Xã Phúc Ứng'),(2572,76,'Xã Đông Thọ'),(2575,76,'Xã Kháng Nhật'),(2578,76,'Xã Hợp Hòa'),(2581,76,'Xã Thanh Phát'),(2584,76,'Xã Quyết Thắng'),(2587,76,'Xã Đồng Quý'),(2590,76,'Xã Tuân Lộ'),(2593,76,'Xã Vân Sơn'),(2596,76,'Xã Văn Phú'),(2599,76,'Xã Chi Thiết'),(2602,76,'Xã Đông Lợi'),(2605,76,'Xã Thiện Kế'),(2608,76,'Xã Hồng Lạc'),(2611,76,'Xã Phú Lương'),(2614,76,'Xã Ninh Lai'),(2617,76,'Xã Đại Phú'),(2620,76,'Xã Sơn Nam'),(2623,76,'Xã Hào Phú'),(2626,76,'Xã Tam Đa'),(2629,76,'Xã Sầm Dương'),(2632,76,'Xã Lâm Xuyên'),(2635,80,'Phường Duyên Hải'),(2638,80,'Phường Lào Cai'),(2641,80,'Phường Phố Mới'),(2644,80,'Phường Cốc Lếu'),(2647,80,'Phường Kim Tân'),(2650,80,'Phường Bắc Lệnh'),(2653,80,'Phường Pom Hán'),(2656,80,'Phường Xuân Tăng'),(2658,80,'Phường Bình Minh'),(2659,80,'Phường Thống Nhất'),(2662,80,'Xã Đồng Tuyển'),(2665,80,'Xã Vạn Hoà'),(2668,80,'Phường Bắc Cường'),(2671,80,'Phường Nam Cường'),(2674,80,'Xã Cam Đường'),(2677,80,'Xã Tả Phời'),(2680,80,'Xã Hợp Thành'),(2683,82,'Thị Trấn Bát Xát'),(2686,82,'Xã A Mú Sung'),(2689,82,'Xã Nậm Chạc'),(2692,82,'Xã A Lù'),(2695,82,'Xã Trịnh Tường'),(2698,82,'Xã Ngải Thầu'),(2701,82,'Xã Y Tý'),(2704,82,'Xã Cốc Mỳ'),(2707,82,'Xã Dền Sáng'),(2710,82,'Xã Bản Vược'),(2713,82,'Xã Sàng Ma Sáo'),(2716,82,'Xã Bản Qua'),(2719,82,'Xã Mường Vi'),(2722,82,'Xã Dền Thàng'),(2725,82,'Xã Bản Xèo'),(2728,82,'Xã Mường Hum'),(2731,82,'Xã Trung Lèng Hồ'),(2734,82,'Xã Quang Kim'),(2737,82,'Xã Pa Cheo'),(2740,82,'Xã Nậm Pung'),(2743,82,'Xã Phìn Ngan'),(2746,82,'Xã Cốc San'),(2749,82,'Xã Tòng Sành'),(2752,83,'Xã Pha Long'),(2755,83,'Xã Tả Ngải Chồ'),(2758,83,'Xã Tung Chung Phố'),(2761,83,'Xã Mường Khương'),(2764,83,'Xã Dìn Chin'),(2767,83,'Xã Tả Gia Khâu'),(2770,83,'Xã Nậm Chảy'),(2773,83,'Xã Nấm Lư'),(2776,83,'Xã Lùng Khấu Nhin'),(2779,83,'Xã Thanh Bình'),(2782,83,'Xã Cao Sơn'),(2785,83,'Xã Lùng Vai'),(2788,83,'Xã Bản Lầu'),(2791,83,'Xã La Pan Tẩn'),(2794,83,'Xã Tả Thàng'),(2797,83,'Xã Bản Sen'),(2800,84,'Xã Nàn Sán'),(2803,84,'Xã Thào Chư Phìn'),(2806,84,'Xã Bản Mế'),(2809,84,'Xã Si Ma Cai'),(2812,84,'Xã Sán Chải'),(2815,84,'Xã Mản Thẩn'),(2818,84,'Xã Lùng Sui'),(2821,84,'Xã Cán Cấu'),(2824,84,'Xã Sín Chéng'),(2827,84,'Xã Cán Hồ'),(2830,84,'Xã Quan Thần Sán'),(2833,84,'Xã Lử Thẩn'),(2836,84,'Xã Nàn Xín'),(2839,85,'Thị Trấn Bắc Hà'),(2842,85,'Xã Lùng Cải'),(2845,85,'Xã Bản Già'),(2848,85,'Xã Lùng Phình'),(2851,85,'Xã Tả Van Chư'),(2854,85,'Xã Tả Củ Tỷ'),(2857,85,'Xã Thải Giàng Phố'),(2860,85,'Xã Lầu Thí Ngài'),(2863,85,'Xã Hoàng Thu Phố'),(2866,85,'Xã Bản Phố'),(2869,85,'Xã Bản Liền'),(2872,85,'Xã Tà Chải'),(2875,85,'Xã Na Hối'),(2878,85,'Xã Cốc Ly'),(2881,85,'Xã Nậm Mòn'),(2884,85,'Xã Nậm Đét'),(2887,85,'Xã Nậm Khánh'),(2890,85,'Xã Bảo Nhai'),(2893,85,'Xã Nậm Lúc'),(2896,85,'Xã Cốc Lầu'),(2899,85,'Xã Bản Cái'),(2902,86,'Thị Trấn N.t Phong Hải'),(2905,86,'Thị Trấn Phố Lu'),(2908,86,'Thị Trấn Tằng Loỏng'),(2911,86,'Xã Bản Phiệt'),(2914,86,'Xã Bản Cầm'),(2917,86,'Xã Thái Niên'),(2920,86,'Xã Phong Niên'),(2923,86,'Xã Gia Phú'),(2926,86,'Xã Xuân Quang'),(2929,86,'Xã Sơn Hải'),(2932,86,'Xã Xuân Giao'),(2935,86,'Xã Trì Quang'),(2938,86,'Xã Sơn Hà'),(2941,86,'Xã Phố Lu'),(2944,86,'Xã Phú Nhuận'),(2947,87,'Thị Trấn Phố Ràng'),(2950,87,'Xã Tân Tiến'),(2953,87,'Xã Nghĩa Đô'),(2956,87,'Xã Vĩnh Yên'),(2959,87,'Xã Điện Quan'),(2962,87,'Xã Xuân Hoà'),(2965,87,'Xã Tân Dương'),(2968,87,'Xã Thượng Hà'),(2971,87,'Xã Kim Sơn'),(2974,87,'Xã Cam Cọn'),(2977,87,'Xã Minh Tân'),(2980,87,'Xã Xuân Thượng'),(2983,87,'Xã Việt Tiến'),(2986,87,'Xã Yên Sơn'),(2989,87,'Xã Bảo Hà'),(2992,87,'Xã Lương Sơn'),(2995,87,'Xã Long Phúc'),(2998,87,'Xã Long Khánh'),(3001,88,'Thị Trấn Sa Pa'),(3004,88,'Xã Bản Khoang'),(3007,88,'Xã Tả Giàng Phình'),(3010,88,'Xã Trung Chải'),(3013,88,'Xã Tả Phìn'),(3016,88,'Xã Sa Pả'),(3019,88,'Xã San Sả Hồ'),(3022,88,'Xã Bản Phùng'),(3025,88,'Xã Hầu Thào'),(3028,88,'Xã Lao Chải'),(3031,88,'Xã Thanh Kim'),(3034,88,'Xã Suối Thầu'),(3037,88,'Xã Sử Pán'),(3040,88,'Xã Tả Van'),(3043,88,'Xã Thanh Phú'),(3046,88,'Xã Bản Hồ'),(3049,88,'Xã Nậm Sài'),(3052,88,'Xã Nậm Cang'),(3055,89,'Thị Trấn Khánh Yên'),(3058,89,'Xã Văn Sơn'),(3061,89,'Xã Võ Lao'),(3064,89,'Xã Sơn Thuỷ'),(3067,89,'Xã Nậm Mả'),(3070,89,'Xã Tân Thượng'),(3073,89,'Xã Nậm Rạng'),(3076,89,'Xã Nậm Chầy'),(3079,89,'Xã Tân An'),(3082,89,'Xã Khánh Yên Thượng'),(3085,89,'Xã Nậm Xé'),(3088,89,'Xã Dần Thàng'),(3091,89,'Xã Chiềng Ken'),(3094,89,'Xã Làng Giàng'),(3097,89,'Xã Hoà Mạc'),(3100,89,'Xã Khánh Yên Trung'),(3103,89,'Xã Khánh Yên Hạ'),(3106,89,'Xã Dương Quỳ'),(3109,89,'Xã Nậm Tha'),(3112,89,'Xã Minh Lương'),(3115,89,'Xã Thẩm Dương'),(3118,89,'Xã Liêm Phú'),(3121,89,'Xã Nậm Xây'),(3124,94,'Phường Noong Bua'),(3127,94,'Phường Him Lam'),(3130,94,'Phường Thanh Bình'),(3133,94,'Phường Tân Thanh'),(3136,94,'Phường Mường Thanh'),(3139,94,'Phường Nam Thanh'),(3142,94,'Phường Thanh Trường'),(3144,94,'Xã Tà Lèng'),(3145,94,'Xã Thanh Minh'),(3148,95,'Phường Sông Đà'),(3151,95,'Phường Na Lay'),(3154,96,'Xã Sín Thầu'),(3155,96,'Xã Sen Thượng'),(3157,96,'Xã Chung Chải'),(3158,96,'Xã Leng Su Sìn'),(3159,96,'Xã Pá Mỳ'),(3160,96,'Xã Mường Nhé'),(3161,96,'Xã Nậm Vì'),(3162,96,'Xã Nậm Kè'),(3163,96,'Xã Mường Toong'),(3164,96,'Xã Quảng Lâm'),(3165,96,'Xã Pa Tần'),(3166,96,'Xã Chà Cang'),(3167,96,'Xã Na Cô Sa'),(3168,96,'Xã Nà Khoa'),(3169,96,'Xã Nà Hỳ'),(3170,96,'Xã Nà Bủng'),(3172,97,'Thị Trấn Mường Chà'),(3174,97,'Xã Nậm Khăn'),(3175,97,'Xã Chà Tở'),(3178,97,'Xã Xá Tổng'),(3181,97,'Xã Mường Tùng'),(3184,95,'Xã Lay Nưa'),(3187,97,'Xã Chà Nưa'),(3190,97,'Xã Hừa Ngài'),(3193,97,'Xã Pa Ham'),(3196,97,'Xã Huổi Lèng'),(3197,97,'Xã Sa Lông'),(3198,97,'Xã Phìn Hồ'),(3199,97,'Xã Si Pa Phìn'),(3200,97,'Xã Ma Thì Hồ'),(3201,97,'Xã Na Sang'),(3202,97,'Xã Mường Mươn'),(3203,101,'Thị Trấn Điện Biên Đông'),(3205,101,'Xã Na Son'),(3208,101,'Xã Phì Nhừ'),(3211,101,'Xã Chiềng Sơ'),(3214,101,'Xã Mường Luân'),(3217,98,'Thị Trấn Tủa Chùa'),(3220,98,'Xã Huổi Só'),(3223,98,'Xã Xín Chải'),(3226,98,'Xã Tả Sìn Thàng'),(3229,98,'Xã Lao Xả Phình'),(3232,98,'Xã Tả Phìn'),(3235,98,'Xã Tủa Thàng'),(3238,98,'Xã Trung Thu'),(3241,98,'Xã Sính Phình'),(3244,98,'Xã Sáng Nhè'),(3247,98,'Xã Mường Đun'),(3250,98,'Xã Mường Báng'),(3253,99,'Thị Trấn Tuần Giáo'),(3256,102,'Thị Trấn Mường Ảng'),(3259,99,'Xã Phình Sáng'),(3262,99,'Xã Mùn Chung'),(3265,99,'Xã Ta Ma'),(3268,99,'Xã Mường Mùn'),(3271,99,'Xã Pú Nhung'),(3274,99,'Xã Quài Nưa'),(3277,99,'Xã Mường Thín'),(3280,99,'Xã Tỏa Tình'),(3283,99,'Xã Nà Sáy'),(3286,102,'Xã Mường Đăng'),(3287,102,'Xã Ngối Cáy'),(3289,99,'Xã Quài Cang'),(3292,102,'Xã Ẳng Tở'),(3295,99,'Xã Quài Tở'),(3298,99,'Xã Chiềng Sinh'),(3301,102,'Xã Búng Lao'),(3302,102,'Xã Xuân Lao'),(3304,99,'Xã Tênh Phông'),(3307,102,'Xã Ẳng Nưa'),(3310,102,'Xã Ẳng Cang'),(3312,102,'Xã Nặm Lịch'),(3313,102,'Xã Mường Lạn'),(3316,100,'Xã Nà Tấu'),(3317,100,'Xã Nà Nhạn'),(3319,100,'Xã Mường Pồn'),(3322,100,'Xã Thanh Nưa'),(3325,100,'Xã Mường Phăng'),(3328,100,'Xã Thanh Luông'),(3331,100,'Xã Thanh Hưng'),(3334,100,'Xã Thanh Xương'),(3337,100,'Xã Thanh Chăn'),(3340,100,'Xã Pa Thơm'),(3343,100,'Xã Thanh An'),(3346,100,'Xã Thanh Yên'),(3349,100,'Xã Noong Luống'),(3352,100,'Xã Noọng Hẹt'),(3355,100,'Xã Sam Mứn'),(3358,100,'Xã Núa Ngam'),(3361,100,'Xã Na Ư'),(3364,100,'Xã Mường Nhà'),(3367,100,'Xã Mường Lói'),(3370,101,'Xã Pu Nhi'),(3371,101,'Xã Nong U'),(3373,101,'Xã Xa Dung'),(3376,101,'Xã Keo Lôm'),(3379,101,'Xã Luân Giới'),(3382,101,'Xã Phình Giàng'),(3383,101,'Xã Pú Hồng'),(3384,101,'Xã Tìa Dình'),(3385,101,'Xã Háng Lìa'),(3386,104,'Phường Quyết Thắng'),(3387,104,'Phường Tân Phong'),(3389,104,'Phường Đoàn Kết'),(3390,106,'Thị Trấn Tam Đường'),(3391,109,'Xã Lả Nhì Thàng'),(3394,106,'Xã Thèn Sin'),(3397,106,'Xã Sùng Phài'),(3400,106,'Xã Tả Lèng'),(3403,104,'Xã Nậm Loỏng'),(3405,106,'Xã Giang Ma'),(3406,106,'Xã Hồ Thầu'),(3409,104,'Xã San Thàng'),(3412,106,'Xã Bình Lư'),(3413,106,'Xã Sơn Bình'),(3415,106,'Xã Nùng Nàng'),(3418,106,'Xã Bản Giang'),(3421,106,'Xã Bản Hon'),(3424,106,'Xã Bản Bo'),(3427,106,'Xã Nà Tăm'),(3430,106,'Xã Khun Há'),(3433,107,'Thị Trấn Mường Tè'),(3436,107,'Xã Thu Lũm'),(3439,107,'Xã Ka Lăng'),(3442,107,'Xã Pa Ủ'),(3445,107,'Xã Mường Tè'),(3448,107,'Xã Pa Vệ Sử'),(3451,107,'Xã Mù Cả'),(3454,107,'Xã Bun Tở'),(3457,107,'Xã Nậm Khao'),(3460,107,'Xã Hua Bun'),(3463,107,'Xã Tà Tổng'),(3466,107,'Xã Bun Nưa'),(3469,107,'Xã Kan Hồ'),(3472,107,'Xã Mường Mô'),(3474,107,'Xã Nậm Manh'),(3475,107,'Xã Nậm Hàng'),(3478,108,'Thị Trấn Sìn Hồ'),(3481,108,'Xã Lê Lợi'),(3484,108,'Xã Pú Đao'),(3487,108,'Xã Chăn Nưa'),(3490,109,'Xã Huổi Luông'),(3493,108,'Xã Pa Tần'),(3496,108,'Xã Phìn Hồ'),(3499,108,'Xã Hồng Thu'),(3502,108,'Xã Nậm Ban'),(3505,108,'Xã Phăng Sô Lin'),(3508,108,'Xã Ma Quai'),(3511,108,'Xã Tả Phìn'),(3514,108,'Xã Sà Dề Phìn'),(3517,108,'Xã Nậm Tăm'),(3520,108,'Xã Tả Ngảo'),(3523,108,'Xã Pu Sam Cáp'),(3526,108,'Xã Nậm Cha'),(3529,108,'Xã Làng Mô'),(3532,108,'Xã Noong Hẻo'),(3535,108,'Xã Nậm Mạ'),(3538,108,'Xã Căn Co'),(3541,108,'Xã Tủa Sín Chải'),(3544,108,'Xã Nậm Cuổi'),(3547,108,'Xã Nậm Hăn'),(3549,109,'Thị Trấn Phong Thổ'),(3550,109,'Xã Sì Lờ Lầu'),(3553,109,'Xã Mồ Sì San'),(3556,109,'Xã Ma Li Chải'),(3559,109,'Xã Pa Vây Sử'),(3562,109,'Xã Vàng Ma Chải'),(3565,109,'Xã Tông Qua Lìn'),(3568,109,'Xã Mù Sang'),(3571,109,'Xã Dào San'),(3574,109,'Xã Ma Ly Pho'),(3577,109,'Xã Bản Lang'),(3580,109,'Xã Hoang Thèn'),(3583,109,'Xã Khổng Lào'),(3586,109,'Xã Nậm Xe'),(3589,109,'Xã Mường So'),(3592,109,'Xã Sin Suối Hồ'),(3595,110,'Thị Trấn Than Uyên'),(3598,111,'Thị Trấn Tân Uyên'),(3601,111,'Xã Mường Khoa'),(3602,111,'Xã Phúc Khoa'),(3604,111,'Xã Thân Thuộc'),(3605,111,'Xã Trung Đồng'),(3607,111,'Xã Hố Mít'),(3610,111,'Xã Nậm Cần'),(3613,111,'Xã Nậm Sỏ'),(3616,111,'Xã Pắc Ta'),(3618,110,'Xã Phúc Than'),(3619,110,'Xã Mường Than'),(3622,111,'Xã Tà Mít'),(3625,110,'Xã Mường Mít'),(3628,110,'Xã Pha Mu'),(3631,110,'Xã Mường Cang'),(3632,110,'Xã Hua Nà'),(3634,110,'Xã Tà Hừa'),(3637,110,'Xã Mường Kim'),(3638,110,'Xã Tà Mung'),(3640,110,'Xã Tà Gia'),(3643,110,'Xã Khoen On'),(3646,116,'Phường Chiềng Lề'),(3649,116,'Phường Tô Hiệu'),(3652,116,'Phường Quyết Thắng'),(3655,116,'Phường Quyết Tâm'),(3658,116,'Xã Chiềng Cọ'),(3661,116,'Xã Chiềng Đen'),(3664,116,'Xã Chiềng Xôm'),(3667,116,'Phường Chiềng An'),(3670,116,'Xã Chiềng Cơi'),(3673,116,'Xã Chiềng Ngần'),(3676,116,'Xã Hua La'),(3679,116,'Phường Chiềng Sinh'),(3682,118,'Xã Mường Chiên'),(3685,118,'Xã Cà Nàng'),(3688,118,'Xã Chiềng Khay'),(3691,118,'Xã Pha Khinh'),(3694,118,'Xã Mường Giôn'),(3697,118,'Xã Pắc Ma'),(3700,118,'Xã Chiềng Ơn'),(3703,118,'Xã Mường Giàng'),(3706,118,'Xã Chiềng Bằng'),(3709,118,'Xã Mường Sại'),(3712,118,'Xã Nậm Ét'),(3715,118,'Xã Liệp Muội'),(3718,118,'Xã Chiềng Khoang'),(3721,119,'Thị Trấn Thuận Châu'),(3724,119,'Xã Phỏng Lái'),(3727,119,'Xã Mường É'),(3730,119,'Xã Chiềng Pha'),(3733,119,'Xã Chiềng La'),(3736,119,'Xã Chiềng Ngàm'),(3739,119,'Xã Liệp Tè'),(3742,119,'Xã É Tòng'),(3745,119,'Xã Phỏng Lập'),(3748,119,'Xã Phỏng Lặng'),(3751,119,'Xã Chiềng Ly'),(3754,119,'Xã Nong Lay'),(3757,119,'Xã Mường Khiêng'),(3760,119,'Xã Mường Bám'),(3763,119,'Xã Long Hẹ'),(3766,119,'Xã Chiềng Bôm'),(3769,119,'Xã Thôn Mòn'),(3772,119,'Xã Tòng Lệnh'),(3775,119,'Xã Tòng Cọ'),(3778,119,'Xã Bó Mười'),(3781,119,'Xã Co Mạ'),(3784,119,'Xã Púng Tra'),(3787,119,'Xã Chiềng Pấc'),(3790,119,'Xã Nậm Lầu'),(3793,119,'Xã Bon Phặng'),(3796,119,'Xã Co Tòng'),(3799,119,'Xã Muội Nọi'),(3802,119,'Xã Pá Lông'),(3805,119,'Xã Bản Lầm'),(3808,120,'Thị Trấn Ít Ong'),(3811,120,'Xã Nậm Giôn'),(3814,120,'Xã Chiềng Lao'),(3817,120,'Xã Hua Trai'),(3820,120,'Xã Ngọc Chiến'),(3823,120,'Xã Mường Trai'),(3826,120,'Xã Nậm Păm'),(3829,120,'Xã Chiềng Muôn'),(3832,120,'Xã Chiềng Ân'),(3835,120,'Xã Pi Toong'),(3838,120,'Xã Chiềng Công'),(3841,120,'Xã Tạ Bú'),(3844,120,'Xã Chiềng San'),(3847,120,'Xã Mường Bú'),(3850,120,'Xã Chiềng Hoa'),(3853,120,'Xã Mường Chùm'),(3856,121,'Thị Trấn Bắc Yên'),(3859,121,'Xã Phiêng Ban'),(3862,121,'Xã Hang Chú'),(3865,121,'Xã Xín Vàng'),(3868,121,'Xã Tà Xùa'),(3869,121,'Xã Háng Đồng'),(3871,121,'Xã Bắc Ngà'),(3874,121,'Xã Làng Chếu'),(3877,121,'Xã Chim Vàn'),(3880,121,'Xã Mường Khoa'),(3883,121,'Xã Song Pe'),(3886,121,'Xã Hồng Ngài'),(3889,121,'Xã Tạ Khoa'),(3890,121,'Xã Hua Nhàn'),(3892,121,'Xã Phiêng Kôn'),(3895,121,'Xã Chiềng Sại'),(3898,122,'Thị Trấn Phù Yên'),(3901,122,'Xã Suối Tọ'),(3904,122,'Xã Mường Thải'),(3907,122,'Xã Mường Cơi'),(3910,122,'Xã Quang Huy'),(3913,122,'Xã Huy Bắc'),(3916,122,'Xã Huy Thượng'),(3919,122,'Xã Tân Lang'),(3922,122,'Xã Gia Phù'),(3925,122,'Xã Tường Phù'),(3928,122,'Xã Huy Hạ'),(3931,122,'Xã Huy Tân'),(3934,122,'Xã Mường Lang'),(3937,122,'Xã Suối Bau'),(3940,122,'Xã Huy Tường'),(3943,122,'Xã Mường Do'),(3946,122,'Xã Sập Xa'),(3949,122,'Xã Tường Thượng'),(3952,122,'Xã Tường Tiến'),(3955,122,'Xã Tường Phong'),(3958,122,'Xã Tường Hạ'),(3961,122,'Xã Kim Bon'),(3964,122,'Xã Mường Bang'),(3967,122,'Xã Đá Đỏ'),(3970,122,'Xã Tân Phong'),(3973,122,'Xã Nam Phong'),(3976,122,'Xã Bắc Phong'),(3979,123,'Thị Trấn Mộc Châu'),(3982,123,'Thị Trấn Nt Mộc Châu'),(3985,123,'Xã Chiềng Sơn'),(3988,123,'Xã Tân Hợp'),(3991,123,'Xã Qui Hướng'),(3994,123,'Xã Suối Bàng'),(3997,123,'Xã Tân Lập'),(4000,123,'Xã Nà Mường'),(4003,123,'Xã Tà Lai'),(4006,123,'Xã Song Khủa'),(4009,123,'Xã Liên Hoà'),(4012,123,'Xã Chiềng Hắc'),(4015,123,'Xã Hua Păng'),(4018,123,'Xã Tô Múa'),(4021,123,'Xã Mường Tè'),(4024,123,'Xã Chiềng Khừa'),(4027,123,'Xã Mường Sang'),(4030,123,'Xã Đông Sang'),(4033,123,'Xã Phiêng Luông'),(4036,123,'Xã Chiềng Khoa'),(4039,123,'Xã Mường Men'),(4042,123,'Xã Quang Minh'),(4045,123,'Xã Lóng Sập'),(4048,123,'Xã Vân Hồ'),(4051,123,'Xã Lóng Luông'),(4054,123,'Xã Chiềng Yên'),(4056,123,'Xã Chiềng Xuân'),(4057,123,'Xã Xuân Nha'),(4058,123,'Xã Tân Xuân'),(4060,124,'Thị Trấn Yên Châu'),(4063,124,'Xã Chiềng Đông'),(4066,124,'Xã Sập Vạt'),(4069,124,'Xã Chiềng Sàng'),(4072,124,'Xã Chiềng Pằn'),(4075,124,'Xã Viêng Lán'),(4078,124,'Xã Chiềng Hặc'),(4081,124,'Xã Mường Lựm'),(4084,124,'Xã Chiềng On'),(4087,124,'Xã Yên Sơn'),(4090,124,'Xã Chiềng Khoi'),(4093,124,'Xã Tú Nang'),(4096,124,'Xã Lóng Phiêng'),(4099,124,'Xã Phiêng Khoài'),(4102,124,'Xã Chiềng Tương'),(4105,125,'Thị Trấn Hát Lót'),(4108,125,'Xã Chiềng Sung'),(4111,125,'Xã Mường Bằng'),(4114,125,'Xã Chiềng Chăn'),(4117,125,'Xã Mương Tranh'),(4120,125,'Xã Chiềng Ban'),(4123,125,'Xã Chiềng Mung'),(4126,125,'Xã Mường Bon'),(4129,125,'Xã Chiềng Chung'),(4132,125,'Xã Chiềng Mai'),(4135,125,'Xã Hát Lót'),(4136,125,'Xã Nà Bó'),(4138,125,'Xã Cò Nòi'),(4141,125,'Xã Chiềng Nơi'),(4144,125,'Xã Phiêng Cằm'),(4147,125,'Xã Chiềng Dong'),(4150,125,'Xã Chiềng Kheo'),(4153,125,'Xã Chiềng Ve'),(4156,125,'Xã Chiềng Lương'),(4159,125,'Xã Phiêng Pằn'),(4162,125,'Xã Nà Ơt'),(4165,125,'Xã Tà Hộc'),(4168,126,'Thị Trấn Sông Mã'),(4171,126,'Xã Bó Sinh'),(4174,126,'Xã Pú Pẩu'),(4177,126,'Xã Chiềng Phung'),(4180,126,'Xã Chiềng En'),(4183,126,'Xã Mường Lầm'),(4186,126,'Xã Nậm Ty'),(4189,126,'Xã Đứa Mòn'),(4192,126,'Xã Yên Hưng'),(4195,126,'Xã Chiềng Sơ'),(4198,126,'Xã Nà Ngựu'),(4201,126,'Xã Nậm Mằn'),(4204,126,'Xã Chiềng Khoong'),(4207,126,'Xã Chiềng Cang'),(4210,126,'Xã Huổi Một'),(4213,126,'Xã Mường Sai'),(4216,126,'Xã Mường Cai'),(4219,126,'Xã Mường Hung'),(4222,126,'Xã Chiềng Khương'),(4225,127,'Xã Sam Kha'),(4228,127,'Xã Púng Bánh'),(4231,127,'Xã Xốp Cộp'),(4234,127,'Xã Dồm Cang'),(4237,127,'Xã Nậm Lạnh'),(4240,127,'Xã Mường Lèo'),(4243,127,'Xã Mường Và'),(4246,127,'Xã Mường Lạn'),(4249,132,'Phường Yên Thịnh'),(4252,132,'Phường Yên Ninh'),(4255,132,'Phường Minh Tân'),(4258,132,'Phường Nguyễn Thái Học'),(4261,132,'Phường Đồng Tâm'),(4264,132,'Phường Nguyễn Phúc'),(4267,132,'Phường Hồng Hà'),(4270,132,'Xã Minh Bảo'),(4273,132,'Xã Nam Cường'),(4276,132,'Xã Tuy Lộc'),(4279,132,'Xã Tân Thịnh'),(4282,133,'Phường Pú Trạng'),(4285,133,'Phường Trung Tâm'),(4288,133,'Phường Tân An'),(4291,133,'Phường Cầu Thia'),(4294,133,'Xã Nghĩa Lợi'),(4297,133,'Xã Nghĩa Phúc'),(4300,133,'Xã Nghĩa An'),(4303,135,'Thị Trấn Yên Thế'),(4306,135,'Xã Tân Phượng'),(4309,135,'Xã Lâm Thượng'),(4312,135,'Xã Khánh Thiện'),(4315,135,'Xã Minh Chuẩn'),(4318,135,'Xã Mai Sơn'),(4321,135,'Xã Khai Trung'),(4324,135,'Xã Mường Lai'),(4327,135,'Xã An Lạc'),(4330,135,'Xã Minh Xuân'),(4333,135,'Xã Tô Mậu'),(4336,135,'Xã Tân Lĩnh'),(4339,135,'Xã Yên Thắng'),(4342,135,'Xã Khánh Hoà'),(4345,135,'Xã Vĩnh Lạc'),(4348,135,'Xã Liễu Đô'),(4351,135,'Xã Động Quan'),(4354,135,'Xã Tân Lập'),(4357,135,'Xã Minh Tiến'),(4360,135,'Xã Trúc Lâu'),(4363,135,'Xã Phúc Lợi'),(4366,135,'Xã Phan Thanh'),(4369,135,'Xã An Phú'),(4372,135,'Xã Trung Tâm'),(4375,136,'Thị Trấn Mậu A'),(4378,136,'Xã Lang Thíp'),(4381,136,'Xã Lâm Giang'),(4384,136,'Xã Châu Quế Thượng'),(4387,136,'Xã Châu Quế Hạ'),(4390,136,'Xã An Bình'),(4393,136,'Xã Quang Minh'),(4396,136,'Xã Đông An'),(4399,136,'Xã Đông Cuông'),(4402,136,'Xã Phong Dụ Hạ'),(4405,136,'Xã Mậu Đông'),(4408,136,'Xã Ngòi A'),(4411,136,'Xã Xuân Tầm'),(4414,136,'Xã Tân Hợp'),(4417,136,'Xã An Thịnh'),(4420,136,'Xã Yên Thái'),(4423,136,'Xã Phong Dụ Thượng'),(4426,136,'Xã Yên Hợp'),(4429,136,'Xã Đại Sơn'),(4432,136,'Xã Yên Hưng'),(4435,136,'Xã Đại Phác'),(4438,136,'Xã Yên Phú'),(4441,136,'Xã Xuân Ái'),(4444,136,'Xã Hoàng Thắng'),(4447,136,'Xã Viễn Sơn'),(4450,136,'Xã Mỏ Vàng'),(4453,136,'Xã Nà Hẩu'),(4456,137,'Thị Trấn Mù Cang Chải'),(4459,137,'Xã Hồ Bốn'),(4462,137,'Xã Nậm Có'),(4465,137,'Xã Khao Mang'),(4468,137,'Xã Mồ Dề'),(4471,137,'Xã Chế Cu Nha'),(4474,137,'Xã Lao Chải'),(4477,137,'Xã Kim Nọi'),(4480,137,'Xã Cao Phạ'),(4483,137,'Xã La Pán Tẩn'),(4486,137,'Xã Dế Xu Phình'),(4489,137,'Xã Chế Tạo'),(4492,137,'Xã Púng Luông'),(4495,137,'Xã Nậm Khắt'),(4498,138,'Thị Trấn Cổ Phúc'),(4501,138,'Xã Tân Đồng'),(4504,138,'Xã Báo Đáp'),(4507,138,'Xã Đào Thịnh'),(4510,138,'Xã Việt Thành'),(4513,138,'Xã Hòa Cuông'),(4516,138,'Xã Minh Quán'),(4519,138,'Xã Quy Mông'),(4522,138,'Xã Cường Thịnh'),(4525,138,'Xã Kiên Thành'),(4528,138,'Xã Nga Quán'),(4531,138,'Xã Y Can'),(4534,138,'Xã Minh Tiến'),(4537,138,'Xã Lương Thịnh'),(4540,132,'Xã Âu Lâu'),(4543,132,'Xã Giới Phiên'),(4546,132,'Xã Hợp Minh'),(4549,132,'Xã Văn Tiến'),(4552,132,'Xã Phúc Lộc'),(4555,141,'Xã Văn Lãng'),(4558,132,'Xã Văn Phú'),(4561,138,'Xã Bảo Hưng'),(4564,138,'Xã Việt Cường'),(4567,138,'Xã Minh Quân'),(4570,138,'Xã Hồng Ca'),(4573,138,'Xã Hưng Thịnh'),(4576,138,'Xã Hưng Khánh'),(4579,138,'Xã Việt Hồng'),(4582,138,'Xã Vân Hội'),(4585,139,'Thị Trấn Trạm Tấu'),(4588,139,'Xã Túc Đán'),(4591,139,'Xã Pá Lau'),(4594,139,'Xã Xà Hồ'),(4597,139,'Xã Phình Hồ'),(4600,139,'Xã Trạm Tấu'),(4603,139,'Xã Tà Si Láng'),(4606,139,'Xã Pá Hu'),(4609,139,'Xã Làng Nhì'),(4612,139,'Xã Bản Công'),(4615,139,'Xã Bản Mù'),(4618,139,'Xã Hát Lừu'),(4621,140,'Thị Trấn Nông Trường Liên Sơn'),(4624,140,'Thị Trấn Nông Trường Nghĩa Lộ'),(4627,140,'Thị Trấn Nông Trường Trần Phú'),(4630,140,'Xã Tú Lệ'),(4633,140,'Xã Nậm Búng'),(4636,140,'Xã Gia Hội'),(4639,140,'Xã Sùng Đô'),(4642,140,'Xã Nậm Mười'),(4645,140,'Xã An Lương'),(4648,140,'Xã Nậm Lành'),(4651,140,'Xã Sơn Lương'),(4654,140,'Xã Suối Quyền'),(4657,140,'Xã Suối Giàng'),(4660,140,'Xã Sơn A'),(4663,140,'Xã Phù Nham'),(4666,140,'Xã Nghĩa Sơn'),(4669,140,'Xã Suối Bu'),(4672,140,'Xã Sơn Thịnh'),(4675,140,'Xã Thanh Lương'),(4678,140,'Xã Hạnh Sơn'),(4681,140,'Xã Phúc Sơn'),(4684,140,'Xã Thạch Lương'),(4687,140,'Xã Đại Lịch'),(4690,140,'Xã Đồng Khê'),(4693,140,'Xã Cát Thịnh'),(4696,140,'Xã Tân Thịnh'),(4699,140,'Xã Chấn Thịnh'),(4702,140,'Xã Bình Thuận'),(4705,140,'Xã Thượng Bằng La'),(4708,140,'Xã Minh An'),(4711,140,'Xã Nghĩa Tâm'),(4714,141,'Thị Trấn Yên Bình'),(4717,141,'Thị Trấn Thác Bà'),(4720,141,'Xã Xuân Long'),(4723,141,'Xã Tích Cốc'),(4726,141,'Xã Cảm Nhân'),(4729,141,'Xã Ngọc Chấn'),(4732,141,'Xã Tân Nguyên'),(4735,141,'Xã Phúc Ninh'),(4738,141,'Xã Bảo Ái'),(4741,141,'Xã Mỹ Gia'),(4744,141,'Xã Xuân Lai'),(4747,141,'Xã Mông Sơn'),(4750,141,'Xã Cẩm Ân'),(4753,141,'Xã Yên Thành'),(4756,141,'Xã Tân Hương'),(4759,141,'Xã Phúc An'),(4762,141,'Xã Bạch Hà'),(4765,141,'Xã Vũ Linh'),(4768,141,'Xã Đại Đồng'),(4771,141,'Xã Vĩnh Kiên'),(4774,141,'Xã Yên Bình'),(4777,141,'Xã Thịnh Hưng'),(4780,141,'Xã Hán Đà'),(4783,141,'Xã Phú Thịnh'),(4786,141,'Xã Đại Minh'),(4789,148,'Phường Hòa Bình'),(4792,148,'Phường Tân Hòa'),(4795,148,'Phường Thịnh Lang'),(4798,148,'Phường Hữu Nghị'),(4801,148,'Phường Tân Thịnh'),(4804,148,'Phường Đồng Tiến'),(4807,148,'Phường Phương Lâm'),(4810,148,'Phường Chăm Mát'),(4813,148,'Xã Yên Mông'),(4816,148,'Xã Sủ Ngòi'),(4819,148,'Xã Dân Chủ'),(4822,148,'Xã Thái Thịnh'),(4825,148,'Xã Hoà Bình'),(4828,148,'Xã Thống Nhất'),(4831,150,'Thị Trấn Đà Bắc'),(4834,150,'Xã Đồng Nghê'),(4837,150,'Xã Suối Nánh'),(4840,150,'Xã Giáp Đắt'),(4843,150,'Xã Mường Tuổng'),(4846,150,'Xã Mường Chiềng'),(4849,150,'Xã Tân Pheo'),(4852,150,'Xã Đồng Chum'),(4855,150,'Xã Tân Minh'),(4858,150,'Xã Đoàn Kết'),(4861,150,'Xã Đồng Ruộng'),(4864,150,'Xã Hào Lý'),(4867,150,'Xã Tu Lý'),(4870,150,'Xã Trung Thành'),(4873,150,'Xã Yên Hòa'),(4876,150,'Xã Cao Sơn'),(4879,150,'Xã Toàn Sơn'),(4882,156,'Xã Tân Dân'),(4885,150,'Xã Hiền Lương'),(4888,150,'Xã Tiền Phong'),(4891,150,'Xã Vầy Nưa'),(4894,151,'Thị Trấn Kỳ Sơn'),(4897,151,'Xã Hợp Thịnh'),(4900,151,'Xã Phú Minh'),(4903,151,'Xã Hợp Thành'),(4906,151,'Xã Phúc Tiến'),(4909,151,'Xã Dân Hòa'),(4912,151,'Xã Mông Hóa'),(4915,151,'Xã Dân Hạ'),(4918,148,'Xã Trung Minh'),(4921,151,'Xã Độc Lập'),(4924,152,'Thị Trấn Lương Sơn'),(4927,276,'Xã Yên Trung'),(4930,276,'Xã Yên Bình'),(4933,151,'Xã Yên Quang'),(4936,276,'Xã Tiến Xuân'),(4939,275,'Xã Đông Xuân'),(4942,152,'Xã Lâm Sơn'),(4945,152,'Xã Hòa Sơn'),(4948,152,'Xã Trường Sơn'),(4951,152,'Xã Tân Vinh'),(4954,152,'Xã Nhuận Trạch'),(4957,152,'Xã Cao Răm'),(4960,152,'Xã Cư Yên'),(4963,152,'Xã Hợp Hòa'),(4966,152,'Xã Liên Sơn'),(4969,152,'Xã Thành Lập'),(4972,152,'Xã Tiến Sơn'),(4975,152,'Xã Trung Sơn'),(4978,153,'Thị Trấn Bo'),(4981,159,'Thị Trấn Thanh Hà'),(4984,153,'Xã Đú Sáng'),(4987,153,'Xã Bắc Sơn'),(4990,153,'Xã Bình Sơn'),(4993,153,'Xã Hùng Tiến'),(4996,152,'Xã Tân Thành'),(4999,153,'Xã Tú Sơn'),(5002,153,'Xã Nật Sơn'),(5005,153,'Xã Vĩnh Tiến'),(5008,152,'Xã Cao Dương'),(5011,153,'Xã Sơn Thủy'),(5014,153,'Xã Đông Bắc'),(5017,153,'Xã Thượng Bì'),(5020,153,'Xã Lập Chiệng'),(5023,152,'Xã Hợp Châu'),(5026,153,'Xã Vĩnh Đồng'),(5029,153,'Xã Hạ Bì'),(5032,153,'Xã Trung Bì'),(5035,153,'Xã Kim Sơn'),(5038,153,'Xã Hợp Đồng'),(5041,152,'Xã Long Sơn'),(5044,153,'Xã Thượng Tiến'),(5047,152,'Xã Cao Thắng'),(5050,153,'Xã Kim Tiến'),(5053,153,'Xã Kim Bình'),(5056,153,'Xã Hợp Kim'),(5059,152,'Xã Thanh Lương'),(5062,152,'Xã Hợp Thanh'),(5065,153,'Xã Kim Bôi'),(5068,153,'Xã Nam Thượng'),(5071,153,'Xã Kim Truy'),(5074,159,'Xã Thanh Nông'),(5077,153,'Xã Cuối Hạ'),(5080,153,'Xã Sào Báy'),(5083,153,'Xã Mi Hòa'),(5086,153,'Xã Nuông Dăm'),(5089,154,'Thị Trấn Cao Phong'),(5092,154,'Xã Bình Thanh'),(5095,154,'Xã Thung Nai'),(5098,154,'Xã Bắc Phong'),(5101,154,'Xã Thu Phong'),(5104,154,'Xã Đông Phong'),(5107,154,'Xã Xuân Phong'),(5110,154,'Xã Tây Phong'),(5113,154,'Xã Tân Phong'),(5116,154,'Xã Dũng Phong'),(5119,154,'Xã Nam Phong'),(5122,154,'Xã Yên Lập'),(5125,154,'Xã Yên Thượng'),(5128,155,'Thị Trấn Mường Khến'),(5131,155,'Xã Ngòi Hoa'),(5134,155,'Xã Trung Hòa'),(5137,155,'Xã Phú Vinh'),(5140,155,'Xã Phú Cường'),(5143,155,'Xã Mỹ Hòa'),(5146,155,'Xã Quy Hậu'),(5149,155,'Xã Phong Phú'),(5152,155,'Xã Quyết Chiến'),(5155,155,'Xã Mãn Đức'),(5158,155,'Xã Địch Giáo'),(5161,155,'Xã Tuân Lộ'),(5164,155,'Xã Tử Nê'),(5167,155,'Xã Thanh Hối'),(5170,155,'Xã Ngọc Mỹ'),(5173,155,'Xã Đông Lai'),(5176,155,'Xã Lũng Vân'),(5179,155,'Xã Bắc Sơn'),(5182,155,'Xã Quy Mỹ'),(5185,155,'Xã Do Nhân'),(5188,155,'Xã Nam Sơn'),(5191,155,'Xã Lỗ Sơn'),(5194,155,'Xã Ngổ Luông'),(5197,155,'Xã Gia Mô'),(5200,156,'Thị Trấn Mai Châu'),(5203,156,'Xã Tân Mai'),(5206,156,'Xã Phúc Sạn'),(5209,156,'Xã Pà Cò'),(5212,156,'Xã Hang Kia'),(5215,156,'Xã Ba Khan'),(5218,156,'Xã Tân Sơn'),(5221,156,'Xã Đồng Bảng'),(5224,156,'Xã Cun Pheo'),(5227,156,'Xã Bao La'),(5230,156,'Xã Piềng Vế'),(5233,156,'Xã Tòng Đậu'),(5236,156,'Xã Nà Mèo'),(5239,156,'Xã Thung Khe'),(5242,156,'Xã Nà Phòn'),(5245,156,'Xã Săm Khóe'),(5248,156,'Xã Chiềng Châu'),(5251,156,'Xã Mai Hạ'),(5254,156,'Xã Nong Luông'),(5257,156,'Xã Mai Hịch'),(5260,156,'Xã Pù Pin'),(5263,156,'Xã Vạn Mai'),(5266,157,'Thị Trấn Vụ Bản'),(5269,157,'Xã Quý Hòa'),(5272,157,'Xã Miền Đồi'),(5275,157,'Xã Mỹ Thành'),(5278,157,'Xã Tuân Đạo'),(5281,157,'Xã Văn Nghĩa'),(5284,157,'Xã Văn Sơn'),(5287,157,'Xã Tân Lập'),(5290,157,'Xã Nhân Nghĩa'),(5293,157,'Xã Thượng Cốc'),(5296,157,'Xã Phú Lương'),(5299,157,'Xã Phúc Tuy'),(5302,157,'Xã Xuất Hóa'),(5305,157,'Xã Yên Phú'),(5308,157,'Xã Bình Hẻm'),(5311,157,'Xã Chí Thiện'),(5314,157,'Xã Bình Cảng'),(5317,157,'Xã Bình Chân'),(5320,157,'Xã Định Cư'),(5323,157,'Xã Chí Đạo'),(5326,157,'Xã Liên Vũ'),(5329,157,'Xã Ngọc Sơn'),(5332,157,'Xã Hương Nhượng'),(5335,157,'Xã Vũ Lâm'),(5338,157,'Xã Tự Do'),(5341,157,'Xã Yên Nghiệp'),(5344,157,'Xã Tân Mỹ'),(5347,157,'Xã Ân Nghĩa'),(5350,157,'Xã Ngọc Lâu'),(5353,158,'Thị Trấn Hàng Trạm'),(5356,158,'Xã Lạc Sỹ'),(5359,158,'Xã Lạc Hưng'),(5362,158,'Xã Lạc Lương'),(5365,158,'Xã Bảo Hiệu'),(5368,158,'Xã Đa Phúc'),(5371,158,'Xã Hữu Lợi'),(5374,158,'Xã Lạc Thịnh'),(5377,158,'Xã Yên Lạc'),(5380,158,'Xã Đoàn Kết'),(5383,158,'Xã Phú Lai'),(5386,158,'Xã Yên Trị'),(5389,158,'Xã Ngọc Lương'),(5392,159,'Thị Trấn Chi Nê'),(5395,159,'Xã Phú Lão'),(5398,159,'Xã Phú Thành'),(5401,159,'Xã Cố Nghĩa'),(5404,159,'Xã Hưng Thi'),(5407,159,'Xã Lạc Long'),(5410,159,'Xã Liên Hòa'),(5413,159,'Xã Khoan Dụ'),(5416,159,'Xã Đồng Môn'),(5419,159,'Xã Đồng Tâm'),(5422,159,'Xã Yên Bồng'),(5425,159,'Xã An Lạc'),(5428,159,'Xã An Bình'),(5431,164,'Phường Quán Triều'),(5434,164,'Phường Quang Vinh'),(5437,164,'Phường Túc Duyên'),(5440,164,'Phường Hoàng Văn Thụ'),(5443,164,'Phường Trưng Vương'),(5446,164,'Phường Quang Trung'),(5449,164,'Phường Phan Đình Phùng'),(5452,164,'Phường Tân Thịnh'),(5455,164,'Phường Thịnh Đán'),(5458,164,'Phường Đồng Quang'),(5461,164,'Phường Gia Sàng'),(5464,164,'Phường Tân Lập'),(5467,164,'Phường Cam Giá'),(5470,164,'Phường Phú Xá'),(5473,164,'Phường Hương Sơn'),(5476,164,'Phường Trung Thành'),(5479,164,'Phường Tân Thành'),(5482,164,'Phường Tân Long'),(5485,164,'Xã Phúc Hà'),(5488,164,'Xã Phúc Xuân'),(5491,164,'Xã Quyết Thắng'),(5494,164,'Xã Phúc Trìu'),(5497,164,'Xã Thịnh Đức'),(5500,164,'Xã Tích Lương'),(5503,164,'Xã Tân Cương'),(5506,164,'Xã Lương Sơn'),(5509,165,'Phường Lương Châu'),(5512,165,'Phường Mỏ Chè'),(5515,165,'Phường Cải Đan'),(5518,165,'Phường Thắng Lợi'),(5521,165,'Phường Phố Cò'),(5524,165,'Xã Vinh Sơn'),(5527,165,'Xã Tân Quang'),(5530,165,'Xã Bình Sơn'),(5533,165,'Xã Bá Xuyên'),(5536,167,'Thị Trấn Chợ Chu'),(5539,167,'Xã Linh Thông'),(5542,167,'Xã Lam Vỹ'),(5545,167,'Xã Quy Kỳ'),(5548,167,'Xã Tân Thịnh'),(5551,167,'Xã Kim Phượng'),(5554,167,'Xã Bảo Linh'),(5557,167,'Xã Kim Sơn'),(5560,167,'Xã Phúc Chu'),(5563,167,'Xã Tân Dương'),(5566,167,'Xã Phượng Tiến'),(5569,167,'Xã Bảo Cường'),(5572,167,'Xã Đồng Thịnh'),(5575,167,'Xã Định Biên'),(5578,167,'Xã Thanh Định'),(5581,167,'Xã Trung Hội'),(5584,167,'Xã Trung Lương'),(5587,167,'Xã Bình Yên'),(5590,167,'Xã Điềm Mặc'),(5593,167,'Xã Phú Tiến'),(5596,167,'Xã Bộc Nhiêu'),(5599,167,'Xã Sơn Phú'),(5602,167,'Xã Phú Đình'),(5605,167,'Xã Bình Thành'),(5608,168,'Thị Trấn Giang Tiên'),(5611,168,'Thị Trấn Đu'),(5614,168,'Xã Yên Ninh'),(5617,168,'Xã Yên Trạch'),(5620,168,'Xã Yên Đổ'),(5623,168,'Xã Yên Lạc'),(5626,168,'Xã Ôn Lương'),(5629,168,'Xã Động Đạt'),(5632,168,'Xã Phủ Lý'),(5635,168,'Xã Phú Đô'),(5638,168,'Xã Hợp Thành'),(5641,168,'Xã Tức Tranh'),(5644,168,'Xã Phấn Mễ'),(5647,168,'Xã Vô Tranh'),(5650,168,'Xã Cổ Lũng'),(5653,168,'Xã Sơn Cẩm'),(5656,169,'Thị Trấn Sông Cầu'),(5659,169,'Thị Trấn Chùa Hang'),(5662,169,'Thị Trấn Trại Cau'),(5665,169,'Xã Văn Lăng'),(5668,169,'Xã Tân Long'),(5671,169,'Xã Hòa Bình'),(5674,169,'Xã Quang Sơn'),(5677,169,'Xã Minh Lập'),(5680,169,'Xã Văn Hán'),(5683,169,'Xã Hóa Trung'),(5686,169,'Xã Khe Mo'),(5689,169,'Xã Cây Thị'),(5692,169,'Xã Hóa Thượng'),(5695,164,'Xã Cao Ngạn'),(5698,169,'Xã Hợp Tiến'),(5701,169,'Xã Linh Sơn'),(5704,169,'Xã Tân Lợi'),(5707,169,'Xã Nam Hòa'),(5710,164,'Xã Đồng Bẩm'),(5713,169,'Xã Huống Thượng'),(5716,170,'Thị Trấn Đình Cả'),(5719,170,'Xã Sảng Mộc'),(5722,170,'Xã Nghinh Tường'),(5725,170,'Xã Thần Xa'),(5728,170,'Xã Vũ Chấn'),(5731,170,'Xã Thượng Nung'),(5734,170,'Xã Phú Thượng'),(5737,170,'Xã Cúc Đường'),(5740,170,'Xã La Hiên'),(5743,170,'Xã Lâu Thượng'),(5746,170,'Xã Tràng Xá'),(5749,170,'Xã Phương Giao'),(5752,170,'Xã Liên Minh'),(5755,170,'Xã Dân Tiến'),(5758,170,'Xã Bình Long'),(5761,171,'Thị Trấn Đại Từ'),(5764,171,'Thị Trấn Quân Chu'),(5767,171,'Xã Phúc Lương'),(5770,171,'Xã Minh Tiến'),(5773,171,'Xã Yên Lãng'),(5776,171,'Xã Đức Lương'),(5779,171,'Xã Phú Cường'),(5782,171,'Xã Na Mao'),(5785,171,'Xã Phú Lạc'),(5788,171,'Xã Tân Linh'),(5791,171,'Xã Phú Thịnh'),(5794,171,'Xã Phục Linh'),(5797,171,'Xã Phú Xuyên'),(5800,171,'Xã Bản Ngoại'),(5803,171,'Xã Tiên Hội'),(5806,171,'Xã Hùng Sơn'),(5809,171,'Xã Cù Vân'),(5812,171,'Xã Hà Thượng'),(5815,171,'Xã La Bằng'),(5818,171,'Xã Hoàng Nông'),(5821,171,'Xã Khôi Kỳ'),(5824,171,'Xã An Khánh'),(5827,171,'Xã Tân Thái'),(5830,171,'Xã Bình Thuận'),(5833,171,'Xã Lục Ba'),(5836,171,'Xã Mỹ Yên'),(5839,171,'Xã Vạn Thọ'),(5842,171,'Xã Văn Yên'),(5845,171,'Xã Ký Phú'),(5848,171,'Xã Cát Nê'),(5851,171,'Xã Quân Chu'),(5854,172,'Thị Trấn Bãi Bông'),(5857,172,'Thị Trấn Bắc Sơn'),(5860,172,'Thị Trấn Ba Hàng'),(5863,172,'Xã Phúc Tân'),(5866,172,'Xã Phúc Thuận'),(5869,172,'Xã Hồng Tiến'),(5872,172,'Xã Minh Đức'),(5875,172,'Xã Đắc Sơn'),(5878,172,'Xã Đồng Tiến'),(5881,172,'Xã Thành Công'),(5884,172,'Xã Tiên Phong'),(5887,172,'Xã Vạn Phái'),(5890,172,'Xã Nam Tiến'),(5893,172,'Xã Tân Hương'),(5896,172,'Xã Đông Cao'),(5899,172,'Xã Trung Thành'),(5902,172,'Xã Tân Phú'),(5905,172,'Xã Thuận Thành'),(5908,173,'Thị Trấn Hương Sơn'),(5911,173,'Xã Bàn Đạt'),(5914,173,'Xã Đồng Liên'),(5917,173,'Xã Tân Khánh'),(5920,173,'Xã Tân Kim'),(5923,173,'Xã Tân Thành'),(5926,173,'Xã Đào Xá'),(5929,173,'Xã Bảo Lý'),(5932,173,'Xã Thượng Đình'),(5935,173,'Xã Tân Hòa'),(5938,173,'Xã Nhã Lộng'),(5941,173,'Xã Điềm Thụy'),(5944,173,'Xã Xuân Phương'),(5947,173,'Xã Tân Đức'),(5950,173,'Xã Úc Kỳ'),(5953,173,'Xã Lương Phú'),(5956,173,'Xã Nga My'),(5959,173,'Xã Kha Sơn'),(5962,173,'Xã Thanh Ninh'),(5965,173,'Xã Dương Thành'),(5968,173,'Xã Hà Châu'),(5971,178,'Phường Hoàng Văn Thụ'),(5974,178,'Phường Tam Thanh'),(5977,178,'Phường Vĩnh Trại'),(5980,178,'Phường Đông Kinh'),(5983,178,'Phường Chi Lăng'),(5986,178,'Xã Hoàng Đồng'),(5989,178,'Xã Quảng Lạc'),(5992,178,'Xã Mai Pha'),(5995,180,'Thị Trấn Thất Khê'),(5998,180,'Xã Khánh Long'),(6001,180,'Xã Đoàn Kết'),(6004,180,'Xã Quốc Khánh'),(6007,180,'Xã Vĩnh Tiến'),(6010,180,'Xã Cao Minh'),(6013,180,'Xã Chí Minh'),(6016,180,'Xã Tri Phương'),(6019,180,'Xã Tân Tiến'),(6022,180,'Xã Tân Yên'),(6025,180,'Xã Đội Cấn'),(6028,180,'Xã Tân Minh'),(6031,180,'Xã Kim Đồng'),(6034,180,'Xã Chi Lăng'),(6037,180,'Xã Trung Thành'),(6040,180,'Xã Đại Đồng'),(6043,180,'Xã Đào Viên'),(6046,180,'Xã Đề Thám'),(6049,180,'Xã Kháng Chiến'),(6052,180,'Xã Bắc Ái'),(6055,180,'Xã Hùng Sơn'),(6058,180,'Xã Quốc Việt'),(6061,180,'Xã Hùng Việt'),(6064,181,'Thị Trấn Bình Gia'),(6067,181,'Xã Hưng Đạo'),(6070,181,'Xã Vĩnh Yên'),(6073,181,'Xã Hoa Thám'),(6076,181,'Xã Quý Hòa'),(6079,181,'Xã Hồng Phong'),(6082,181,'Xã Yên Lỗ'),(6085,181,'Xã Thiện Hòa'),(6088,181,'Xã Quang Trung'),(6091,181,'Xã Thiện Thuật'),(6094,181,'Xã Minh Khai'),(6097,181,'Xã Thiện Long'),(6100,181,'Xã Hoàng Văn Thụ'),(6103,181,'Xã Hòa Bình'),(6106,181,'Xã Mông Ân'),(6109,181,'Xã Tân Hòa'),(6112,181,'Xã Tô Hiệu'),(6115,181,'Xã Hồng Thái'),(6118,181,'Xã Bình La'),(6121,181,'Xã Tân Văn'),(6124,182,'Thị Trấn Na Sầm'),(6127,182,'Xã Trùng Khánh'),(6130,182,'Xã Tân Việt'),(6133,182,'Xã Bắc La'),(6136,182,'Xã Thụy Hùng'),(6139,182,'Xã Trùng Quán'),(6142,182,'Xã Tân Tác'),(6145,182,'Xã An Hùng'),(6148,182,'Xã Thanh Long'),(6151,182,'Xã Hội Hoan'),(6154,182,'Xã Tân Lang'),(6157,182,'Xã Hoàng Việt'),(6160,182,'Xã Gia Miễn'),(6163,182,'Xã Thành Hòa'),(6166,182,'Xã Tân Thanh'),(6169,182,'Xã Nam La'),(6172,182,'Xã Tân Mỹ'),(6175,182,'Xã Hồng Thái'),(6178,182,'Xã Hoàng Văn Thụ'),(6181,182,'Xã Nhạc Kỳ'),(6184,183,'Thị Trấn Đồng Đăng'),(6187,183,'Thị Trấn Cao Lộc'),(6190,183,'Xã Bảo Lâm'),(6193,183,'Xã Thanh Loà'),(6196,183,'Xã Cao Lâu'),(6199,183,'Xã Thạch Đạn'),(6202,183,'Xã Xuất Lễ'),(6205,183,'Xã Hồng Phong'),(6208,183,'Xã Thụy Hùng'),(6211,183,'Xã Lộc Yên'),(6214,183,'Xã Phú Xá'),(6217,183,'Xã Bình Trung'),(6220,183,'Xã Hải Yến'),(6223,183,'Xã Hòa Cư'),(6226,183,'Xã Hợp Thành'),(6229,183,'Xã Song Giáp'),(6232,183,'Xã Công Sơn'),(6235,183,'Xã Gia Cát'),(6238,183,'Xã Mẫu Sơn'),(6241,183,'Xã Xuân Long'),(6244,183,'Xã Tân Liên'),(6247,183,'Xã Yên Trạch'),(6250,183,'Xã Tân Thành'),(6253,184,'Thị Trấn Văn Quan'),(6256,184,'Xã Trấn Ninh'),(6259,184,'Xã Phú Mỹ'),(6262,184,'Xã Việt Yên'),(6265,184,'Xã Song Giang'),(6268,184,'Xã Vân Mộng'),(6271,184,'Xã Vĩnh Lại'),(6274,184,'Xã Hòa Bình'),(6277,184,'Xã Tú Xuyên'),(6280,184,'Xã Văn An'),(6283,184,'Xã Đại An'),(6286,184,'Xã Khánh Khê'),(6289,184,'Xã Chu Túc'),(6292,184,'Xã Lương Năng'),(6295,184,'Xã Đồng Giáp'),(6298,184,'Xã Xuân Mai'),(6301,184,'Xã Tràng Các'),(6304,184,'Xã Tràng Sơn'),(6307,184,'Xã Tân Đoàn'),(6310,184,'Xã Bình Phúc'),(6313,184,'Xã Tri Lễ'),(6316,184,'Xã Tràng Phái'),(6319,184,'Xã Yên Phúc'),(6322,184,'Xã Hữu Lễ'),(6325,185,'Thị Trấn Bắc Sơn'),(6328,185,'Xã Long Đống'),(6331,185,'Xã Vạn Thủy'),(6334,185,'Xã Quỳnh Sơn'),(6337,185,'Xã Đồng Ý'),(6340,185,'Xã Tân Tri'),(6343,185,'Xã Bắc Sơn'),(6346,185,'Xã Hữu Vĩnh'),(6349,185,'Xã Hưng Vũ'),(6352,185,'Xã Tân Lập'),(6355,185,'Xã Vũ Sơn'),(6358,185,'Xã Chiêu Vũ'),(6361,185,'Xã Tân Hương'),(6364,185,'Xã Chiến Thắng'),(6367,185,'Xã Vũ Lăng'),(6370,185,'Xã Trấn Yên'),(6373,185,'Xã Vũ Lễ'),(6376,185,'Xã Nhất Hòa'),(6379,185,'Xã Tân Thành'),(6382,185,'Xã Nhất Tiến'),(6385,186,'Thị Trấn Hữu Lũng'),(6388,186,'Xã Hữu Liên'),(6391,186,'Xã Yên Bình'),(6394,186,'Xã Quyết Thắng'),(6397,186,'Xã Hòa Bình'),(6400,186,'Xã Yên Thịnh'),(6403,186,'Xã Yên Sơn'),(6406,186,'Xã Thiện Kỵ'),(6409,186,'Xã Tân Lập'),(6412,186,'Xã Yên Vượng'),(6415,186,'Xã Minh Tiến'),(6418,186,'Xã Nhật Tiến'),(6421,186,'Xã Thanh Sơn'),(6424,186,'Xã Đồng Tân'),(6427,186,'Xã Cai Kinh'),(6430,186,'Xã Hòa Lạc'),(6433,186,'Xã Vân Nham'),(6436,186,'Xã Đồng Tiến'),(6439,186,'Xã Đô Lương'),(6442,186,'Xã Tân Thành'),(6445,186,'Xã Hòa Sơn'),(6448,186,'Xã Minh Sơn'),(6451,186,'Xã Hồ Sơn'),(6454,186,'Xã Sơn Hà'),(6457,186,'Xã Minh Hòa'),(6460,186,'Xã Hòa Thắng'),(6463,187,'Thị Trấn Đồng Mỏ'),(6466,187,'Thị Trấn Chi Lăng'),(6469,187,'Xã Vân An'),(6472,187,'Xã Vân Thủy'),(6475,187,'Xã Gia Lộc'),(6478,187,'Xã Bắc Thủy'),(6481,187,'Xã Chiến Thắng'),(6484,187,'Xã Mai Sao'),(6487,187,'Xã Bằng Hữu'),(6490,187,'Xã Thượng Cường'),(6493,187,'Xã Bằng Mạc'),(6496,187,'Xã Nhân Lý'),(6499,187,'Xã Lâm Sơn'),(6502,187,'Xã Liên Sơn'),(6505,187,'Xã Vạn Linh'),(6508,187,'Xã Hòa Bình'),(6511,187,'Xã Quang Lang'),(6514,187,'Xã Hữu Kiên'),(6517,187,'Xã Quan Sơn'),(6520,187,'Xã Y Tịch'),(6523,187,'Xã Chi Lăng'),(6526,188,'Thị Trấn Na Dương'),(6529,188,'Thị Trấn Lộc Bình'),(6532,188,'Xã Mẫu Sơn'),(6535,188,'Xã Bằng Khánh'),(6538,188,'Xã Xuân Lễ'),(6541,188,'Xã Yên Khoái'),(6544,188,'Xã Xuân Mãn'),(6547,188,'Xã Tú Mịch'),(6550,188,'Xã Hữu Khánh'),(6553,188,'Xã Đồng Bục'),(6556,188,'Xã Vân Mộng'),(6559,188,'Xã Tam Gia'),(6562,188,'Xã Tú Đoạn'),(6565,188,'Xã Khuất Xá'),(6568,188,'Xã Như Khuê'),(6571,188,'Xã Lục Thôn'),(6574,188,'Xã Tĩnh Bắc'),(6577,188,'Xã Xuân Tình'),(6580,188,'Xã Hiệp Hạ'),(6583,188,'Xã Nhượng Bạn'),(6586,188,'Xã Quan Bản'),(6589,188,'Xã Sàn Viên'),(6592,188,'Xã Đông Quan'),(6595,188,'Xã Minh Phát'),(6598,188,'Xã Hữu Lân'),(6601,188,'Xã Lợi Bác'),(6604,188,'Xã Nam Quan'),(6607,188,'Xã Xuân Dương'),(6610,188,'Xã Ái Quốc'),(6613,189,'Thị Trấn Đình Lập'),(6616,189,'Thị Trấn N T Thái Bình'),(6619,189,'Xã Bắc Xa'),(6622,189,'Xã Bính Xá'),(6625,189,'Xã Kiên Mộc'),(6628,189,'Xã Đình Lập'),(6631,189,'Xã Thái Bình'),(6634,189,'Xã Cường Lợi'),(6637,189,'Xã Châu Sơn'),(6640,189,'Xã Lâm Ca'),(6643,189,'Xã Đồng Thắng'),(6646,189,'Xã Bắc Lãng'),(6649,193,'Phường Hà Khánh'),(6652,193,'Phường Hà Phong'),(6655,193,'Phường Hà Khẩu'),(6658,193,'Phường Cao Xanh'),(6661,193,'Phường Giếng Đáy'),(6664,193,'Phường Hà Tu'),(6667,193,'Phường Hà Trung'),(6670,193,'Phường Hà Lầm'),(6673,193,'Phường Bãi Cháy'),(6676,193,'Phường Cao Thắng'),(6679,193,'Phường Hùng Thắng'),(6682,193,'Phường Yết Kiêu'),(6685,193,'Phường Trần Hưng Đạo'),(6688,193,'Phường Hồng Hải'),(6691,193,'Phường Hồng Gai'),(6694,193,'Phường Bạch Đằng'),(6697,193,'Phường Hồng Hà'),(6700,193,'Phường Tuần Châu'),(6703,193,'Xã Việt Hưng'),(6706,193,'Xã Đại Yên'),(6709,194,'Phường Ka Long'),(6712,194,'Phường Trần Phú'),(6715,194,'Phường Ninh Dương'),(6718,194,'Phường Hoà Lạc'),(6721,194,'Phường Trà Cổ'),(6724,194,'Xã Hải Sơn'),(6727,194,'Xã Bắc Sơn'),(6730,194,'Xã Hải Đông'),(6733,194,'Xã Hải Tiến'),(6736,194,'Phường Hải Yên'),(6739,194,'Xã Quảng Nghĩa'),(6742,194,'Phường Hải Hoà'),(6745,194,'Xã Hải Xuân'),(6748,194,'Xã Vạn Ninh'),(6751,194,'Xã Bình Ngọc'),(6754,194,'Xã Vĩnh Trung'),(6757,194,'Xã Vĩnh Thực'),(6760,195,'Phường Mông Dương'),(6763,195,'Phường Cửa Ông'),(6766,195,'Phường Cẩm Sơn'),(6769,195,'Phường Cẩm Đông'),(6772,195,'Phường Cẩm Phú'),(6775,195,'Phường Cẩm Tây'),(6778,195,'Phường Quang Hanh'),(6781,195,'Phường Cẩm Thịnh'),(6784,195,'Phường Cẩm Thủy'),(6787,195,'Phường Cẩm Thạch'),(6790,195,'Phường Cẩm Thành'),(6793,195,'Phường Cẩm Trung'),(6796,195,'Phường Cẩm Bình'),(6799,195,'Xã Cộng Hòa'),(6802,195,'Xã Cẩm Hải'),(6805,195,'Xã Dương Huy'),(6808,196,'Phường Vàng Danh'),(6811,196,'Phường Thanh Sơn'),(6814,196,'Phường Bắc Sơn'),(6817,196,'Phường Quang Trung'),(6820,196,'Phường Trưng Vương'),(6823,196,'Phường Nam Khê'),(6826,196,'Phường Yên Thanh'),(6829,196,'Xã Thượng Yên Công'),(6832,196,'Xã Phương Đông'),(6835,196,'Xã Phương Nam'),(6838,198,'Thị Trấn Bình Liêu'),(6841,198,'Xã Hoành Mô'),(6844,198,'Xã Đồng Tâm'),(6847,198,'Xã Đồng Văn'),(6850,198,'Xã Tình Húc'),(6853,198,'Xã Vô Ngại'),(6856,198,'Xã Lục Hồn'),(6859,198,'Xã Húc Động'),(6862,199,'Thị Trấn Tiên Yên'),(6865,199,'Xã Hà Lâu'),(6868,199,'Xã Đại Dực'),(6869,199,'Xã Đại Thành'),(6871,199,'Xã Phong Dụ'),(6874,199,'Xã Điền Xá'),(6877,199,'Xã Đông Ngũ'),(6880,199,'Xã Yên Than'),(6883,199,'Xã Đông Hải'),(6886,199,'Xã Hải Lạng'),(6889,199,'Xã Tiên Lãng'),(6892,199,'Xã Đồng Rui'),(6895,200,'Thị Trấn Đầm Hà'),(6898,200,'Xã Quảng Lâm'),(6901,200,'Xã Quảng An'),(6904,200,'Xã Tân Bình'),(6907,200,'Xã Quảng Lợi'),(6910,200,'Xã Dực Yên'),(6913,200,'Xã Quảng Tân'),(6916,200,'Xã Đầm Hà'),(6917,200,'Xã Tân Lập'),(6919,200,'Xã Đại Bình'),(6922,201,'Thị Trấn Quảng Hà'),(6925,201,'Xã Quảng Đức'),(6928,201,'Xã Quảng Sơn'),(6931,201,'Xã Quảng Thành'),(6934,201,'Xã Quảng Thắng'),(6937,201,'Xã Quảng Thịnh'),(6940,201,'Xã Quảng Minh'),(6943,201,'Xã Quảng Chính'),(6946,201,'Xã Quảng Long'),(6949,201,'Xã Đường Hoa'),(6952,201,'Xã Quảng Phong'),(6955,201,'Xã Quảng Trung'),(6958,201,'Xã Phú Hải'),(6961,201,'Xã Quảng Điền'),(6964,201,'Xã Tiến Tới'),(6967,201,'Xã Cái Chiên'),(6970,202,'Thị Trấn Ba Chẽ'),(6973,202,'Xã Thanh Sơn'),(6976,202,'Xã Thanh Lâm'),(6979,202,'Xã Đạp Thanh'),(6982,202,'Xã Nam Sơn'),(6985,202,'Xã Lương Mông'),(6988,202,'Xã Đồn Đạc'),(6991,202,'Xã Minh Cầm'),(6994,203,'Thị Trấn Cái Rồng'),(6997,203,'Xã Đài Xuyên'),(7000,203,'Xã Bình Dân'),(7003,203,'Xã Vạn Yên'),(7006,203,'Xã Minh Châu'),(7009,203,'Xã Đoàn Kết'),(7012,203,'Xã Hạ Long'),(7015,203,'Xã Đông Xá'),(7018,203,'Xã Bản Sen'),(7021,203,'Xã Thắng Lợi'),(7024,203,'Xã Quan Lạn'),(7027,203,'Xã Ngọc Vừng'),(7030,204,'Thị Trấn Trới'),(7033,204,'Xã Kỳ Thượng'),(7036,204,'Xã Đồng Sơn'),(7039,204,'Xã Tân Dân'),(7042,204,'Xã Đồng Lâm'),(7045,204,'Xã Hòa Bình'),(7048,204,'Xã Vũ Oai'),(7051,204,'Xã Dân Chủ'),(7054,204,'Xã Quảng La'),(7057,204,'Xã Bằng Cả'),(7060,204,'Xã Thống Nhất'),(7063,204,'Xã Sơn Dương'),(7066,204,'Xã Lê Lợi'),(7069,205,'Thị Trấn Mạo Khê'),(7072,205,'Thị Trấn Đông Triều'),(7075,205,'Xã An Sinh'),(7078,205,'Xã Tràng Lương'),(7081,205,'Xã Bình Khê'),(7084,205,'Xã Việt Dân'),(7087,205,'Xã Tân Việt'),(7090,205,'Xã Bình Dương'),(7093,205,'Xã Đức Chính'),(7096,205,'Xã Tràng An'),(7099,205,'Xã Nguyễn Huệ'),(7102,205,'Xã Thủy An'),(7105,205,'Xã Xuân Sơn'),(7108,205,'Xã Hồng Thái Tây'),(7111,205,'Xã Hồng Thái Đông'),(7114,205,'Xã Hoàng Quế'),(7117,205,'Xã Yên Thọ'),(7120,205,'Xã Hồng Phong'),(7123,205,'Xã Kim Sơn'),(7126,205,'Xã Hưng Đạo'),(7129,205,'Xã Yên Đức'),(7132,206,'Thị Trấn Quảng Yên'),(7135,206,'Xã Đông Mai'),(7138,206,'Xã Minh Thành'),(7141,196,'Xã Điền Công'),(7144,206,'Xã Sông Khoai'),(7147,206,'Xã Hiệp Hòa'),(7150,206,'Xã Cộng Hòa'),(7153,206,'Xã Tiền An'),(7156,206,'Xã Hoàng Tân'),(7159,206,'Xã Tân An'),(7162,206,'Xã Yên Giang'),(7165,206,'Xã Nam Hòa'),(7168,206,'Xã Hà An'),(7171,206,'Xã Cẩm La'),(7174,206,'Xã Phong Hải'),(7177,206,'Xã Yên Hải'),(7180,206,'Xã Liên Hòa'),(7183,206,'Xã Phong Cốc'),(7186,206,'Xã Liên Vị'),(7189,206,'Xã Tiền Phong'),(7192,207,'Thị Trấn Cô Tô'),(7195,207,'Xã Đồng Tiến'),(7198,207,'Xã Thanh Lân'),(7201,213,'Phường Thọ Xương'),(7204,213,'Phường Trần Nguyên Hãn'),(7207,213,'Phường Ngô Quyền'),(7210,213,'Phường Hoàng Văn Thụ'),(7213,213,'Phường Trần Phú'),(7216,213,'Phường Mỹ Độ'),(7219,213,'Phường Lê Lợi'),(7222,213,'Xã Song Mai'),(7225,213,'Xã Xương Giang'),(7228,213,'Xã Đa Mai'),(7231,213,'Xã Dĩnh Kế'),(7234,215,'Thị Trấn Cầu Gồ'),(7237,215,'Thị Trấn Bố Hạ'),(7243,215,'Xã Đồng Tiến'),(7246,215,'Xã Canh Nậu'),(7249,215,'Xã Xuân Lương'),(7252,215,'Xã Tam Tiến'),(7255,215,'Xã Đồng Vương'),(7258,215,'Xã Đồng Hưu'),(7260,215,'Xã Đồng Tâm'),(7261,215,'Xã Tam Hiệp'),(7264,215,'Xã Tiến Thắng'),(7267,215,'Xã Hồng Kỳ'),(7270,215,'Xã Đồng Lạc'),(7273,215,'Xã Đông Sơn'),(7276,215,'Xã Tân Hiệp'),(7279,215,'Xã Hương Vĩ'),(7282,215,'Xã Đồng Kỳ'),(7285,215,'Xã An Thượng'),(7288,215,'Xã Phồn Xương'),(7291,215,'Xã Tân Sỏi'),(7294,215,'Xã Bố Hạ'),(7297,216,'Thị Trấn Cao Thượng'),(7300,216,'Thị Trấn Nhã Nam'),(7303,216,'Xã Lan Giới'),(7306,216,'Xã Nhã Nam'),(7309,216,'Xã Tân Trung'),(7312,216,'Xã Đại Hóa'),(7315,216,'Xã Quang Tiến'),(7318,216,'Xã Phúc Sơn'),(7321,216,'Xã An Dương'),(7324,216,'Xã Phúc Hòa'),(7327,216,'Xã Liên Sơn'),(7330,216,'Xã Hợp Đức'),(7333,216,'Xã Lam Cốt'),(7336,216,'Xã Cao Xá'),(7339,216,'Xã Cao Thượng'),(7342,216,'Xã Việt Ngọc'),(7345,216,'Xã Song Vân'),(7348,216,'Xã Ngọc Châu'),(7351,216,'Xã Ngọc Vân'),(7354,216,'Xã Việt Lập'),(7357,216,'Xã Liên Chung'),(7360,216,'Xã Ngọc Thiện'),(7363,216,'Xã Ngọc Lý'),(7366,216,'Xã Quế Nham'),(7369,217,'Thị Trấn Kép'),(7375,217,'Thị Trấn Vôi'),(7378,217,'Xã Nghĩa Hòa'),(7381,217,'Xã Nghĩa Hưng'),(7384,217,'Xã Quang Thịnh'),(7387,217,'Xã Hương Sơn'),(7390,217,'Xã Đào Mỹ'),(7393,217,'Xã Tiên Lục'),(7396,217,'Xã An Hà'),(7399,217,'Xã Tân Thịnh'),(7402,217,'Xã Mỹ Hà'),(7405,217,'Xã Hương Lạc'),(7408,217,'Xã Dương Đức'),(7411,217,'Xã Tân Thanh'),(7414,217,'Xã Yên Mỹ'),(7417,217,'Xã Tân Hưng'),(7420,217,'Xã Mỹ Thái'),(7423,217,'Xã Phi Mô'),(7426,217,'Xã Xương Lâm'),(7429,217,'Xã Xuân Hương'),(7432,217,'Xã Tân Dĩnh'),(7435,217,'Xã Đại Lâm'),(7438,217,'Xã Thái Đào'),(7441,217,'Xã Dĩnh Trì'),(7444,218,'Thị Trấn Đồi Ngô'),(7447,218,'Thị Trấn Lục Nam'),(7450,218,'Xã Đông Hưng'),(7453,218,'Xã Đông Phú'),(7456,218,'Xã Tam Dị'),(7459,218,'Xã Bảo Sơn'),(7462,218,'Xã Bảo Đài'),(7465,218,'Xã Thanh Lâm'),(7468,218,'Xã Tiên Nha'),(7471,218,'Xã Trường Giang'),(7474,218,'Xã Tiên Hưng'),(7477,218,'Xã Phương Sơn'),(7480,218,'Xã Chu Điện'),(7483,218,'Xã Cương Sơn'),(7486,218,'Xã Nghĩa Phương'),(7489,218,'Xã Vô Tranh'),(7492,218,'Xã Bình Sơn'),(7495,218,'Xã Lan Mẫu'),(7498,218,'Xã Yên Sơn'),(7501,218,'Xã Khám Lạng'),(7504,218,'Xã Huyền Sơn'),(7507,218,'Xã Trường Sơn'),(7510,218,'Xã Lục Sơn'),(7513,218,'Xã Bắc Lũng'),(7516,218,'Xã Vũ Xá'),(7519,218,'Xã Cẩm Lý'),(7522,218,'Xã Đan Hội'),(7525,219,'Thị Trấn Chũ'),(7528,219,'Xã Cấm Sơn'),(7531,219,'Xã Tân Sơn'),(7534,219,'Xã Phong Minh'),(7537,219,'Xã Phong Vân'),(7540,219,'Xã Xa Lý'),(7543,219,'Xã Hộ Đáp'),(7546,219,'Xã Sơn Hải'),(7549,219,'Xã Thanh Hải'),(7552,219,'Xã Kiên Lao'),(7555,219,'Xã Biên Sơn'),(7558,219,'Xã Kiên Thành'),(7561,219,'Xã Hồng Giang'),(7564,219,'Xã Kim Sơn'),(7567,219,'Xã Tân Hoa'),(7570,219,'Xã Giáp Sơn'),(7573,219,'Xã Biển Động'),(7576,219,'Xã Quý Sơn'),(7579,219,'Xã Trù Hựu'),(7582,219,'Xã Phì Điền'),(7585,219,'Xã Nghĩa Hồ'),(7588,219,'Xã Tân Quang'),(7591,219,'Xã Đồng Cốc'),(7594,219,'Xã Tân Lập'),(7597,219,'Xã Phú Nhuận'),(7600,219,'Xã Mỹ An'),(7603,219,'Xã Nam Dương'),(7606,219,'Xã Tân Mộc'),(7609,219,'Xã Đèo Gia'),(7612,219,'Xã Phượng Sơn'),(7615,220,'Thị Trấn An Châu'),(7616,220,'Thị Trấn Thanh Sơn'),(7618,220,'Xã Thạch Sơn'),(7621,220,'Xã Vân Sơn'),(7624,220,'Xã Hữu Sản'),(7627,220,'Xã Quế Sơn'),(7630,220,'Xã Phúc Thắng'),(7633,220,'Xã Chiên Sơn'),(7636,220,'Xã Giáo Liêm'),(7639,220,'Xã Vĩnh Khương'),(7642,220,'Xã Cẩm Đàn'),(7645,220,'Xã An Lạc'),(7648,220,'Xã An Lập'),(7651,220,'Xã Yên Định'),(7654,220,'Xã Lệ Viễn'),(7657,220,'Xã An Châu'),(7660,220,'Xã An Bá'),(7663,220,'Xã Tuấn Đạo'),(7666,220,'Xã Dương Hưu'),(7669,220,'Xã Bồng Am'),(7672,220,'Xã Long Sơn'),(7675,220,'Xã Tuấn Mậu'),(7678,220,'Xã Thanh Luận'),(7681,221,'Thị Trấn Neo'),(7682,221,'Thị Trấn Tân Dân'),(7684,221,'Xã Lão Hộ'),(7687,221,'Xã Tân Mỹ'),(7690,221,'Xã Hương Gián'),(7693,221,'Xã Tân An'),(7696,221,'Xã Đồng Sơn'),(7699,221,'Xã Tân Tiến'),(7702,221,'Xã Quỳnh Sơn'),(7705,221,'Xã Song Khê'),(7708,221,'Xã Nội Hoàng'),(7711,221,'Xã Tiền Phong'),(7714,221,'Xã Xuân Phú'),(7717,221,'Xã Tân Liễu'),(7720,221,'Xã Trí Yên'),(7723,221,'Xã Lãng Sơn'),(7726,221,'Xã Yên Lư'),(7729,221,'Xã Tiến Dũng'),(7732,221,'Xã Nham Sơn'),(7735,221,'Xã Đức Giang'),(7738,221,'Xã Cảnh Thụy'),(7741,221,'Xã Tư Mại'),(7744,221,'Xã Thắng Cương'),(7747,221,'Xã Đồng Việt'),(7750,221,'Xã Đồng Phúc'),(7753,222,'Thị Trấn Bích Động'),(7756,222,'Thị Trấn Nếnh'),(7759,222,'Xã Thượng Lan'),(7762,222,'Xã Việt Tiến'),(7765,222,'Xã Nghĩa Trung'),(7768,222,'Xã Minh Đức'),(7771,222,'Xã Hương Mai'),(7774,222,'Xã Tự Lạn'),(7777,222,'Xã Bích Sơn'),(7780,222,'Xã Trung Sơn'),(7783,222,'Xã Hồng Thái'),(7786,222,'Xã Tiên Sơn'),(7789,222,'Xã Tăng Tiến'),(7792,222,'Xã Quảng Minh'),(7795,222,'Xã Hoàng Ninh'),(7798,222,'Xã Ninh Sơn'),(7801,222,'Xã Vân Trung'),(7804,222,'Xã Vân Hà'),(7807,222,'Xã Quang Châu'),(7810,223,'Thị Trấn Thắng'),(7813,223,'Xã Đồng Tân'),(7816,223,'Xã Thanh Vân'),(7819,223,'Xã Hoàng Lương'),(7822,223,'Xã Hoàng Vân'),(7825,223,'Xã Hoàng Thanh'),(7828,223,'Xã Hoàng An'),(7831,223,'Xã Ngọc Sơn'),(7834,223,'Xã Thái Sơn'),(7837,223,'Xã Hòa Sơn'),(7840,223,'Xã Đức Thắng'),(7843,223,'Xã Quang Minh'),(7846,223,'Xã Lương Phong'),(7849,223,'Xã Hùng Sơn'),(7852,223,'Xã Đại Thành'),(7855,223,'Xã Thường Thắng'),(7858,223,'Xã Hợp Thịnh'),(7861,223,'Xã Danh Thắng'),(7864,223,'Xã Mai Trung'),(7867,223,'Xã Đoan Bái'),(7870,223,'Xã Bắc Lý'),(7873,223,'Xã Xuân Cẩm'),(7876,223,'Xã Hương Lâm'),(7879,223,'Xã Đông Lỗ'),(7882,223,'Xã Châu Minh'),(7885,223,'Xã Mai Đình'),(7888,227,'Phường Dữu Lâu'),(7891,227,'Phường Vân Cơ'),(7894,227,'Phường Nông Trang'),(7897,227,'Phường Tân Dân'),(7900,227,'Phường Gia Cẩm'),(7903,227,'Phường Tiên Cát'),(7906,227,'Phường Thọ Sơn'),(7909,227,'Phường Thanh Miếu'),(7912,227,'Phường Bạch Hạc'),(7915,227,'Phường Bến Gót'),(7918,227,'Xã Vân Phú'),(7921,227,'Xã Phượng Lâu'),(7924,227,'Xã Thụy Vân'),(7927,227,'Xã Minh Phương'),(7930,227,'Xã Trưng Vương'),(7933,227,'Xã Minh Nông'),(7936,227,'Xã Sông Lô'),(7939,228,'Phường Trường Thịnh'),(7942,228,'Phường Hùng Vương'),(7945,228,'Phường Phong Châu'),(7948,228,'Phường Âu Cơ'),(7951,228,'Xã Hà Lộc'),(7954,228,'Xã Phú Hộ'),(7957,228,'Xã Văn Lung'),(7960,228,'Xã Thanh Minh'),(7963,228,'Xã Hà Thạch'),(7966,228,'Xã Thanh Vinh'),(7969,230,'Thị Trấn Đoan Hùng'),(7972,230,'Xã Đông Khê'),(7975,230,'Xã Nghinh Xuyên'),(7978,230,'Xã Hùng Quan'),(7981,230,'Xã Bằng Luân'),(7984,230,'Xã Vân Du'),(7987,230,'Xã Phương Trung'),(7990,230,'Xã Quế Lâm'),(7993,230,'Xã Minh Lương'),(7996,230,'Xã Bằng Doãn'),(7999,230,'Xã Chí Đám'),(8002,230,'Xã Phong Phú'),(8005,230,'Xã Phúc Lai'),(8008,230,'Xã Ngọc Quan'),(8011,230,'Xã Hữu Đô'),(8014,230,'Xã Đại Nghĩa'),(8017,230,'Xã Sóc Đăng'),(8020,230,'Xã Phú Thứ'),(8023,230,'Xã Tây Cốc'),(8026,230,'Xã Yên Kiện'),(8029,230,'Xã Hùng Long'),(8032,230,'Xã Vụ Quang'),(8035,230,'Xã Vân Đồn'),(8038,230,'Xã Tiêu Sơn'),(8041,230,'Xã Minh Tiến'),(8044,230,'Xã Minh Phú'),(8047,230,'Xã Chân Mộng'),(8050,230,'Xã Ca Đình'),(8053,231,'Thị Trấn Hạ Hoà'),(8056,231,'Xã Đại Phạm'),(8059,231,'Xã Hậu Bổng'),(8062,231,'Xã Đan Hà'),(8065,231,'Xã Hà Lương'),(8068,231,'Xã Lệnh Khanh'),(8071,231,'Xã Phụ Khánh'),(8074,231,'Xã Liên Phương'),(8077,231,'Xã Đan Thượng'),(8080,231,'Xã Hiền Lương'),(8083,231,'Xã Động Lâm'),(8086,231,'Xã Lâm Lợi'),(8089,231,'Xã Phương Viên'),(8092,231,'Xã Gia Điền'),(8095,231,'Xã Ấm Hạ'),(8098,231,'Xã Quân Khê'),(8101,231,'Xã Y Sơn'),(8104,231,'Xã Hương Xạ'),(8107,231,'Xã Cáo Điền'),(8110,231,'Xã Xuân Áng'),(8113,231,'Xã Yên Kỳ'),(8116,231,'Xã Chuế Lưu'),(8119,231,'Xã Minh Hạc'),(8122,231,'Xã Lang Sơn'),(8125,231,'Xã Bằng Giã'),(8128,231,'Xã Yên Luật'),(8131,231,'Xã Vô Tranh'),(8134,231,'Xã Văn Lang'),(8137,231,'Xã Chính Công'),(8140,231,'Xã Minh Côi'),(8143,231,'Xã Vĩnh Chân'),(8146,231,'Xã Mai Tùng'),(8149,231,'Xã Vụ Cầu'),(8152,232,'Thị Trấn Thanh Ba'),(8155,232,'Xã Thanh Vân'),(8156,232,'Xã Vân Lĩnh'),(8158,232,'Xã Đông Lĩnh'),(8161,232,'Xã Đại An'),(8164,232,'Xã Hanh Cù'),(8167,232,'Xã Thái Ninh'),(8170,232,'Xã Đồng Xuân'),(8173,232,'Xã Năng Yên'),(8176,232,'Xã Yển Khê'),(8179,232,'Xã Ninh Dân'),(8182,232,'Xã Quảng Nạp'),(8185,232,'Xã Vũ Yển'),(8188,232,'Xã Yên Nội'),(8191,232,'Xã Phương Lĩnh'),(8194,232,'Xã Võ Lao'),(8197,232,'Xã Khải Xuân'),(8200,232,'Xã Mạn Lạn'),(8203,232,'Xã Thanh Xá'),(8206,232,'Xã Chí Tiên'),(8209,232,'Xã Đông Thành'),(8212,232,'Xã Hoàng Cương'),(8215,232,'Xã Sơn Cương'),(8218,232,'Xã Thanh Hà'),(8221,232,'Xã Đỗ Sơn'),(8224,232,'Xã Đỗ Xuyên'),(8227,232,'Xã Lương Lỗ'),(8230,233,'Thị Trấn Phong Châu'),(8233,233,'Xã Phú Mỹ'),(8234,233,'Xã Lệ Mỹ'),(8236,233,'Xã Liên Hoa'),(8239,233,'Xã Trạm Thản'),(8242,233,'Xã Trị Quận'),(8245,233,'Xã Trung Giáp'),(8248,233,'Xã Tiên Phú'),(8251,233,'Xã Hạ Giáp'),(8254,233,'Xã Bảo Thanh'),(8257,233,'Xã Phú Lộc'),(8260,233,'Xã Gia Thanh'),(8263,233,'Xã Tiên Du'),(8266,233,'Xã Phú Nham'),(8269,233,'Xã Bình Bộ'),(8272,233,'Xã An Đạo'),(8275,233,'Xã Tử Đà'),(8278,233,'Xã Phù Ninh'),(8281,227,'Xã Kim Đức'),(8284,233,'Xã Vĩnh Phú'),(8287,227,'Xã Hùng Lô'),(8290,234,'Thị Trấn Yên Lập'),(8293,234,'Xã Mỹ Lung'),(8296,234,'Xã Mỹ Lương'),(8299,234,'Xã Lương Sơn'),(8302,234,'Xã Xuân An'),(8305,234,'Xã Xuân Viên'),(8308,234,'Xã Xuân Thủy'),(8311,234,'Xã Trung Sơn'),(8314,234,'Xã Hưng Long'),(8317,234,'Xã Nga Hoàng'),(8320,234,'Xã Đồng Lạc'),(8323,234,'Xã Thượng Long'),(8326,234,'Xã Đồng Thịnh'),(8329,234,'Xã Phúc Khánh'),(8332,234,'Xã Minh Hòa'),(8335,234,'Xã Ngọc Lập'),(8338,234,'Xã Ngọc Đồng'),(8341,235,'Thị Trấn Sông Thao'),(8344,235,'Xã Tiên Lương'),(8347,235,'Xã Tuy Lộc'),(8350,235,'Xã Ngô Xá'),(8353,235,'Xã Phương Xá'),(8356,235,'Xã Phượng Vĩ'),(8359,235,'Xã Đồng Cam'),(8362,235,'Xã Thụy Liễu'),(8365,235,'Xã Phùng Xá'),(8368,235,'Xã Sơn Nga'),(8371,235,'Xã Sai Nga'),(8374,235,'Xã Tùng Khê'),(8377,235,'Xã Tam Sơn'),(8380,235,'Xã Văn Bán'),(8383,235,'Xã Cấp Dẫn'),(8386,235,'Xã Thanh Nga'),(8389,235,'Xã Xương Thịnh'),(8392,235,'Xã Phú Khê'),(8395,235,'Xã Sơn Tình'),(8398,235,'Xã Yên Tập'),(8401,235,'Xã Hương Lung'),(8404,235,'Xã Tạ Xá'),(8407,235,'Xã Phú Lạc'),(8410,235,'Xã Tình Cương'),(8413,235,'Xã Chương Xá'),(8416,235,'Xã Hiền Đa'),(8419,235,'Xã Văn Khúc'),(8422,235,'Xã Yên Dưỡng'),(8425,235,'Xã Cát Trù'),(8428,235,'Xã Điêu Lương'),(8431,235,'Xã Đồng Lương'),(8434,236,'Thị Trấn Hưng Hoá'),(8437,236,'Xã Vực Trường'),(8440,236,'Xã Hiền Quan'),(8443,236,'Xã Hương Nha'),(8446,236,'Xã Thanh Uyên'),(8449,236,'Xã Xuân Quang'),(8452,236,'Xã Tứ Mỹ'),(8455,236,'Xã Văn Lương'),(8458,236,'Xã Hùng Đô'),(8461,236,'Xã Phương Thịnh'),(8464,236,'Xã Tam Cường'),(8467,236,'Xã Cổ Tiết'),(8470,236,'Xã Quang Húc'),(8473,236,'Xã Hương Nộn'),(8476,236,'Xã Tề Lễ'),(8479,236,'Xã Thọ Văn'),(8482,236,'Xã Dị Nậu'),(8485,236,'Xã Hồng Đà'),(8488,236,'Xã Dậu Dương'),(8491,236,'Xã Thượng Nông'),(8494,237,'Thị Trấn Lâm Thao'),(8497,237,'Xã Tiên Kiên'),(8498,237,'Thị Trấn Sơn Hùng'),(8500,237,'Xã Xuân Lũng'),(8503,227,'Xã Hy Cương'),(8506,227,'Xã Chu Hóa'),(8509,237,'Xã Xuân Huy'),(8512,237,'Xã Thạch Sơn'),(8515,227,'Xã Thanh Đình'),(8518,237,'Xã Sơn Vi'),(8521,237,'Xã Hợp Hải'),(8524,237,'Xã Sơn Dương'),(8527,237,'Xã Cao Xá'),(8530,237,'Xã Kinh Kệ'),(8533,237,'Xã Vĩnh Lại'),(8536,237,'Xã Tứ Xã'),(8539,237,'Xã Bản Nguyên'),(8542,238,'Thị Trấn Thanh Sơn'),(8545,240,'Xã Thu Cúc'),(8548,240,'Xã Thạch Kiệt'),(8551,240,'Xã Thu Ngạc'),(8554,240,'Xã Kiệt Sơn'),(8557,240,'Xã Đồng Sơn'),(8560,240,'Xã Lai Đồng'),(8563,238,'Xã Sơn Hùng'),(8566,240,'Xã Tân Phú'),(8569,240,'Xã Mỹ Thuận'),(8572,238,'Xã Địch Quả'),(8575,238,'Xã Giáp Lai'),(8578,240,'Xã Tân Sơn'),(8581,238,'Xã Thục Luyện'),(8584,238,'Xã Võ Miếu'),(8587,238,'Xã Thạch Khoán'),(8590,240,'Xã Xuân Đài'),(8593,240,'Xã Minh Đài'),(8596,240,'Xã Văn Luông'),(8599,240,'Xã Xuân Sơn'),(8602,238,'Xã Cự Thắng'),(8605,238,'Xã Tất Thắng'),(8608,240,'Xã Long Cốc'),(8611,238,'Xã Văn Miếu'),(8614,238,'Xã Cự Đồng'),(8617,240,'Xã Kim Thượng'),(8620,240,'Xã Tam Thanh'),(8623,238,'Xã Thắng Sơn'),(8626,240,'Xã Vinh Tiền'),(8629,238,'Xã Tân Minh'),(8632,238,'Xã Hương Cần'),(8635,238,'Xã Khả Cửu'),(8638,238,'Xã Đông Cửu'),(8641,238,'Xã Tân Lập'),(8644,238,'Xã Yên Lãng'),(8647,238,'Xã Yên Lương'),(8650,238,'Xã Thượng Cửu'),(8653,238,'Xã Lương Nha'),(8656,238,'Xã Yên Sơn'),(8659,238,'Xã Tinh Nhuệ'),(8662,239,'Xã Đào Xá'),(8665,239,'Xã Thạch Đồng'),(8668,239,'Xã Xuân Lộc'),(8671,239,'Xã Tân Phương'),(8674,239,'Xã La Phù'),(8677,239,'Xã Sơn Thủy'),(8680,239,'Xã Bảo Yên'),(8683,239,'Xã Đoan Hạ'),(8686,239,'Xã Đồng Luận'),(8689,239,'Xã Hoàng Xá'),(8692,239,'Xã Trung Thịnh'),(8695,239,'Xã Trung Nghĩa'),(8698,239,'Xã Phượng Mao'),(8701,239,'Xã Yến Mao'),(8704,239,'Xã Tu Vũ'),(8707,243,'Phường Tích Sơn'),(8710,243,'Phường Liên Bảo'),(8713,243,'Phường Hội Hợp'),(8716,243,'Phường Đống Đa'),(8719,243,'Phường Ngô Quyền'),(8722,243,'Phường Đồng Tâm'),(8725,243,'Xã Định Trung'),(8728,243,'Phường Khai Quang'),(8731,243,'Xã Thanh Trù'),(8734,244,'Phường Trưng Trắc'),(8737,244,'Phường Hùng Vương'),(8740,244,'Phường Trưng Nhị'),(8743,244,'Phường Phúc Thắng'),(8746,244,'Phường Xuân Hoà'),(8747,244,'Phường Đồng Xuân'),(8749,244,'Xã Ngọc Thanh'),(8752,244,'Xã Cao Minh'),(8755,244,'Xã Nam Viêm'),(8758,244,'Xã Tiền Châu'),(8761,246,'Thị Trấn Lập Thạch'),(8764,246,'Xã Quang Sơn'),(8767,246,'Xã Ngọc Mỹ'),(8770,246,'Xã Hợp Lý'),(8773,253,'Xã Lãng Công'),(8776,253,'Xã Quang Yên'),(8779,253,'Xã Bạch Lưu'),(8782,253,'Xã Hải Lựu'),(8785,246,'Xã Bắc Bình'),(8788,246,'Xã Thái Hòa'),(8789,246,'Thị Trấn Hoa Sơn'),(8791,246,'Xã Liễn Sơn'),(8794,246,'Xã Xuân Hòa'),(8797,246,'Xã Vân Trục'),(8800,253,'Xã Đồng Quế'),(8803,253,'Xã Nhân Đạo'),(8806,253,'Xã Đôn Nhân'),(8809,253,'Xã Phương Khoan'),(8812,246,'Xã Liên Hòa'),(8815,246,'Xã Tử Du'),(8818,253,'Xã Tân Lập'),(8821,253,'Xã Nhạo Sơn'),(8824,253,'Thị Trấn Tam Sơn'),(8827,253,'Xã Như Thụy'),(8830,253,'Xã Yên Thạch'),(8833,246,'Xã Bàn Giản'),(8836,246,'Xã Xuân Lôi'),(8839,246,'Xã Đồng Ích'),(8842,246,'Xã Tiên Lữ'),(8845,246,'Xã Văn Quán'),(8848,253,'Xã Đồng Thịnh'),(8851,253,'Xã Tứ Yên'),(8854,253,'Xã Đức Bác'),(8857,246,'Xã Đình Chu'),(8860,253,'Xã Cao Phong'),(8863,246,'Xã Triệu Đề'),(8866,246,'Xã Sơn Đông'),(8869,247,'Thị Trấn Hợp Hòa'),(8872,247,'Xã Hoàng Hoa'),(8875,247,'Xã Đồng Tĩnh'),(8878,247,'Xã Kim Long'),(8881,247,'Xã Hướng Đạo'),(8884,247,'Xã Đạo Tú'),(8887,247,'Xã An Hòa'),(8890,247,'Xã Thanh Vân'),(8893,247,'Xã Duy Phiên'),(8896,247,'Xã Hoàng Đan'),(8899,247,'Xã Hoàng Lâu'),(8902,247,'Xã Vân Hội'),(8905,247,'Xã Hợp Thịnh'),(8908,248,'Thị Trấn Tam Đảo'),(8911,248,'Xã Hợp Châu'),(8914,248,'Xã Đạo Trù'),(8917,248,'Xã Yên Dương'),(8920,248,'Xã Bồ Lý'),(8923,248,'Xã Đại Đình'),(8926,248,'Xã Tam Quan'),(8929,248,'Xã Hồ Sơn'),(8932,248,'Xã Minh Quang'),(8935,249,'Thị Trấn Hương Canh'),(8936,249,'Thị Trấn Gia Khánh'),(8938,249,'Xã Trung Mỹ'),(8944,249,'Xã Bá Hiến'),(8947,249,'Xã Thiện Kế'),(8950,249,'Xã Hương Sơn'),(8953,249,'Xã Tam Hợp'),(8956,249,'Xã Quất Lưu'),(8959,249,'Xã Sơn Lôi'),(8962,249,'Xã Đạo Đức'),(8965,249,'Xã Tân Phong'),(8968,249,'Thị Trấn Thanh Lãng'),(8971,249,'Xã Phú Xuân'),(8973,250,'Thị Trấn Chi Đông'),(8974,250,'Xã Đại Thịnh'),(8977,250,'Xã Kim Hoa'),(8980,250,'Xã Thạch Đà'),(8983,250,'Xã Tiến Thắng'),(8986,250,'Xã Tự Lập'),(8989,250,'Thị Trấn Quang Minh'),(8992,250,'Xã Thanh Lâm'),(8995,250,'Xã Tam Đồng'),(8998,250,'Xã Liên Mạc'),(9001,250,'Xã Vạn Yên'),(9004,250,'Xã Chu Phan'),(9007,250,'Xã Tiến Thịnh'),(9010,250,'Xã Mê Linh'),(9013,250,'Xã Văn Khê'),(9016,250,'Xã Hoàng Kim'),(9019,250,'Xã Tiền Phong'),(9022,250,'Xã Tráng Việt'),(9025,251,'Thị Trấn Yên Lạc'),(9028,251,'Xã Đồng Cương'),(9031,251,'Xã Đồng Văn'),(9034,251,'Xã Bình Định'),(9037,251,'Xã Trung Nguyên'),(9040,251,'Xã Tề Lỗ'),(9043,251,'Xã Tam Hồng'),(9046,251,'Xã Yên Đồng'),(9049,251,'Xã Văn Tiến'),(9052,251,'Xã Nguyệt Đức'),(9055,251,'Xã Yên Phương'),(9058,251,'Xã Hồng Phương'),(9061,251,'Xã Trung Kiên'),(9064,251,'Xã Liên Châu'),(9067,251,'Xã Đại Tự'),(9070,251,'Xã Hồng Châu'),(9073,251,'Xã Trung Hà'),(9076,252,'Thị Trấn Vĩnh Tường'),(9079,252,'Xã Kim Xá'),(9082,252,'Xã Yên Bình'),(9085,252,'Xã Chấn Hưng'),(9088,252,'Xã Nghĩa Hưng'),(9091,252,'Xã Yên Lập'),(9094,252,'Xã Việt Xuân'),(9097,252,'Xã Bồ Sao'),(9100,252,'Xã Đại Đồng'),(9103,252,'Xã Tân Tiến'),(9106,252,'Xã Lũng Hoà'),(9109,252,'Xã Cao Đại'),(9112,252,'Thị Trấn Thổ Tang'),(9115,252,'Xã Vĩnh Sơn'),(9118,252,'Xã Bình Dương'),(9121,252,'Xã Tân Cương'),(9124,252,'Xã Phú Thịnh'),(9127,252,'Xã Thượng Trưng'),(9130,252,'Xã Vũ Di'),(9133,252,'Xã Lý Nhân'),(9136,252,'Xã Tuân Chính'),(9139,252,'Xã Vân Xuân'),(9142,252,'Xã Tam Phúc'),(9145,252,'Thị Trấn Tứ Trưng'),(9148,252,'Xã Ngũ Kiên'),(9151,252,'Xã An Tường'),(9154,252,'Xã Vĩnh Thịnh'),(9157,252,'Xã Phú Đa'),(9160,252,'Xã Vĩnh Ninh'),(9163,256,'Phường Vũ Ninh'),(9166,256,'Phường Đáp Cầu'),(9169,256,'Phường Thị Cầu'),(9172,256,'Phường Kinh Bắc'),(9175,256,'Phường Vệ An'),(9178,256,'Phường Tiền An'),(9181,256,'Phường Đại Phúc'),(9184,256,'Phường Ninh Xá'),(9187,256,'Phường Suối Hoa'),(9190,256,'Phường Võ Cường'),(9193,258,'Thị Trấn Chờ'),(9196,258,'Xã Dũng Liệt'),(9199,258,'Xã Tam Đa'),(9202,258,'Xã Tam Giang'),(9205,258,'Xã Yên Trung'),(9208,258,'Xã Thụy Hòa'),(9211,258,'Xã Hòa Tiến'),(9214,256,'Xã Hòa Long'),(9217,258,'Xã Đông Tiến'),(9220,258,'Xã Yên Phụ'),(9223,258,'Xã Trung Nghĩa'),(9226,256,'Xã Vạn An'),(9229,258,'Xã Đông Phong'),(9232,258,'Xã Long Châu'),(9235,256,'Xã Khúc Xuyên'),(9238,258,'Xã Văn Môn'),(9241,258,'Xã Đông Thọ'),(9244,256,'Xã Phong Khê'),(9247,259,'Thị Trấn Phố Mới'),(9250,259,'Xã Việt Thống'),(9253,259,'Xã Đại Xuân'),(9256,256,'Xã Kim Chân'),(9259,259,'Xã Nhân Hòa'),(9262,259,'Xã Bằng An'),(9265,259,'Xã Phương Liễu'),(9268,259,'Xã Quế Tân'),(9271,256,'Xã Vân Dương'),(9274,259,'Xã Phù Lương'),(9277,259,'Xã Phù Lãng'),(9280,259,'Xã Phượng Mao'),(9283,259,'Xã Việt Hùng'),(9286,256,'Xã Nam Sơn'),(9289,259,'Xã Ngọc Xá'),(9292,259,'Xã Châu Phong'),(9295,259,'Xã Bồng Lai'),(9298,259,'Xã Cách Bi'),(9301,259,'Xã Đào Viên'),(9304,259,'Xã Yên Giả'),(9307,259,'Xã Mộ Đạo'),(9310,259,'Xã Đức Long'),(9313,259,'Xã Chi Lăng'),(9316,259,'Xã Hán Quảng'),(9319,260,'Thị Trấn Lim'),(9322,260,'Xã Phú Lâm'),(9325,256,'Xã Khắc Niệm'),(9328,260,'Xã Nội Duệ'),(9331,256,'Xã Hạp Lĩnh'),(9334,260,'Xã Liên Bão'),(9337,260,'Xã Hiên Vân'),(9340,260,'Xã Hoàn Sơn'),(9343,260,'Xã Lạc Vệ'),(9346,260,'Xã Việt Đoàn'),(9349,260,'Xã Phật Tích'),(9352,260,'Xã Tân Chi'),(9355,260,'Xã Đại Đồng'),(9358,260,'Xã Tri Phương'),(9361,260,'Xã Minh Đạo'),(9364,260,'Xã Cảnh Hưng'),(9367,261,'Phường Đông Ngàn'),(9370,261,'Xã Tam Sơn'),(9373,261,'Xã Hương Mạc'),(9376,261,'Xã Tương Giang'),(9379,261,'Xã Phù Khê'),(9382,261,'Phường Đồng Kỵ'),(9383,261,'Phường Trang Hạ'),(9385,261,'Phường Đồng Nguyên'),(9388,261,'Phường Châu Khê'),(9391,261,'Phường Tân Hồng'),(9394,261,'Phường Đình Bảng'),(9397,261,'Xã Phù Chẩn'),(9400,262,'Thị Trấn Hồ'),(9403,262,'Xã Hoài Thượng'),(9406,262,'Xã Đại Đồng Thành'),(9409,262,'Xã Mão Điền'),(9412,262,'Xã Song Hồ'),(9415,262,'Xã Đình Tổ'),(9418,262,'Xã An Bình'),(9421,262,'Xã Trí Quả'),(9424,262,'Xã Gia Đông'),(9427,262,'Xã Thanh Khương'),(9430,262,'Xã Trạm Lộ'),(9433,262,'Xã Xuân Lâm'),(9436,262,'Xã Hà Mãn'),(9439,262,'Xã Ngũ Thái'),(9442,262,'Xã Nguyệt Đức'),(9445,262,'Xã Ninh Xá'),(9448,262,'Xã Nghĩa Đạo'),(9451,262,'Xã Song Liễu'),(9454,263,'Thị Trấn Gia Bình'),(9457,263,'Xã Vạn Ninh'),(9460,263,'Xã Thái Bảo'),(9463,263,'Xã Giang Sơn'),(9466,263,'Xã Cao Đức'),(9469,263,'Xã Đại Lai'),(9472,263,'Xã Song Giang'),(9475,263,'Xã Bình Dương'),(9478,263,'Xã Lãng Ngâm'),(9481,263,'Xã Nhân Thắng'),(9484,263,'Xã Xuân Lai'),(9487,263,'Xã Đông Cứu'),(9490,263,'Xã Đại Bái'),(9493,263,'Xã Quỳnh Phú'),(9496,264,'Thị Trấn Thứa'),(9499,264,'Xã An Thịnh'),(9502,264,'Xã Trung Kênh'),(9505,264,'Xã Phú Hòa'),(9508,264,'Xã Mỹ Hương'),(9511,264,'Xã Tân Lãng'),(9514,264,'Xã Quảng Phú'),(9517,264,'Xã Trừng Xá'),(9520,264,'Xã Lai Hạ'),(9523,264,'Xã Trung Chính'),(9526,264,'Xã Minh Tân'),(9529,264,'Xã Bình Định'),(9532,264,'Xã Phú Lương'),(9535,264,'Xã Lâm Thao'),(9538,268,'Phường Nguyễn Trãi'),(9541,268,'Phường Mộ Lao'),(9542,268,'Phường Văn Quán'),(9544,268,'Phường Vạn Phúc'),(9547,268,'Phường Yết Kiêu'),(9550,268,'Phường Quang Trung'),(9551,268,'Phường La Khê'),(9552,268,'Phường Phú La'),(9553,268,'Phường Phúc La'),(9556,268,'Phường Hà Cầu'),(9562,268,'Phường Yên Nghĩa'),(9565,268,'Phường Kiến Hưng'),(9568,268,'Phường Phú Lãm'),(9571,268,'Phường Phú Lương'),(9574,269,'Phường Lê Lợi'),(9577,269,'Phường Phú Thịnh'),(9580,269,'Phường Ngô Quyền'),(9583,269,'Phường Quang Trung'),(9586,269,'Phường Sơn Lộc'),(9589,269,'Phường Xuân Khanh'),(9592,269,'Xã Đường Lâm'),(9595,269,'Phường Viên Sơn'),(9598,269,'Xã Xuân Sơn'),(9601,269,'Phường Trung Hưng'),(9604,269,'Xã Thanh Mỹ'),(9607,269,'Phường Trung Sơn Trầm'),(9610,269,'Xã Kim Sơn'),(9613,269,'Xã Sơn Đông'),(9616,269,'Xã Cổ Đông'),(9619,271,'Thị Trấn Tây Đằng'),(9622,227,'Xã Tân Đức'),(9625,271,'Xã Phú Cường'),(9628,271,'Xã Cổ Đô'),(9631,271,'Xã Tản Hồng'),(9634,271,'Xã Vạn Thắng'),(9637,271,'Xã Châu Sơn'),(9640,271,'Xã Phong Vân'),(9643,271,'Xã Phú Đông'),(9646,271,'Xã Phú Phương'),(9649,271,'Xã Phú Châu'),(9652,271,'Xã Thái Hòa'),(9655,271,'Xã Đồng Thái'),(9658,271,'Xã Phú Sơn'),(9661,271,'Xã Minh Châu'),(9664,271,'Xã Vật Lại'),(9667,271,'Xã Chu Minh'),(9670,271,'Xã Tòng Bạt'),(9673,271,'Xã Cẩm Lĩnh'),(9676,271,'Xã Sơn Đà'),(9679,271,'Xã Đông Quang'),(9682,271,'Xã Tiên Phong'),(9685,271,'Xã Thụy An'),(9688,271,'Xã Cam Thượng'),(9691,271,'Xã Thuần Mỹ'),(9694,271,'Xã Tản Lĩnh'),(9697,271,'Xã Ba Trại'),(9700,271,'Xã Minh Quang'),(9703,271,'Xã Ba Vì'),(9706,271,'Xã Vân Hòa'),(9709,271,'Xã Yên Bài'),(9712,271,'Xã Khánh Thượng'),(9715,272,'Thị Trấn Phúc Thọ'),(9718,272,'Xã Vân Hà'),(9721,272,'Xã Vân Phúc'),(9724,272,'Xã Vân Nam'),(9727,272,'Xã Xuân Phú'),(9730,272,'Xã Phương Độ'),(9733,272,'Xã Sen Chiểu'),(9736,272,'Xã Cẩm Đình'),(9739,272,'Xã Võng Xuyên'),(9742,272,'Xã Thọ Lộc'),(9745,272,'Xã Long Xuyên'),(9748,272,'Xã Thượng Cốc'),(9751,272,'Xã Hát Môn'),(9754,272,'Xã Tích Giang'),(9757,272,'Xã Thanh Đa'),(9760,272,'Xã Trạch Mỹ Lộc'),(9763,272,'Xã Phúc Hòa'),(9766,272,'Xã Ngọc Tảo'),(9769,272,'Xã Phụng Thượng'),(9772,272,'Xã Tam Thuấn'),(9775,272,'Xã Tam Hiệp'),(9778,272,'Xã Hiệp Thuận'),(9781,272,'Xã Liên Hiệp'),(9784,273,'Thị Trấn Phùng'),(9787,273,'Xã Trung Châu'),(9790,273,'Xã Thọ An'),(9793,273,'Xã Thọ Xuân'),(9796,273,'Xã Hồng Hà'),(9799,273,'Xã Liên Hồng'),(9802,273,'Xã Liên Hà'),(9805,273,'Xã Hạ Mỗ'),(9808,273,'Xã Liên Trung'),(9811,273,'Xã Phương Đình'),(9814,273,'Xã Thượng Mỗ'),(9817,273,'Xã Tân Hội'),(9820,273,'Xã Tân Lập'),(9823,273,'Xã Đan Phượng'),(9826,273,'Xã Đồng Tháp'),(9829,273,'Xã Song Phượng'),(9832,274,'Thị Trấn Trạm Trôi'),(9835,274,'Xã Đức Thượng'),(9838,274,'Xã Minh Khai'),(9841,274,'Xã Dương Liễu'),(9844,274,'Xã Di Trạch'),(9847,274,'Xã Đức Giang'),(9850,274,'Xã Cát Quế'),(9853,274,'Xã Kim Chung'),(9856,274,'Xã Yên Sở'),(9859,274,'Xã Sơn Đồng'),(9862,274,'Xã Vân Canh'),(9865,274,'Xã Đắc Sở'),(9868,274,'Xã Lại Yên'),(9871,274,'Xã Tiền Yên'),(9874,274,'Xã Song Phương'),(9877,274,'Xã An Khánh'),(9880,274,'Xã An Thượng'),(9883,274,'Xã Vân Côn'),(9886,268,'Phường Dương Nội'),(9889,274,'Xã La Phù'),(9892,274,'Xã Đông La'),(9895,275,'Thị Trấn Quốc Oai'),(9898,275,'Xã Sài Sơn'),(9901,275,'Xã Phượng Cách'),(9904,275,'Xã Yên Sơn'),(9907,275,'Xã Ngọc Liệp'),(9910,275,'Xã Ngọc Mỹ'),(9913,275,'Xã Liệp Tuyết'),(9916,275,'Xã Thạch Thán'),(9919,275,'Xã Đồng Quang'),(9922,275,'Xã Phú Cát'),(9925,275,'Xã Tuyết Nghĩa'),(9928,275,'Xã Nghĩa Hương'),(9931,275,'Xã Cộng Hòa'),(9934,275,'Xã Tân Phú'),(9937,275,'Xã Đại Thành'),(9940,275,'Xã Phú Mãn'),(9943,275,'Xã Cấn Hữu'),(9946,275,'Xã Tân Hòa'),(9949,275,'Xã Hòa Thạch'),(9952,275,'Xã Đông Yên'),(9955,276,'Thị Trấn Liên Quan'),(9958,276,'Xã Đại Đồng'),(9961,276,'Xã Cẩm Yên'),(9964,276,'Xã Lại Thượng'),(9967,276,'Xã Phú Kim'),(9970,276,'Xã Hương Ngải'),(9973,276,'Xã Canh Nậu'),(9976,276,'Xã Kim Quan'),(9979,276,'Xã Dị Nậu'),(9982,276,'Xã Bình Yên'),(9985,276,'Xã Chàng Sơn'),(9988,276,'Xã Thạch Hoà'),(9991,276,'Xã Cần Kiệm'),(9994,276,'Xã Hữu Bằng'),(9997,276,'Xã Phùng Xá'),(10000,276,'Xã Tân Xã'),(10003,276,'Xã Thạch Xá'),(10006,276,'Xã Bình Phú'),(10009,276,'Xã Hạ Bằng'),(10012,276,'Xã Đồng Trúc'),(10015,277,'Thị Trấn Chúc Sơn'),(10018,277,'Thị Trấn Xuân Mai'),(10021,277,'Xã Phụng Châu'),(10024,277,'Xã Tiên Phương'),(10027,277,'Xã Đông Sơn'),(10030,277,'Xã Đông Phương Yên'),(10033,277,'Xã Phú Nghĩa'),(10039,277,'Xã Trường Yên'),(10042,277,'Xã Ngọc Hòa'),(10045,277,'Xã Thủy Xuân Tiên'),(10048,277,'Xã Thanh Bình'),(10051,277,'Xã Trung Hòa'),(10054,277,'Xã Đại Yên'),(10057,277,'Xã Thụy Hương'),(10060,277,'Xã Tốt Động'),(10063,277,'Xã Lam Điền'),(10066,277,'Xã Tân Tiến'),(10069,277,'Xã Nam Phương Tiến'),(10072,277,'Xã Hợp Đồng'),(10075,277,'Xã Hoàng Văn Thụ'),(10078,277,'Xã Hoàng Diệu'),(10081,277,'Xã Hữu Văn'),(10084,277,'Xã Quảng Bị'),(10087,277,'Xã Mỹ Lương'),(10090,277,'Xã Thượng Vực'),(10093,277,'Xã Hồng Phong'),(10096,277,'Xã Đồng Phú'),(10099,277,'Xã Trần Phú'),(10102,277,'Xã Văn Võ'),(10105,277,'Xã Đồng Lạc'),(10108,277,'Xã Hòa Chính'),(10111,277,'Xã Phú Nam An'),(10114,278,'Thị Trấn Kim Bài'),(10117,268,'Phường Đồng Mai'),(10120,278,'Xã Cự Khê'),(10123,268,'Phường Biên Giang'),(10126,278,'Xã Bích Hòa'),(10129,278,'Xã Mỹ Hưng'),(10132,278,'Xã Cao Viên'),(10135,278,'Xã Bình Minh'),(10138,278,'Xã Tam Hưng'),(10141,278,'Xã Thanh Cao'),(10144,278,'Xã Thanh Thùy'),(10147,278,'Xã Thanh Mai'),(10150,278,'Xã Thanh Văn'),(10153,278,'Xã Đỗ Động'),(10156,278,'Xã Kim An'),(10159,278,'Xã Kim Thư'),(10162,278,'Xã Phương Trung'),(10165,278,'Xã Tân Ước'),(10168,278,'Xã Dân Hòa'),(10171,278,'Xã Liên Châu'),(10174,278,'Xã Cao Dương'),(10177,278,'Xã Xuân Dương'),(10180,278,'Xã Hồng Dương'),(10183,279,'Thị Trấn Thường Tín'),(10186,279,'Xã Ninh Sở'),(10189,279,'Xã Nhị Khê'),(10192,279,'Xã Duyên Thái'),(10195,279,'Xã Khánh Hà'),(10198,279,'Xã Hòa Bình'),(10201,279,'Xã Văn Bình'),(10204,279,'Xã Hiền Giang'),(10207,279,'Xã Hồng Vân'),(10210,279,'Xã Vân Tảo'),(10213,279,'Xã Liên Phương'),(10216,279,'Xã Văn Phú'),(10219,279,'Xã Tự Nhiên'),(10222,279,'Xã Tiền Phong'),(10225,279,'Xã Hà Hồi'),(10228,279,'Xã Thư Phú'),(10231,279,'Xã Nguyễn Trãi'),(10234,279,'Xã Quất Động'),(10237,279,'Xã Chương Dương'),(10240,279,'Xã Tân Minh'),(10243,279,'Xã Lê Lợi'),(10246,279,'Xã Thắng Lợi'),(10249,279,'Xã Dũng Tiến'),(10252,279,'Xã Thống Nhất'),(10255,279,'Xã Nghiêm Xuyên'),(10258,279,'Xã Tô Hiệu'),(10261,279,'Xã Văn Tự'),(10264,279,'Xã Vạn Điểm'),(10267,279,'Xã Minh Cường'),(10270,280,'Thị Trấn Phú Minh'),(10273,280,'Thị Trấn Phú Xuyên'),(10276,280,'Xã Hồng Minh'),(10279,280,'Xã Phượng Dực'),(10282,280,'Xã Văn Nhân'),(10285,280,'Xã Thụy Phú'),(10288,280,'Xã Tri Trung'),(10291,280,'Xã Đại Thắng'),(10294,280,'Xã Phú Túc'),(10297,280,'Xã Văn Hoàng'),(10300,280,'Xã Hồng Thái'),(10303,280,'Xã Hoàng Long'),(10306,280,'Xã Quang Trung'),(10309,280,'Xã Nam Phong'),(10312,280,'Xã Nam Triều'),(10315,280,'Xã Tân Dân'),(10318,280,'Xã Sơn Hà'),(10321,280,'Xã Chuyên Mỹ'),(10324,280,'Xã Khai Thái'),(10327,280,'Xã Phúc Tiến'),(10330,280,'Xã Vân Từ'),(10333,280,'Xã Tri Thủy'),(10336,280,'Xã Đại Xuyên'),(10339,280,'Xã Phú Yên'),(10342,280,'Xã Bạch Hạ'),(10345,280,'Xã Quang Lãng'),(10348,280,'Xã Châu Can'),(10351,280,'Xã Minh Tân'),(10354,281,'Thị Trấn Vân Đình'),(10357,281,'Xã Viên An'),(10360,281,'Xã Viên Nội'),(10363,281,'Xã Hoa Sơn'),(10366,281,'Xã Quảng Phú Cầu'),(10369,281,'Xã Trường Thịnh'),(10372,281,'Xã Cao Thành'),(10375,281,'Xã Liên Bạt'),(10378,281,'Xã Sơn Công'),(10381,281,'Xã Đồng Tiến'),(10384,281,'Xã Phương Tú'),(10387,281,'Xã Trung Tú'),(10390,281,'Xã Đồng Tân'),(10393,281,'Xã Tảo Dương Văn'),(10396,281,'Xã Vạn Thái'),(10399,281,'Xã Minh Đức'),(10402,281,'Xã Hòa Lâm'),(10405,281,'Xã Hòa Xá'),(10408,281,'Xã Trầm Lộng'),(10411,281,'Xã Kim Đường'),(10414,281,'Xã Hòa Nam'),(10417,281,'Xã Hòa Phú'),(10420,281,'Xã Đội Bình'),(10423,281,'Xã Đại Hùng'),(10426,281,'Xã Đông Lỗ'),(10429,281,'Xã Phù Lưu'),(10432,281,'Xã Đại Cường'),(10435,281,'Xã Lưu Hoàng'),(10438,281,'Xã Hồng Quang'),(10441,282,'Thị Trấn Đại Nghĩa'),(10444,282,'Xã Đồng Tâm'),(10447,282,'Xã Thượng Lâm'),(10450,282,'Xã Tuy Lai'),(10453,282,'Xã Phúc Lâm'),(10456,282,'Xã Mỹ Thành'),(10459,282,'Xã Bột Xuyên'),(10462,282,'Xã An Mỹ'),(10465,282,'Xã Hồng Sơn'),(10468,282,'Xã Lê Thanh'),(10471,282,'Xã Xuy Xá'),(10474,282,'Xã Phùng Xá'),(10477,282,'Xã Phù Lưu Tế'),(10480,282,'Xã Đại Hưng'),(10483,282,'Xã Vạn Kim'),(10486,282,'Xã Đốc Tín'),(10489,282,'Xã Hương Sơn'),(10492,282,'Xã Hùng Tiến'),(10495,282,'Xã An Tiến'),(10498,282,'Xã Hợp Tiến'),(10501,282,'Xã Hợp Thanh'),(10504,282,'Xã An Phú'),(10507,288,'Phường Cẩm Thượng'),(10510,288,'Phường Bình Hàn'),(10513,288,'Phường Ngọc Châu'),(10514,288,'Phường Nhị Châu'),(10516,288,'Phường Quang Trung'),(10519,288,'Phường Nguyễn Trãi'),(10522,288,'Phường Phạm Ngũ Lão'),(10525,288,'Phường Trần Hưng Đạo'),(10528,288,'Phường Trần Phú'),(10531,288,'Phường Thanh Bình'),(10532,288,'Phường Tân Bình'),(10534,288,'Phường Lê Thanh Nghị'),(10537,288,'Phường Hải Tân'),(10540,288,'Phường Tứ Minh'),(10543,288,'Phường Việt Hòa'),(10546,290,'Thị Trấn Phả Lại'),(10549,290,'Thị Trấn Sao Đỏ'),(10552,290,'Thị Trấn Bến Tắm'),(10555,290,'Xã Hoàng Hoa Thám'),(10558,290,'Xã Bắc An'),(10561,290,'Xã Hưng Đạo'),(10564,290,'Xã Lê Lợi'),(10567,290,'Xã Hoàng Tiến'),(10570,290,'Xã Cộng Hòa'),(10573,290,'Xã Hoàng Tân'),(10576,290,'Xã Cổ Thành'),(10579,290,'Xã Văn An'),(10582,290,'Xã Chí Minh'),(10585,290,'Xã Văn Đức'),(10588,290,'Xã Thái Học'),(10591,290,'Xã Nhân Huệ'),(10594,290,'Xã An Lạc'),(10597,290,'Xã Kênh Giang'),(10600,290,'Xã Đồng Lạc'),(10603,290,'Xã Tân Dân'),(10606,291,'Thị Trấn Nam Sách'),(10609,291,'Xã Nam Hưng'),(10612,291,'Xã Nam Tân'),(10615,291,'Xã Hợp Tiến'),(10618,291,'Xã Hiệp Cát'),(10621,291,'Xã Thanh Quang'),(10624,291,'Xã Quốc Tuấn'),(10627,291,'Xã Nam Chính'),(10630,291,'Xã An Bình'),(10633,291,'Xã Nam Trung'),(10636,291,'Xã An Sơn'),(10639,291,'Xã Cộng Hòa'),(10642,291,'Xã Thái Tân'),(10645,291,'Xã An Lâm'),(10648,291,'Xã Phú Điền'),(10651,291,'Xã Nam Hồng'),(10654,291,'Xã Hồng Phong'),(10657,291,'Xã Đồng Lạc'),(10660,288,'Xã Ái Quốc'),(10663,288,'Xã An Châu'),(10666,291,'Xã Minh Tân'),(10669,288,'Xã Thượng Đạt'),(10672,288,'Xã Nam Đồng'),(10675,292,'Thị Trấn An Lưu'),(10678,292,'Xã Bạch Đằng'),(10681,292,'Xã Thất Hùng'),(10684,292,'Xã Lê Ninh'),(10687,292,'Xã Hoành Sơn'),(10690,292,'Xã Phúc Thành B'),(10693,292,'Xã Thái Sơn'),(10696,292,'Xã Duy Tân'),(10699,292,'Xã Tân Dân'),(10702,292,'Thị Trấn Minh Tân'),(10705,292,'Xã Quang Trung'),(10708,292,'Xã Hiệp Hòa'),(10711,292,'Xã Phạm Mệnh'),(10714,292,'Thị Trấn Phú Thứ'),(10717,292,'Xã Thăng Long'),(10720,292,'Xã Lạc Long'),(10723,292,'Xã An Sinh'),(10726,292,'Xã Hiệp Sơn'),(10729,292,'Xã Thượng Quận'),(10732,292,'Xã An Phụ'),(10735,292,'Xã Hiệp An'),(10738,292,'Xã Long Xuyên'),(10741,292,'Xã Thái Thịnh'),(10744,292,'Xã Hiến Thành'),(10747,292,'Xã Minh Hòa'),(10750,293,'Thị Trấn Phú Thái'),(10753,293,'Xã Lai Vu'),(10756,293,'Xã Cộng Hòa'),(10759,293,'Xã Thượng Vũ'),(10762,293,'Xã Cổ Dũng'),(10765,293,'Xã Việt Hưng'),(10768,293,'Xã Tuấn Hưng'),(10771,293,'Xã Kim Xuyên'),(10774,293,'Xã Phúc Thành A'),(10777,293,'Xã Ngũ Phúc'),(10780,293,'Xã Kim Anh'),(10783,293,'Xã Kim Lương'),(10786,293,'Xã Kim Tân'),(10789,293,'Xã Kim Khê'),(10792,293,'Xã Kim Đính'),(10795,293,'Xã Cẩm La'),(10798,293,'Xã Bình Dân'),(10801,293,'Xã Tam Kỳ'),(10804,293,'Xã Đồng Gia'),(10807,293,'Xã Liên Hòa'),(10810,293,'Xã Đại Đức'),(10813,294,'Thị Trấn Thanh Hà'),(10816,294,'Xã Hồng Lạc'),(10819,294,'Xã Việt Hồng'),(10822,294,'Xã Quyết Thắng'),(10825,294,'Xã Tân Việt'),(10828,294,'Xã Cẩm Chế'),(10831,294,'Xã Thanh An'),(10834,294,'Xã Thanh Lang'),(10837,294,'Xã Tiền Tiến'),(10840,294,'Xã Tân An'),(10843,294,'Xã Liên Mạc'),(10846,294,'Xã Thanh Hải'),(10849,294,'Xã Thanh Khê'),(10852,294,'Xã Thanh Xá'),(10855,294,'Xã Thanh Xuân'),(10858,294,'Xã An Lương'),(10861,294,'Xã Thanh Thủy'),(10864,294,'Xã Phượng Hoàng'),(10867,294,'Xã Thanh Sơn'),(10870,294,'Xã Hợp Đức'),(10873,294,'Xã Trường Thành'),(10876,294,'Xã Thanh Bính'),(10879,294,'Xã Thanh Hồng'),(10882,294,'Xã Thanh Cường'),(10885,294,'Xã Vĩnh Lập'),(10888,295,'Thị Trấn Cẩm Giàng'),(10891,295,'Thị Trấn Lai Cách'),(10894,295,'Xã Cẩm Hưng'),(10897,295,'Xã Cẩm Hoàng'),(10900,295,'Xã Cẩm Văn'),(10903,295,'Xã Ngọc Liên'),(10906,295,'Xã Thạch Lỗi'),(10909,295,'Xã Cẩm Vũ'),(10912,295,'Xã Đức Chính'),(10915,295,'Xã Cẩm Sơn'),(10918,295,'Xã Cẩm Định'),(10921,295,'Xã Kim Giang'),(10924,295,'Xã Lương Điền'),(10927,295,'Xã Cao An'),(10930,295,'Xã Tân Trường'),(10933,295,'Xã Cẩm Phúc'),(10936,295,'Xã Cẩm Điền'),(10939,295,'Xã Cẩm Đông'),(10942,295,'Xã Cẩm Đoài'),(10945,296,'Thị Trấn Kẻ Sặt'),(10948,296,'Xã Hưng Thịnh'),(10951,296,'Xã Vĩnh Tuy'),(10954,296,'Xã Hùng Thắng'),(10957,296,'Xã Tráng Liệt'),(10960,296,'Xã Vĩnh Hồng'),(10963,296,'Xã Long Xuyên'),(10966,296,'Xã Tân Việt'),(10969,296,'Xã Thúc Kháng'),(10972,296,'Xã Tân Hồng'),(10975,296,'Xã Bình Minh'),(10978,296,'Xã Hồng Khê'),(10981,296,'Xã Thái Học'),(10984,296,'Xã Cổ Bi'),(10987,296,'Xã Nhân Quyền'),(10990,296,'Xã Thái Dương'),(10993,296,'Xã Thái Hòa'),(10996,296,'Xã Bình Xuyên'),(10999,297,'Thị Trấn Gia Lộc'),(11002,288,'Xã Thạch Khôi'),(11005,297,'Xã Liên Hồng'),(11008,297,'Xã Thống Nhất'),(11011,288,'Xã Tân Hưng'),(11014,297,'Xã Trùng Khánh'),(11017,297,'Xã Gia Xuyên'),(11020,297,'Xã Yết Kiêu'),(11023,297,'Xã Gia Hòa'),(11026,297,'Xã Phương Hưng'),(11029,297,'Xã Gia Tân'),(11032,297,'Xã Tân Tiến'),(11035,297,'Xã Gia Khánh'),(11038,297,'Xã Gia Lương'),(11041,297,'Xã Lê Lợi'),(11044,297,'Xã Toàn Thắng'),(11047,297,'Xã Hoàng Diệu'),(11050,297,'Xã Hồng Hưng'),(11053,297,'Xã Phạm Trấn'),(11056,297,'Xã Đoàn Thượng'),(11059,297,'Xã Thống Kênh'),(11062,297,'Xã Quang Minh'),(11065,297,'Xã Đồng Quang'),(11068,297,'Xã Nhật Tân'),(11071,297,'Xã Đức Xương'),(11074,298,'Thị Trấn Tứ Kỳ'),(11077,298,'Xã Ngọc Sơn'),(11080,298,'Xã Kỳ Sơn'),(11083,298,'Xã Đại Đồng'),(11086,298,'Xã Hưng Đạo'),(11089,298,'Xã Ngọc Kỳ'),(11092,298,'Xã Bình Lăng'),(11095,298,'Xã Tứ Xuyên'),(11098,298,'Xã Tái Sơn'),(11101,298,'Xã Quang Phục'),(11104,298,'Xã Đông Kỳ'),(11107,298,'Xã Tây Kỳ'),(11110,298,'Xã Dân Chủ'),(11113,298,'Xã Tân Kỳ'),(11116,298,'Xã Quang Khải'),(11119,298,'Xã Đại Hợp'),(11122,298,'Xã Quảng Nghiệp'),(11125,298,'Xã An Thanh'),(11128,298,'Xã Minh Đức'),(11131,298,'Xã Văn Tố'),(11134,298,'Xã Quang Trung'),(11137,298,'Xã Phượng Kỳ'),(11140,298,'Xã Cộng Lạc'),(11143,298,'Xã Tiên Động'),(11146,298,'Xã Nguyên Giáp'),(11149,298,'Xã Hà Kỳ'),(11152,298,'Xã Hà Thanh'),(11155,299,'Thị Trấn Ninh Giang'),(11158,299,'Xã Quyết Thắng'),(11161,299,'Xã Ứng Hoè'),(11164,299,'Xã Nghĩa An'),(11167,299,'Xã Hồng Đức'),(11170,299,'Xã Ninh Hòa'),(11173,299,'Xã An Đức'),(11176,299,'Xã Vạn Phúc'),(11179,299,'Xã Tân Hương'),(11182,299,'Xã Ninh Thành'),(11185,299,'Xã Vĩnh Hòa'),(11188,299,'Xã Đông Xuyên'),(11191,299,'Xã Hoàng Hanh'),(11194,299,'Xã Quang Hưng'),(11197,299,'Xã Tân Phong'),(11200,299,'Xã Ninh Hải'),(11203,299,'Xã Đồng Tâm'),(11206,299,'Xã Tân Quang'),(11209,299,'Xã Kiến Quốc'),(11212,299,'Xã Hồng Thái'),(11215,299,'Xã Hồng Dụ'),(11218,299,'Xã Văn Hội'),(11221,299,'Xã Hưng Thái'),(11224,299,'Xã Hồng Phong'),(11227,299,'Xã Hiệp Lực'),(11230,299,'Xã Hồng Phúc'),(11233,299,'Xã Hưng Long'),(11236,299,'Xã Văn Giang'),(11239,300,'Thị Trấn Thanh Miện'),(11242,300,'Xã Thanh Tùng'),(11245,300,'Xã Phạm Kha'),(11248,300,'Xã Ngô Quyền'),(11251,300,'Xã Đoàn Tùng'),(11254,300,'Xã Hồng Quang'),(11257,300,'Xã Tân Trào'),(11260,300,'Xã Lam Sơn'),(11263,300,'Xã Đoàn Kết'),(11266,300,'Xã Lê Hồng'),(11269,300,'Xã Tứ Cường'),(11272,300,'Xã Hùng Sơn'),(11275,300,'Xã Ngũ Hùng'),(11278,300,'Xã Cao Thắng'),(11281,300,'Xã Chi Lăng Bắc'),(11284,300,'Xã Chi Lăng Nam'),(11287,300,'Xã Thanh Giang'),(11290,300,'Xã Diên Hồng'),(11293,300,'Xã Tiền Phong'),(11296,303,'Phường Quán Toan'),(11299,303,'Phường Hùng Vương'),(11302,303,'Phường Sở Dầu'),(11305,303,'Phường Thượng Lý'),(11308,303,'Phường Hạ Lý'),(11311,303,'Phường Minh Khai'),(11314,303,'Phường Trại Chuối'),(11317,303,'Phường Quang Trung'),(11320,303,'Phường Hoàng Văn Thụ'),(11323,303,'Phường Phan Bội Châu'),(11326,303,'Phường Phạm Hồng Thái'),(11329,304,'Phường Máy Chai'),(11332,304,'Phường Máy Tơ'),(11335,304,'Phường Vạn Mỹ'),(11338,304,'Phường Cầu Tre'),(11341,304,'Phường Lạc Viên'),(11344,304,'Phường Lương Khánh Thiện'),(11347,304,'Phường Gia Viên'),(11350,304,'Phường Đông Khê'),(11353,304,'Phường Cầu Đất'),(11356,304,'Phường Lê Lợi'),(11359,304,'Phường Đằng Giang'),(11362,304,'Phường Lạch Tray'),(11365,304,'Phường Đổng Quốc Bình'),(11368,305,'Phường Cát Dài'),(11371,305,'Phường An Biên'),(11374,305,'Phường Lam Sơn'),(11377,305,'Phường An Dương'),(11380,305,'Phường Trần Nguyên Hãn'),(11383,305,'Phường Hồ Nam'),(11386,305,'Phường Trại Cau'),(11389,305,'Phường Dư Hàng'),(11392,305,'Phường Hàng Kênh'),(11395,305,'Phường Đông Hải'),(11398,305,'Phường Niệm Nghĩa'),(11401,305,'Phường Nghĩa Xá'),(11404,305,'Phường Dư Hàng Kênh'),(11405,305,'Phường Kênh Dương'),(11407,305,'Phường Vĩnh Niệm'),(11410,306,'Phường Đông Hải 1'),(11411,306,'Phường Đông Hải 2'),(11413,306,'Phường Đằng Lâm'),(11414,306,'Phường Thành Tô'),(11416,306,'Phường Đằng Hải'),(11419,306,'Phường Nam Hải'),(11422,306,'Phường Cát Bi'),(11425,306,'Phường Tràng Cát'),(11428,307,'Phường Quán Trữ'),(11429,307,'Phường Lãm Hà'),(11431,307,'Phường Đồng Hoà'),(11434,307,'Phường Bắc Sơn'),(11437,307,'Phường Nam Sơn'),(11440,307,'Phường Ngọc Sơn'),(11443,307,'Phường Trần Thành Ngọ'),(11446,307,'Phường Văn Đẩu'),(11449,307,'Phường Phù Liễn'),(11452,307,'Phường Tràng Minh'),(11455,308,'Phường Ngọc Xuyên'),(11458,308,'Phường Ngọc Hải'),(11461,308,'Phường Vạn Hương'),(11464,308,'Phường Vạn Sơn'),(11465,308,'Phường Minh Đức'),(11467,308,'Phường Bàng La'),(11470,311,'Thị Trấn Núi Đèo'),(11473,311,'Thị Trấn Minh Đức'),(11476,311,'Xã Lại Xuân'),(11479,311,'Xã An Sơn'),(11482,311,'Xã Kỳ Sơn'),(11485,311,'Xã Liên Khê'),(11488,311,'Xã Lưu Kiếm'),(11491,311,'Xã Lưu Kỳ'),(11494,311,'Xã Gia Minh'),(11497,311,'Xã Gia Đức'),(11500,311,'Xã Minh Tân'),(11503,311,'Xã Phù Ninh'),(11506,311,'Xã Quảng Thanh'),(11509,311,'Xã Chính Mỹ'),(11512,311,'Xã Kênh Giang'),(11515,311,'Xã Hợp Thành'),(11518,311,'Xã Cao Nhân'),(11521,311,'Xã Mỹ Đồng'),(11524,311,'Xã Đông Sơn'),(11527,311,'Xã Hoà Bình'),(11530,311,'Xã Trung Hà'),(11533,311,'Xã An Lư'),(11536,311,'Xã Thuỷ Triều'),(11539,311,'Xã Ngũ Lão'),(11542,311,'Xã Phục Lễ'),(11545,311,'Xã Tam Hưng'),(11548,311,'Xã Phả Lễ'),(11551,311,'Xã Lập Lễ'),(11554,311,'Xã Kiền Bái'),(11557,311,'Xã Thiên Hương'),(11560,311,'Xã Thuỷ Sơn'),(11563,311,'Xã Thuỷ Đường'),(11566,311,'Xã Hoàng Động'),(11569,311,'Xã Lâm Động'),(11572,311,'Xã Hoa Động'),(11575,311,'Xã Tân Dương'),(11578,311,'Xã Dương Quan'),(11581,312,'Thị Trấn An Dương'),(11584,312,'Xã Lê Thiện'),(11587,312,'Xã Đại Bản'),(11590,312,'Xã An Hoà'),(11593,312,'Xã Hồng Phong'),(11596,312,'Xã Tân Tiến'),(11599,312,'Xã An Hưng'),(11602,312,'Xã An Hồng'),(11605,312,'Xã Bắc Sơn'),(11608,312,'Xã Nam Sơn'),(11611,312,'Xã Lê Lợi'),(11614,312,'Xã Đặng Cương'),(11617,312,'Xã Đồng Thái'),(11620,312,'Xã Quốc Tuấn'),(11623,312,'Xã An Đồng'),(11626,312,'Xã Hồng Thái'),(11629,313,'Thị Trấn An Lão'),(11632,313,'Xã Bát Trang'),(11635,313,'Xã Trường Thọ'),(11638,313,'Xã Trường Thành'),(11641,313,'Xã An Tiến'),(11644,313,'Xã Quang Hưng'),(11647,313,'Xã Quang Trung'),(11650,313,'Xã Quốc Tuấn'),(11653,313,'Xã An Thắng'),(11656,313,'Thị Trấn Trường Sơn'),(11659,313,'Xã Tân Dân'),(11662,313,'Xã Thái Sơn'),(11665,313,'Xã Tân Viên'),(11668,313,'Xã Mỹ Đức'),(11671,313,'Xã Chiến Thắng'),(11674,313,'Xã An Thọ'),(11677,313,'Xã An Thái'),(11680,314,'Thị Trấn Núi Đối'),(11683,309,'Phường Đa Phúc'),(11686,309,'Phường Hưng Đạo'),(11689,309,'Phường Anh Dũng'),(11692,309,'Phường Hải Thành'),(11695,314,'Xã Đông Phương'),(11698,314,'Xã Thuận Thiên'),(11701,314,'Xã Hữu Bằng'),(11704,314,'Xã Đại Đồng'),(11707,309,'Phường Hoà Nghĩa'),(11710,314,'Xã Ngũ Phúc'),(11713,314,'Xã Kiến Quốc'),(11716,314,'Xã Du Lễ'),(11719,314,'Xã Thuỵ Hương'),(11722,314,'Xã Thanh Sơn'),(11725,314,'Xã Minh Tân'),(11728,314,'Xã Đại Hà'),(11731,314,'Xã Ngũ Đoan'),(11734,314,'Xã Tân Phong'),(11737,308,'Phường Hợp Đức'),(11740,309,'Phường Tân Thành'),(11743,314,'Xã Tân Trào'),(11746,314,'Xã Đoàn Xá'),(11749,314,'Xã Tú Sơn'),(11752,314,'Xã Đại Hợp'),(11755,315,'Thị Trấn Tiên Lãng'),(11758,315,'Xã Đại Thắng'),(11761,315,'Xã Tiên Cường'),(11764,315,'Xã Tự Cường'),(11767,315,'Xã Tiên Tiến'),(11770,315,'Xã Quyết Tiến'),(11773,315,'Xã Khởi Nghĩa'),(11776,315,'Xã Tiên Thanh'),(11779,315,'Xã Cấp Tiến'),(11782,315,'Xã Kiến Thiết'),(11785,315,'Xã Đoàn Lập'),(11788,315,'Xã Bạch Đằng'),(11791,315,'Xã Quang Phục'),(11794,315,'Xã Toàn Thắng'),(11797,315,'Xã Tiên Thắng'),(11800,315,'Xã Tiên Minh'),(11803,315,'Xã Bắc Hưng'),(11806,315,'Xã Nam Hưng'),(11809,315,'Xã Hùng Thắng'),(11812,315,'Xã Tây Hưng'),(11815,315,'Xã Đông Hưng'),(11818,315,'Xã Tiên Hưng'),(11821,315,'Xã Vinh Quang'),(11824,316,'Thị Trấn Vĩnh Bảo'),(11827,316,'Xã Dũng Tiến'),(11830,316,'Xã Giang Biên'),(11833,316,'Xã Thắng Thuỷ'),(11836,316,'Xã Trung Lập'),(11839,316,'Xã Việt Tiến'),(11842,316,'Xã Vĩnh An'),(11845,316,'Xã Vĩnh Long'),(11848,316,'Xã Hiệp Hoà'),(11851,316,'Xã Hùng Tiến'),(11854,316,'Xã An Hoà'),(11857,316,'Xã Tân Hưng'),(11860,316,'Xã Tân Liên'),(11863,316,'Xã Nhân Hoà'),(11866,316,'Xã Tam Đa'),(11869,316,'Xã Hưng Nhân'),(11872,316,'Xã Vinh Quang'),(11875,316,'Xã Đồng Minh'),(11878,316,'Xã Thanh Lương'),(11881,316,'Xã Liên Am'),(11884,316,'Xã Lý Học'),(11887,316,'Xã Tam Cường'),(11890,316,'Xã Hoà Bình'),(11893,316,'Xã Tiền Phong'),(11896,316,'Xã Vĩnh Phong'),(11899,316,'Xã Cộng Hiền'),(11902,316,'Xã Cao Minh'),(11905,316,'Xã Cổ Am'),(11908,316,'Xã Vĩnh Tiến'),(11911,316,'Xã Trấn Dương'),(11914,317,'Thị Trấn Cát Bà'),(11917,317,'Thị Trấn Cát Hải'),(11920,317,'Xã Nghĩa Lộ'),(11923,317,'Xã Đồng Bài'),(11926,317,'Xã Hoàng Châu'),(11929,317,'Xã Văn Phong'),(11932,317,'Xã Phù Long'),(11935,317,'Xã Gia Luận'),(11938,317,'Xã Hiền Hào'),(11941,317,'Xã Trân Châu'),(11944,317,'Xã Việt Hải'),(11947,317,'Xã Xuân Đám'),(11950,323,'Phường Lam Sơn'),(11953,323,'Phường An Tảo'),(11956,323,'Phường Hiến Nam'),(11959,323,'Phường Lê Lợi'),(11962,323,'Phường Hồng Châu'),(11965,323,'Phường Minh Khai'),(11968,323,'Phường Quang Trung'),(11971,323,'Xã Bảo Khê'),(11974,323,'Xã Trung Nghĩa'),(11977,323,'Xã Liên Phương'),(11980,323,'Xã Hồng Nam'),(11983,323,'Xã Quảng Châu'),(11986,325,'Thị Trấn Như Quỳnh'),(11989,325,'Xã Lạc Đạo'),(11992,325,'Xã Chỉ Đạo'),(11995,325,'Xã Đại Đồng'),(11998,325,'Xã Việt Hưng'),(12001,325,'Xã Tân Quang'),(12004,325,'Xã Đình Dù'),(12007,325,'Xã Minh Hải'),(12010,325,'Xã Lương Tài'),(12013,325,'Xã Trưng Trắc'),(12016,325,'Xã Lạc Hồng'),(12019,326,'Thị Trấn Văn Giang'),(12022,326,'Xã Xuân Quan'),(12025,326,'Xã Cửu Cao'),(12028,326,'Xã Phụng Công'),(12031,326,'Xã Nghĩa Trụ'),(12034,326,'Xã Long Hưng'),(12037,326,'Xã Vĩnh Khúc'),(12040,326,'Xã Liên Nghĩa'),(12043,326,'Xã Tân Tiến'),(12046,326,'Xã Thắng Lợi'),(12049,326,'Xã Mễ Sở'),(12052,327,'Thị Trấn Yên Mỹ'),(12055,327,'Xã Giai Phạm'),(12058,327,'Xã Nghĩa Hiệp'),(12061,327,'Xã Đồng Than'),(12064,327,'Xã Ngọc Long'),(12067,327,'Xã Liêu Xá'),(12070,327,'Xã Hoàn Long'),(12073,327,'Xã Tân Lập'),(12076,327,'Xã Thanh Long'),(12079,327,'Xã Yên Phú'),(12082,327,'Xã Việt Cường'),(12085,327,'Xã Trung Hòa'),(12088,327,'Xã Yên Hòa'),(12091,327,'Xã Minh Châu'),(12094,327,'Xã Trung Hưng'),(12097,327,'Xã Lý Thường Kiệt'),(12100,327,'Xã Tân Việt'),(12103,328,'Thị Trấn Bần Yên Nhân'),(12106,328,'Xã Phan Đình Phùng'),(12109,328,'Xã Cẩm Xá'),(12112,328,'Xã Dương Quang'),(12115,328,'Xã Hòa Phong'),(12118,328,'Xã Nhân Hòa'),(12121,328,'Xã Dị Sử'),(12124,328,'Xã Bạch Sam'),(12127,328,'Xã Minh Đức'),(12130,328,'Xã Phùng Chí Kiên'),(12133,328,'Xã Xuân Dục'),(12136,328,'Xã Ngọc Lâm'),(12139,328,'Xã Hưng Long'),(12142,329,'Thị Trấn Ân Thi'),(12145,329,'Xã Phù Ủng'),(12148,329,'Xã Bắc Sơn'),(12151,329,'Xã Bãi Sậy'),(12154,329,'Xã Đào Dương'),(12157,329,'Xã Tân Phúc'),(12160,329,'Xã Vân Du'),(12163,329,'Xã Quang Vinh'),(12166,329,'Xã Xuân Trúc'),(12169,329,'Xã Hoàng Hoa Thám'),(12172,329,'Xã Quảng Lãng'),(12175,329,'Xã Văn Nhuệ'),(12178,329,'Xã Đặng Lễ'),(12181,329,'Xã Cẩm Ninh'),(12184,329,'Xã Nguyễn Trãi'),(12187,329,'Xã Đa Lộc'),(12190,329,'Xã Hồ Tùng Mậu'),(12193,329,'Xã Tiền Phong'),(12196,329,'Xã Hồng Vân'),(12199,329,'Xã Hồng Quang'),(12202,329,'Xã Hạ Lễ'),(12205,330,'Thị Trấn Khoái Châu'),(12208,330,'Xã Đông Tảo'),(12211,330,'Xã Bình Minh'),(12214,330,'Xã Dạ Trạch'),(12217,330,'Xã Hàm Tử'),(12220,330,'Xã Ông Đình'),(12223,330,'Xã Tân Dân'),(12226,330,'Xã Tứ Dân'),(12229,330,'Xã An Vĩ'),(12232,330,'Xã Đông Kết'),(12235,330,'Xã Bình Kiều'),(12238,330,'Xã Dân Tiến'),(12241,330,'Xã Đồng Tiến'),(12244,330,'Xã Hồng Tiến'),(12247,330,'Xã Tân Châu'),(12250,330,'Xã Liên Khê'),(12253,330,'Xã Phùng Hưng'),(12256,330,'Xã Việt Hòa'),(12259,330,'Xã Đông Ninh'),(12262,330,'Xã Đại Tập'),(12265,330,'Xã Chí Tân'),(12268,330,'Xã Đại Hưng'),(12271,330,'Xã Thuần Hưng'),(12274,330,'Xã Thành Công'),(12277,330,'Xã Nhuế Dương'),(12280,331,'Thị Trấn Lương Bằng'),(12283,331,'Xã Nghĩa Dân'),(12286,331,'Xã Toàn Thắng'),(12289,331,'Xã Vĩnh Xá'),(12292,331,'Xã Phạm Ngũ Lão'),(12295,331,'Xã Thọ Vinh'),(12298,331,'Xã Đồng Thanh'),(12301,331,'Xã Song Mai'),(12304,331,'Xã Chính Nghĩa'),(12307,331,'Xã Nhân La'),(12310,331,'Xã Phú Thịnh'),(12313,331,'Xã Mai Động'),(12316,331,'Xã Đức Hợp'),(12319,331,'Xã Hùng An'),(12322,331,'Xã Ngọc Thanh'),(12325,331,'Xã Vũ Xá'),(12328,331,'Xã Hiệp Cường'),(12331,331,'Xã Phú Cường'),(12334,331,'Xã Hùng Cường'),(12337,332,'Thị Trấn Vương'),(12340,332,'Xã Hưng Đạo'),(12343,332,'Xã Ngô Quyền'),(12346,332,'Xã Nhật Tân'),(12349,332,'Xã Dị Chế'),(12352,332,'Xã Lệ Xá'),(12355,332,'Xã An Viên'),(12358,332,'Xã Đức Thắng'),(12361,332,'Xã Trung Dũng'),(12364,332,'Xã Hải Triều'),(12367,332,'Xã Thủ Sỹ'),(12370,332,'Xã Thiện Phiến'),(12373,332,'Xã Thụy Lôi'),(12376,332,'Xã Cương Chính'),(12379,332,'Xã Minh Phương'),(12382,332,'Xã Phương Chiểu'),(12385,332,'Xã Tân Hưng'),(12388,332,'Xã Hoàng Hanh'),(12391,333,'Thị Trấn Trần Cao'),(12394,333,'Xã Minh Tân'),(12397,333,'Xã Phan Sào Nam'),(12400,333,'Xã Quang Hưng'),(12403,333,'Xã Minh Hoàng'),(12406,333,'Xã Đoàn Đào'),(12409,333,'Xã Tống Phan'),(12412,333,'Xã Đình Cao'),(12415,333,'Xã Nhật Quang'),(12418,333,'Xã Tiền Tiến'),(12421,333,'Xã Tam Đa'),(12424,333,'Xã Minh Tiến'),(12427,333,'Xã Nguyên Hòa'),(12430,333,'Xã Tống Trân'),(12433,336,'Phường Lê Hồng Phong'),(12436,336,'Phường Bồ Xuyên'),(12439,336,'Phường Đề Thám'),(12442,336,'Phường Kỳ Bá'),(12445,336,'Phường Quang Trung'),(12448,336,'Phường Phú Khánh'),(12451,336,'Phường Tiền Phong'),(12452,336,'Phường Trần Hưng Đạo'),(12454,336,'Phường Trần Lãm'),(12457,336,'Xã Đông Hòa'),(12460,336,'Phường Hoàng Diệu'),(12463,336,'Xã Phú Xuân'),(12466,336,'Xã Vũ Phúc'),(12469,336,'Xã Vũ Chính'),(12472,338,'Thị Trấn Quỳnh Côi'),(12475,338,'Xã An Khê'),(12478,338,'Xã An Đồng'),(12481,338,'Xã Quỳnh Hoa'),(12484,338,'Xã Quỳnh Lâm'),(12487,338,'Xã Quỳnh Thọ'),(12490,338,'Xã An Hiệp'),(12493,338,'Xã Quỳnh Hoàng'),(12496,338,'Xã Quỳnh Giao'),(12499,338,'Xã An Thái'),(12502,338,'Xã An Cầu'),(12505,338,'Xã Quỳnh Hồng'),(12508,338,'Xã Quỳnh Khê'),(12511,338,'Xã Quỳnh Minh'),(12514,338,'Xã An Ninh'),(12517,338,'Xã Quỳnh Ngọc'),(12520,338,'Xã Quỳnh Hải'),(12523,338,'Thị Trấn An Bài'),(12526,338,'Xã An Ấp'),(12529,338,'Xã Quỳnh Hội'),(12532,338,'Xã Quỳnh Sơn'),(12535,338,'Xã Quỳnh Mỹ'),(12538,338,'Xã An Quí'),(12541,338,'Xã An Thanh'),(12544,338,'Xã Quỳnh Châu'),(12547,338,'Xã An Vũ'),(12550,338,'Xã An Lễ'),(12553,338,'Xã Quỳnh Hưng'),(12556,338,'Xã Quỳnh Bảo'),(12559,338,'Xã An Mỹ'),(12562,338,'Xã Quỳnh Nguyên'),(12565,338,'Xã An Vinh'),(12568,338,'Xã Quỳnh Xá'),(12571,338,'Xã An Dục'),(12574,338,'Xã Đông Hải'),(12577,338,'Xã Quỳnh Trang'),(12580,338,'Xã An Tràng'),(12583,338,'Xã Đồng Tiến'),(12586,339,'Thị Trấn Hưng Hà'),(12589,339,'Xã Điệp Nông'),(12592,339,'Xã Tân Lễ'),(12595,339,'Xã Cộng Hòa'),(12598,339,'Xã Dân Chủ'),(12601,339,'Xã Canh Tân'),(12604,339,'Xã Hòa Tiến'),(12607,339,'Xã Hùng Dũng'),(12610,339,'Xã Tân Tiến'),(12613,339,'Thị Trấn Hưng Nhân'),(12616,339,'Xã Đoan Hùng'),(12619,339,'Xã Duyên Hải'),(12622,339,'Xã Tân Hòa'),(12625,339,'Xã Văn Cẩm'),(12628,339,'Xã Bắc Sơn'),(12631,339,'Xã Đông Đô'),(12634,339,'Xã Phúc Khánh'),(12637,339,'Xã Liên Hiệp'),(12640,339,'Xã Tây Đô'),(12643,339,'Xã Thống Nhất'),(12646,339,'Xã Tiến Đức'),(12649,339,'Xã Thái Hưng'),(12652,339,'Xã Thái Phương'),(12655,339,'Xã Hoà Bình'),(12656,339,'Xã Chi Lăng'),(12658,339,'Xã Minh Khai'),(12661,339,'Xã Hồng An'),(12664,339,'Xã Kim Chung'),(12667,339,'Xã Hồng Lĩnh'),(12670,339,'Xã Minh Tân'),(12673,339,'Xã Văn Lang'),(12676,339,'Xã Độc Lập'),(12679,339,'Xã Chí Hòa'),(12682,339,'Xã Minh Hòa'),(12685,339,'Xã Hồng Minh'),(12688,340,'Thị Trấn Đông Hưng'),(12691,340,'Xã Đô Lương'),(12694,340,'Xã Đông Phương'),(12697,340,'Xã Liên Giang'),(12700,340,'Xã An Châu'),(12703,340,'Xã Đông Sơn'),(12706,340,'Xã Đông Cường'),(12709,340,'Xã Phú Lương'),(12712,340,'Xã Mê Linh'),(12715,340,'Xã Lô Giang'),(12718,340,'Xã Đông La'),(12721,340,'Xã Minh Tân'),(12724,340,'Xã Đông Xá'),(12727,340,'Xã Chương Dương'),(12730,340,'Xã Nguyên Xá'),(12733,340,'Xã Phong Châu'),(12736,340,'Xã Hợp Tiến'),(12739,340,'Xã Hồng Việt'),(12742,340,'Xã Đông Hà'),(12745,340,'Xã Đông Giang'),(12748,340,'Xã Đông Kinh'),(12751,340,'Xã Đông Hợp'),(12754,340,'Xã Thăng Long'),(12757,340,'Xã Đông Các'),(12760,340,'Xã Phú Châu'),(12763,340,'Xã Hoa Lư'),(12766,340,'Xã Minh Châu'),(12769,340,'Xã Đông Tân'),(12772,340,'Xã Đông Vinh'),(12775,340,'Xã Đông Động'),(12778,340,'Xã Hồng Châu'),(12781,340,'Xã Bạch Đằng'),(12784,340,'Xã Trọng Quan'),(12787,340,'Xã Hoa Nam'),(12790,340,'Xã Hồng Giang'),(12793,340,'Xã Đông Phong'),(12796,340,'Xã Đông Quang'),(12799,340,'Xã Đông Xuân'),(12802,340,'Xã Đông Á'),(12805,340,'Xã Đông Lĩnh'),(12808,340,'Xã Đông Hoàng'),(12811,340,'Xã Đông Dương'),(12814,340,'Xã Đông Huy'),(12817,336,'Xã Đông Mỹ'),(12820,336,'Xã Đông Thọ'),(12823,340,'Xã Đồng Phú'),(12826,341,'Thị Trấn Diêm Điền'),(12829,341,'Xã Thụy Tân'),(12832,341,'Xã Thụy Trường'),(12835,341,'Xã Hồng Quỳnh'),(12838,341,'Xã Thụy Dũng'),(12841,341,'Xã Thụy Hồng'),(12844,341,'Xã Thụy Quỳnh'),(12847,341,'Xã Thụy An'),(12850,341,'Xã Thụy Ninh'),(12853,341,'Xã Thụy Hưng'),(12856,341,'Xã Thụy Việt'),(12859,341,'Xã Thụy Văn'),(12862,341,'Xã Thụy Xuân'),(12865,341,'Xã Thụy Dương'),(12868,341,'Xã Thụy Trình'),(12871,341,'Xã Thụy Bình'),(12874,341,'Xã Thụy Chính'),(12877,341,'Xã Thụy Dân'),(12880,341,'Xã Thụy Hải'),(12883,341,'Xã Thụy Phúc'),(12886,341,'Xã Thụy Lương'),(12889,341,'Xã Thụy Liên'),(12892,341,'Xã Thụy Duyên'),(12895,341,'Xã Thụy Hà'),(12898,341,'Xã Thụy Thanh'),(12901,341,'Xã Thụy Sơn'),(12904,341,'Xã Thụy Phong'),(12907,341,'Xã Thái Thượng'),(12910,341,'Xã Thái Nguyên'),(12913,341,'Xã Thái Thuỷ'),(12916,341,'Xã Thái Dương'),(12919,341,'Xã Thái Giang'),(12922,341,'Xã Thái Hoà'),(12925,341,'Xã Thái Sơn'),(12928,341,'Xã Thái Hồng'),(12931,341,'Xã Thái An'),(12934,341,'Xã Thái Phúc'),(12937,341,'Xã Thái Hưng'),(12940,341,'Xã Thái Đô'),(12943,341,'Xã Thái Xuyên'),(12946,341,'Xã Thái Hà'),(12949,341,'Xã Mỹ Lộc'),(12952,341,'Xã Thái Tân'),(12955,341,'Xã Thái Thuần'),(12958,341,'Xã Thái Học'),(12961,341,'Xã Thái Thịnh'),(12964,341,'Xã Thái Thành'),(12967,341,'Xã Thái Thọ'),(12970,342,'Thị Trấn Tiền Hải'),(12973,342,'Xã Đông Hải'),(12976,342,'Xã Đông Trà'),(12979,342,'Xã Đông Long'),(12982,342,'Xã Đông Quí'),(12985,342,'Xã Vũ Lăng'),(12988,342,'Xã Đông Xuyên'),(12991,342,'Xã Tây Lương'),(12994,342,'Xã Tây Ninh'),(12997,342,'Xã Đông Trung'),(13000,342,'Xã Đông Hoàng'),(13003,342,'Xã Đông Minh'),(13006,342,'Xã Tây An'),(13009,342,'Xã Đông Phong'),(13012,342,'Xã An Ninh'),(13015,342,'Xã Tây Sơn'),(13018,342,'Xã Đông Cơ'),(13021,342,'Xã Tây Giang'),(13024,342,'Xã Đông Lâm'),(13027,342,'Xã Phương Công'),(13030,342,'Xã Tây Phong'),(13033,342,'Xã Tây Tiến'),(13036,342,'Xã Nam Cường'),(13039,342,'Xã Vân Trường'),(13042,342,'Xã Nam Thắng'),(13045,342,'Xã Nam Chính'),(13048,342,'Xã Bắc Hải'),(13051,342,'Xã Nam Thịnh'),(13054,342,'Xã Nam Hà'),(13057,342,'Xã Nam Thanh'),(13060,342,'Xã Nam Trung'),(13063,342,'Xã Nam Hồng'),(13066,342,'Xã Nam Hưng'),(13069,342,'Xã Nam Hải'),(13072,342,'Xã Nam Phú'),(13075,343,'Thị Trấn Thanh Nê'),(13078,343,'Xã Trà Giang'),(13081,343,'Xã Quốc Tuấn'),(13084,336,'Xã Vũ Đông'),(13087,343,'Xã An Bình'),(13090,343,'Xã Vũ Tây'),(13093,343,'Xã Hồng Thái'),(13096,343,'Xã Bình Nguyên'),(13099,343,'Xã Vũ Sơn'),(13102,343,'Xã Lê Lợi'),(13105,343,'Xã Quyết Tiến'),(13108,336,'Xã Vũ Lạc'),(13111,343,'Xã Vũ Lễ'),(13114,343,'Xã Thanh Tân'),(13117,343,'Xã Thượng Hiền'),(13120,343,'Xã Nam Cao'),(13123,343,'Xã Đình Phùng'),(13126,343,'Xã Vũ Ninh'),(13129,343,'Xã Vũ An'),(13132,343,'Xã Quang Lịch'),(13135,343,'Xã Hòa Bình'),(13138,343,'Xã Bình Minh'),(13141,343,'Xã Vũ Quí'),(13144,343,'Xã Quang Bình'),(13147,343,'Xã An Bồi'),(13150,343,'Xã Vũ Trung'),(13153,343,'Xã Vũ Thắng'),(13156,343,'Xã Vũ Công'),(13159,343,'Xã Vũ Hòa'),(13162,343,'Xã Quang Minh'),(13165,343,'Xã Quang Trung'),(13168,343,'Xã Minh Hưng'),(13171,343,'Xã Quang Hưng'),(13174,343,'Xã Vũ Bình'),(13177,343,'Xã Minh Tân'),(13180,343,'Xã Nam Bình'),(13183,343,'Xã Bình Thanh'),(13186,343,'Xã Bình Định'),(13189,343,'Xã Hồng Tiến'),(13192,344,'Thị Trấn Vũ Thư'),(13195,344,'Xã Hồng Lý'),(13198,344,'Xã Đồng Thanh'),(13201,344,'Xã Xuân Hòa'),(13204,344,'Xã Hiệp Hòa'),(13207,344,'Xã Phúc Thành'),(13210,344,'Xã Tân Phong'),(13213,344,'Xã Song Lãng'),(13216,344,'Xã Tân Hòa'),(13219,344,'Xã Việt Hùng'),(13222,344,'Xã Minh Lãng'),(13225,336,'Xã Tân Bình'),(13228,344,'Xã Minh Khai'),(13231,344,'Xã Dũng Nghĩa'),(13234,344,'Xã Minh Quang'),(13237,344,'Xã Tam Quang'),(13240,344,'Xã Tân Lập'),(13243,344,'Xã Bách Thuận'),(13246,344,'Xã Tự Tân'),(13249,344,'Xã Song An'),(13252,344,'Xã Trung An'),(13255,344,'Xã Vũ Hội'),(13258,344,'Xã Hòa Bình'),(13261,344,'Xã Nguyên Xá'),(13264,344,'Xã Việt Thuận'),(13267,344,'Xã Vũ Vinh'),(13270,344,'Xã Vũ Đoài'),(13273,344,'Xã Vũ Tiến'),(13276,344,'Xã Vũ Vân'),(13279,344,'Xã Duy Nhất'),(13282,344,'Xã Hồng Phong'),(13285,347,'Phường Quang Trung'),(13288,347,'Phường Lương Khánh Thiện'),(13291,347,'Phường Lê Hồng Phong'),(13294,347,'Phường Minh Khai'),(13297,347,'Phường Hai Bà Trưng'),(13300,347,'Phường Trần Hưng Đạo'),(13303,347,'Xã Lam Hạ'),(13306,347,'Xã Phù Vân'),(13309,347,'Xã Liêm Chính'),(13312,347,'Xã Liêm Chung'),(13315,347,'Xã Thanh Châu'),(13318,347,'Xã Châu Sơn'),(13321,349,'Thị Trấn Đồng Văn'),(13324,349,'Thị Trấn Hòa Mạc'),(13327,349,'Xã Mộc Bắc'),(13330,349,'Xã Châu Giang'),(13333,349,'Xã Bạch Thượng'),(13336,349,'Xã Duy Minh'),(13339,349,'Xã Mộc Nam'),(13342,349,'Xã Duy Hải'),(13345,349,'Xã Chuyên Ngoại'),(13348,349,'Xã Yên Bắc'),(13351,349,'Xã Trác Văn'),(13354,349,'Xã Tiên Nội'),(13357,349,'Xã Hoàng Đông'),(13360,349,'Xã Yên Nam'),(13363,349,'Xã Tiên Ngoại'),(13366,349,'Xã Tiên Tân'),(13369,349,'Xã Đọi Sơn'),(13372,349,'Xã Tiên Hiệp'),(13375,349,'Xã Châu Sơn'),(13378,349,'Xã Tiền Phong'),(13381,349,'Xã Tiên Hải'),(13384,350,'Thị Trấn Quế'),(13387,350,'Xã Nguyễn Úy'),(13390,350,'Xã Đại Cương'),(13393,350,'Xã Lê Hồ'),(13396,350,'Xã Tượng Lĩnh'),(13399,350,'Xã Nhật Tựu'),(13402,350,'Xã Nhật Tân'),(13405,350,'Xã Đồng Hóa'),(13408,350,'Xã Hoàng Tây'),(13411,350,'Xã Tân Sơn'),(13414,350,'Xã Thụy Lôi'),(13417,350,'Xã Văn Xá'),(13420,350,'Xã Khả Phong'),(13423,350,'Xã Ngọc Sơn'),(13426,350,'Xã Kim Bình'),(13429,350,'Thị Trấn Ba Sao'),(13432,350,'Xã Liên Sơn'),(13435,350,'Xã Thi Sơn'),(13438,350,'Xã Thanh Sơn'),(13441,351,'Thị Trấn Kiện Khê'),(13444,351,'Xã Liêm Tuyền'),(13447,351,'Xã Liêm Tiết'),(13450,351,'Xã Liêm Phong'),(13453,351,'Xã Thanh Hà'),(13456,351,'Xã Liêm Cần'),(13459,351,'Xã Thanh Tuyền'),(13462,351,'Xã Thanh Bình'),(13465,351,'Xã Liêm Thuận'),(13468,351,'Xã Thanh Thủy'),(13471,351,'Xã Thanh Phong'),(13474,351,'Xã Thanh Lưu'),(13477,351,'Xã Thanh Tân'),(13480,351,'Xã Liêm Túc'),(13483,351,'Xã Liêm Sơn'),(13486,351,'Xã Thanh Hương'),(13489,351,'Xã Thanh Nghị'),(13492,351,'Xã Thanh Tâm'),(13495,351,'Xã Thanh Nguyên'),(13498,351,'Xã Thanh Hải'),(13501,352,'Thị Trấn Bình Mỹ'),(13504,352,'Xã Bình Nghĩa'),(13507,352,'Xã Đinh Xá'),(13510,352,'Xã Tràng An'),(13513,352,'Xã Trịnh Xá'),(13516,352,'Xã Đồng Du'),(13519,352,'Xã Ngọc Lũ'),(13522,352,'Xã Hưng Công'),(13525,352,'Xã Đồn Xá'),(13528,352,'Xã An Ninh'),(13531,352,'Xã Bồ Đề'),(13534,352,'Xã Bối Cầu'),(13537,352,'Xã An Mỹ'),(13540,352,'Xã An Nội'),(13543,352,'Xã Vũ Bản'),(13546,352,'Xã Trung Lương'),(13549,352,'Xã Mỹ Thọ'),(13552,352,'Xã An Đổ'),(13555,352,'Xã La Sơn'),(13558,352,'Xã Tiêu Động'),(13561,352,'Xã An Lão'),(13564,353,'Thị Trấn Vĩnh Trụ'),(13567,353,'Xã Hợp Lý'),(13570,353,'Xã Nguyên Lý'),(13573,353,'Xã Chính Lý'),(13576,353,'Xã Chân Lý'),(13579,353,'Xã Đạo Lý'),(13582,353,'Xã Công Lý'),(13585,353,'Xã Văn Lý'),(13588,353,'Xã Bắc Lý'),(13591,353,'Xã Đức Lý'),(13594,353,'Xã Nhân Đạo'),(13597,353,'Xã Đồng Lý'),(13600,353,'Xã Nhân Thịnh'),(13603,353,'Xã Nhân Hưng'),(13606,353,'Xã Nhân Khang'),(13609,353,'Xã Nhân Mỹ'),(13612,353,'Xã Nhân Nghĩa'),(13615,353,'Xã Nhân Chính'),(13618,353,'Xã Nhân Bình'),(13621,353,'Xã Phú Phúc'),(13624,353,'Xã Xuân Khê'),(13627,353,'Xã Tiến Thắng'),(13630,353,'Xã Hòa Hậu'),(13633,356,'Phường Hạ Long'),(13636,356,'Phường Trần Tế Xương'),(13639,356,'Phường Vị Hoàng'),(13642,356,'Phường Vị Xuyên'),(13645,356,'Phường Quang Trung'),(13648,356,'Phường Cửa Bắc'),(13651,356,'Phường Nguyễn Du'),(13654,356,'Phường Bà Triệu'),(13657,356,'Phường Trường Thi'),(13660,356,'Phường Phan Đình Phùng'),(13663,356,'Phường Ngô Quyền'),(13666,356,'Phường Trần Hưng Đạo'),(13669,356,'Phường Trần Đăng Ninh'),(13672,356,'Phường Năng Tĩnh'),(13675,356,'Phường Văn Miếu'),(13678,356,'Phường Trần Quang Khải'),(13681,356,'Phường Thống Nhất'),(13684,356,'Phường Lộc Hạ'),(13687,356,'Phường Lộc Vượng'),(13690,356,'Phường Cửa Nam'),(13693,356,'Xã Lộc Hoà'),(13696,356,'Xã Nam Phong'),(13699,356,'Xã Mỹ Xá'),(13702,356,'Xã Lộc An'),(13705,356,'Xã Nam Vân'),(13708,358,'Thị Trấn Mỹ Lộc'),(13711,358,'Xã Mỹ Hà'),(13714,358,'Xã Mỹ Tiến'),(13717,358,'Xã Mỹ Thắng'),(13720,358,'Xã Mỹ Trung'),(13723,358,'Xã Mỹ Tân'),(13726,358,'Xã Mỹ Phúc'),(13729,358,'Xã Mỹ Hưng'),(13732,358,'Xã Mỹ Thuận'),(13735,358,'Xã Mỹ Thịnh'),(13738,358,'Xã Mỹ Thành'),(13741,359,'Thị Trấn Gôi'),(13744,359,'Xã Minh Thuận'),(13747,359,'Xã Hiển Khánh'),(13750,359,'Xã Tân Khánh'),(13753,359,'Xã Hợp Hưng'),(13756,359,'Xã Đại An'),(13759,359,'Xã Tân Thành'),(13762,359,'Xã Cộng Hòa'),(13765,359,'Xã Trung Thành'),(13768,359,'Xã Quang Trung'),(13771,359,'Xã Minh Tân'),(13774,359,'Xã Liên Bảo'),(13777,359,'Xã Thành Lợi'),(13780,359,'Xã Kim Thái'),(13783,359,'Xã Liên Minh'),(13786,359,'Xã Đại Thắng'),(13789,359,'Xã Tam Thanh'),(13792,359,'Xã Vĩnh Hào'),(13795,360,'Thị Trấn Lâm'),(13798,360,'Xã Yên Trung'),(13801,360,'Xã Yên Thành'),(13804,360,'Xã Yên Tân'),(13807,360,'Xã Yên Lợi'),(13810,360,'Xã Yên Thọ'),(13813,360,'Xã Yên Nghĩa'),(13816,360,'Xã Yên Minh'),(13819,360,'Xã Yên Phương'),(13822,360,'Xã Yên Chính'),(13825,360,'Xã Yên Bình'),(13828,360,'Xã Yên Phú'),(13831,360,'Xã Yên Mỹ'),(13834,360,'Xã Yên Dương'),(13837,360,'Xã Yên Xá'),(13840,360,'Xã Yên Hưng'),(13843,360,'Xã Yên Khánh'),(13846,360,'Xã Yên Phong'),(13849,360,'Xã Yên Ninh'),(13852,360,'Xã Yên Lương'),(13855,360,'Xã Yên Hồng'),(13858,360,'Xã Yên Quang'),(13861,360,'Xã Yên Tiến'),(13864,360,'Xã Yên Thắng'),(13867,360,'Xã Yên Phúc'),(13870,360,'Xã Yên Cường'),(13873,360,'Xã Yên Lộc'),(13876,360,'Xã Yên Bằng'),(13879,360,'Xã Yên Đồng'),(13882,360,'Xã Yên Khang'),(13885,360,'Xã Yên Nhân'),(13888,360,'Xã Yên Trị'),(13891,361,'Thị Trấn Liễu Đề'),(13894,361,'Thị Trấn Rạng Đông'),(13897,361,'Xã Nghĩa Đồng'),(13900,361,'Xã Nghĩa Thịnh'),(13903,361,'Xã Nghĩa Minh'),(13906,361,'Xã Nghĩa Thái'),(13909,361,'Xã Hoàng Nam'),(13912,361,'Xã Nghĩa Châu'),(13915,361,'Xã Nghĩa Trung'),(13918,361,'Xã Nghĩa Sơn'),(13921,361,'Xã Nghĩa Lạc'),(13924,361,'Xã Nghĩa Hồng'),(13927,361,'Xã Nghĩa Phong'),(13930,361,'Xã Nghĩa Phú'),(13933,361,'Xã Nghĩa Bình'),(13936,361,'Thị Trấn Quỹ Nhất'),(13939,361,'Xã Nghĩa Tân'),(13942,361,'Xã Nghĩa Hùng'),(13945,361,'Xã Nghĩa Lâm'),(13948,361,'Xã Nghĩa Thành'),(13951,361,'Xã Nghĩa Thắng'),(13954,361,'Xã Nghĩa Lợi'),(13957,361,'Xã Nghĩa Hải'),(13960,361,'Xã Nghĩa Phúc'),(13963,361,'Xã Nam Điền'),(13966,362,'Thị Trấn Nam Giang'),(13969,362,'Xã Nam Mỹ'),(13972,362,'Xã Điền Xá'),(13975,362,'Xã Nghĩa An'),(13978,362,'Xã Nam Thắng'),(13981,362,'Xã Nam Toàn'),(13984,362,'Xã Hồng Quang'),(13987,362,'Xã Tân Thịnh'),(13990,362,'Xã Nam Cường'),(13993,362,'Xã Nam Hồng'),(13996,362,'Xã Nam Hùng'),(13999,362,'Xã Nam Hoa'),(14002,362,'Xã Nam Dương'),(14005,362,'Xã Nam Thanh'),(14008,362,'Xã Nam Lợi'),(14011,362,'Xã Bình Minh'),(14014,362,'Xã Đồng Sơn'),(14017,362,'Xã Nam Tiến'),(14020,362,'Xã Nam Hải'),(14023,362,'Xã Nam Thái'),(14026,363,'Thị Trấn Cổ Lễ'),(14029,363,'Xã Phương Định'),(14032,363,'Xã Trực Chính'),(14035,363,'Xã Trung Đông'),(14038,363,'Xã Liêm Hải'),(14041,363,'Xã Trực Tuấn'),(14044,363,'Xã Việt Hùng'),(14047,363,'Xã Trực Đạo'),(14050,363,'Xã Trực Hưng'),(14053,363,'Xã Trực Nội'),(14056,363,'Thị Trấn Cát Thành'),(14059,363,'Xã Trực Thanh'),(14062,363,'Xã Trực Khang'),(14065,363,'Xã Trực Thuận'),(14068,363,'Xã Trực Mỹ'),(14071,363,'Xã Trực Đại'),(14074,363,'Xã Trực Cường'),(14077,363,'Xã Trực Phú'),(14080,363,'Xã Trực Thái'),(14083,363,'Xã Trực Hùng'),(14086,363,'Xã Trực Thắng'),(14089,364,'Thị Trấn Xuân Trường'),(14092,364,'Xã Xuân Châu'),(14095,364,'Xã Xuân Hồng'),(14098,364,'Xã Xuân Thành'),(14101,364,'Xã Xuân Thượng'),(14104,364,'Xã Xuân Phong'),(14107,364,'Xã Xuân Đài'),(14110,364,'Xã Xuân Tân'),(14113,364,'Xã Xuân Thủy'),(14116,364,'Xã Xuân Ngọc'),(14119,364,'Xã Xuân Bắc'),(14122,364,'Xã Xuân Phương'),(14125,364,'Xã Thọ Nghiệp'),(14128,364,'Xã Xuân Phú'),(14131,364,'Xã Xuân Trung'),(14134,364,'Xã Xuân Vinh'),(14137,364,'Xã Xuân Kiên'),(14140,364,'Xã Xuân Tiến'),(14143,364,'Xã Xuân Ninh'),(14146,364,'Xã Xuân Hòa'),(14149,365,'Thị Trấn Ngô Đồng'),(14152,365,'Thị Trấn Quất Lâm'),(14155,365,'Xã Giao Hương'),(14158,365,'Xã Hồng Thuận'),(14161,365,'Xã Giao Thiện'),(14164,365,'Xã Giao Thanh'),(14167,365,'Xã Hoành Sơn'),(14170,365,'Xã Bình Hòa'),(14173,365,'Xã Giao Tiến'),(14176,365,'Xã Giao Hà'),(14179,365,'Xã Giao Nhân'),(14182,365,'Xã Giao An'),(14185,365,'Xã Giao Lạc'),(14188,365,'Xã Giao Châu'),(14191,365,'Xã Giao Tân'),(14194,365,'Xã Giao Yến'),(14197,365,'Xã Giao Xuân'),(14200,365,'Xã Giao Thịnh'),(14203,365,'Xã Giao Hải'),(14206,365,'Xã Bạch Long'),(14209,365,'Xã Giao Long'),(14212,365,'Xã Giao Phong'),(14215,366,'Thị Trấn Yên Định'),(14218,366,'Thị Trấn Cồn'),(14221,366,'Thị Trấn Thịnh Long'),(14224,366,'Xã Hải Nam'),(14227,366,'Xã Hải Trung'),(14230,366,'Xã Hải Vân'),(14233,366,'Xã Hải Minh'),(14236,366,'Xã Hải Anh'),(14239,366,'Xã Hải Hưng'),(14242,366,'Xã Hải Bắc'),(14245,366,'Xã Hải Phúc'),(14248,366,'Xã Hải Thanh'),(14251,366,'Xã Hải Hà'),(14254,366,'Xã Hải Long'),(14257,366,'Xã Hải Phương'),(14260,366,'Xã Hải Đường'),(14263,366,'Xã Hải Lộc'),(14266,366,'Xã Hải Quang'),(14269,366,'Xã Hải Đông'),(14272,366,'Xã Hải Sơn'),(14275,366,'Xã Hải Tân'),(14278,366,'Xã Hải Toàn'),(14281,366,'Xã Hải Phong'),(14284,366,'Xã Hải An'),(14287,366,'Xã Hải Tây'),(14290,366,'Xã Hải Lý'),(14293,366,'Xã Hải Phú'),(14296,366,'Xã Hải Giang'),(14299,366,'Xã Hải Cường'),(14302,366,'Xã Hải Ninh'),(14305,366,'Xã Hải Chính'),(14308,366,'Xã Hải Xuân'),(14311,366,'Xã Hải Châu'),(14314,366,'Xã Hải Triều'),(14317,366,'Xã Hải Hòa'),(14320,369,'Phường Đông Thành'),(14323,369,'Phường Tân Thành'),(14326,369,'Phường Thanh Bình'),(14329,369,'Phường Vân Giang'),(14332,369,'Phường Bích Đào'),(14335,369,'Phường Phúc Thành'),(14338,369,'Phường Nam Bình'),(14341,369,'Phường Nam Thành'),(14344,369,'Phường Ninh Khánh'),(14347,369,'Xã Ninh Nhất'),(14350,369,'Xã Ninh Tiến'),(14353,369,'Xã Ninh Phúc'),(14356,369,'Phường Ninh Sơn'),(14359,369,'Phường Ninh Phong'),(14362,370,'Phường Bắc Sơn'),(14365,370,'Phường Trung Sơn'),(14368,370,'Phường Nam Sơn'),(14369,370,'Phường Tây Sơn'),(14371,370,'Xã Yên Sơn'),(14374,370,'Xã Yên Bình'),(14375,370,'Phường Tân Bình'),(14377,370,'Xã Quang Sơn'),(14380,370,'Xã Đông Sơn'),(14383,372,'Thị Trấn Nho Quan'),(14386,372,'Xã Xích Thổ'),(14389,372,'Xã Gia Lâm'),(14392,372,'Xã Gia Sơn'),(14395,372,'Xã Thạch Bình'),(14398,372,'Xã Gia Thủy'),(14401,372,'Xã Gia Tường'),(14404,372,'Xã Cúc Phương'),(14407,372,'Xã Phú Sơn'),(14410,372,'Xã Đức Long'),(14413,372,'Xã Lạc Vân'),(14416,372,'Xã Đồng Phong'),(14419,372,'Xã Yên Quang'),(14422,372,'Xã Lạng Phong'),(14425,372,'Xã Thượng Hòa'),(14428,372,'Xã Văn Phong'),(14431,372,'Xã Văn Phương'),(14434,372,'Xã Thanh Lạc'),(14437,372,'Xã Sơn Lai'),(14440,372,'Xã Sơn Thành'),(14443,372,'Xã Văn Phú'),(14446,372,'Xã Phú Lộc'),(14449,372,'Xã Kỳ Phú'),(14452,372,'Xã Quỳnh Lưu'),(14455,372,'Xã Sơn Hà'),(14458,372,'Xã Phú Long'),(14461,372,'Xã Quảng Lạc'),(14464,373,'Thị Trấn Me'),(14467,373,'Xã Gia Hòa'),(14470,373,'Xã Gia Hưng'),(14473,373,'Xã Liên Sơn'),(14476,373,'Xã Gia Thanh'),(14479,373,'Xã Gia Vân'),(14482,373,'Xã Gia Phú'),(14485,373,'Xã Gia Xuân'),(14488,373,'Xã Gia Lập'),(14491,373,'Xã Gia Vượng'),(14494,373,'Xã Gia Trấn'),(14497,373,'Xã Gia Thịnh'),(14500,373,'Xã Gia Phương'),(14503,373,'Xã Gia Tân'),(14506,373,'Xã Gia Thắng'),(14509,373,'Xã Gia Trung'),(14512,373,'Xã Gia Minh'),(14515,373,'Xã Gia Lạc'),(14518,373,'Xã Gia Tiến'),(14521,373,'Xã Gia Sinh'),(14524,373,'Xã Gia Phong'),(14527,374,'Thị Trấn Thiên Tôn'),(14530,374,'Xã Ninh Giang'),(14533,374,'Xã Trường Yên'),(14536,374,'Xã Ninh Khang'),(14539,374,'Xã Ninh Mỹ'),(14542,374,'Xã Ninh Hòa'),(14545,374,'Xã Ninh Xuân'),(14548,374,'Xã Ninh Hải'),(14551,374,'Xã Ninh Thắng'),(14554,374,'Xã Ninh Vân'),(14557,374,'Xã Ninh An'),(14560,375,'Thị Trấn Yên Ninh'),(14563,375,'Xã Khánh Tiên'),(14566,375,'Xã Khánh Phú'),(14569,375,'Xã Khánh Hòa'),(14572,375,'Xã Khánh Lợi'),(14575,375,'Xã Khánh An'),(14578,375,'Xã Khánh Cường'),(14581,375,'Xã Khánh Cư'),(14584,375,'Xã Khánh Thiện'),(14587,375,'Xã Khánh Hải'),(14590,375,'Xã Khánh Trung'),(14593,375,'Xã Khánh Mậu'),(14596,375,'Xã Khánh Vân'),(14599,375,'Xã Khánh Hội'),(14602,375,'Xã Khánh Công'),(14608,375,'Xã Khánh Thành'),(14611,375,'Xã Khánh Nhạc'),(14614,375,'Xã Khánh Thủy'),(14617,375,'Xã Khánh Hồng'),(14620,376,'Thị Trấn Phát Diệm'),(14623,376,'Thị Trấn Bình Minh'),(14626,376,'Xã Xuân Thiện'),(14629,376,'Xã Hồi Ninh'),(14632,376,'Xã Chính Tâm'),(14635,376,'Xã Kim Định'),(14638,376,'Xã Ân Hòa'),(14641,376,'Xã Hùng Tiến'),(14644,376,'Xã Yên Mật'),(14647,376,'Xã Quang Thiện'),(14650,376,'Xã Như Hòa'),(14653,376,'Xã Chất Bình'),(14656,376,'Xã Đồng Hướng'),(14659,376,'Xã Kim Chính'),(14662,376,'Xã Thượng Kiệm'),(14665,376,'Xã Lưu Phương'),(14668,376,'Xã Tân Thành'),(14671,376,'Xã Yên Lộc'),(14674,376,'Xã Lai Thành'),(14677,376,'Xã Định Hóa'),(14680,376,'Xã Văn Hải'),(14683,376,'Xã Kim Tân'),(14686,376,'Xã Kim Mỹ'),(14689,376,'Xã Cồn Thoi'),(14692,376,'Xã Kim Hải'),(14695,376,'Xã Kim Trung'),(14698,376,'Xã Kim Đông'),(14701,377,'Thị Trấn Yên Thịnh'),(14704,377,'Xã Khánh Thượng'),(14707,377,'Xã Khánh Dương'),(14710,377,'Xã Mai Sơn'),(14713,377,'Xã Khánh Thịnh'),(14716,377,'Xã Yên Phú'),(14719,377,'Xã Yên Phong'),(14722,377,'Xã Yên Hòa'),(14725,377,'Xã Yên Thắng'),(14728,377,'Xã Yên Từ'),(14731,377,'Xã Yên Hưng'),(14734,377,'Xã Yên Thành'),(14737,377,'Xã Yên Nhân'),(14740,377,'Xã Yên Mỹ'),(14743,377,'Xã Yên Mạc'),(14746,377,'Xã Yên Đồng'),(14749,377,'Xã Yên Thái'),(14752,377,'Xã Yên Lâm'),(14755,380,'Phường Hàm Rồng'),(14758,380,'Phường Đông Thọ'),(14761,380,'Phường Nam Ngạn'),(14764,380,'Phường Trường Thi'),(14767,380,'Phường Điện Biên'),(14770,380,'Phường Phú Sơn'),(14773,380,'Phường Lam Sơn'),(14776,380,'Phường Ba Đình'),(14779,380,'Phường Ngọc Trạo'),(14782,380,'Phường Đông Vệ'),(14785,380,'Phường Đông Sơn'),(14788,380,'Phường Tân Sơn'),(14791,380,'Xã Đông Cương'),(14794,380,'Xã Đông Hương'),(14797,380,'Xã Đông Hải'),(14800,380,'Xã Quảng Hưng'),(14803,380,'Xã Quảng Thắng'),(14806,380,'Xã Quảng Thành'),(14809,381,'Phường Bắc Sơn'),(14812,381,'Phường Ba Đình'),(14815,381,'Phường Lam Sơn'),(14818,381,'Phường Ngọc Trạo'),(14821,381,'Phường Đông Sơn'),(14823,381,'Phường Phú Sơn'),(14824,381,'Xã Quang Trung'),(14827,381,'Xã Hà Lan'),(14830,382,'Phường Trung Sơn'),(14833,382,'Phường Bắc Sơn'),(14836,382,'Phường Trường Sơn'),(14839,382,'Xã Quảng Cư'),(14842,382,'Phường Quảng Tiến'),(14845,384,'Thị Trấn Mường Lát'),(14848,384,'Xã Tam Chung'),(14851,384,'Xã Tén Tằn'),(14854,384,'Xã Mường Lý'),(14857,384,'Xã Trung Lý'),(14860,384,'Xã Quang Chiểu'),(14863,384,'Xã Pù Nhi'),(14864,384,'Xã Nhi Sơn'),(14866,384,'Xã Mường Chanh'),(14869,385,'Thị Trấn Quan Hóa'),(14872,385,'Xã Thành Sơn'),(14875,385,'Xã Trung Sơn'),(14878,385,'Xã Phú Thanh'),(14881,385,'Xã Trung Thành'),(14884,385,'Xã Phú Lệ'),(14887,385,'Xã Phú Sơn'),(14890,385,'Xã Phú Xuân'),(14893,385,'Xã Thanh Xuân'),(14896,385,'Xã Hiền Chung'),(14899,385,'Xã Hiền Kiệt'),(14902,385,'Xã Nam Tiến'),(14905,385,'Xã Hồi Xuân'),(14908,385,'Xã Thiên Phủ'),(14911,385,'Xã Phú Nghiêm'),(14914,385,'Xã Nam Xuân'),(14917,385,'Xã Nam Động'),(14920,385,'Xã Xuân Phú'),(14923,386,'Thị Trấn Cành Nàng'),(14926,386,'Xã Điền Thượng'),(14929,386,'Xã Điền Hạ'),(14932,386,'Xã Điền Quang'),(14935,386,'Xã Điền Trung'),(14938,386,'Xã Thành Sơn'),(14941,386,'Xã Lương Ngoại'),(14944,386,'Xã Ái Thượng'),(14947,386,'Xã Lương Nội'),(14950,386,'Xã Điền Lư'),(14953,386,'Xã Lương Trung'),(14956,386,'Xã Lũng Niêm'),(14959,386,'Xã Lũng Cao'),(14962,386,'Xã Hạ Trung'),(14965,386,'Xã Cổ Lũng'),(14968,386,'Xã Thành Lâm'),(14971,386,'Xã Ban Công'),(14974,386,'Xã Kỳ Tân'),(14977,386,'Xã Văn Nho'),(14980,386,'Xã Thiết Ống'),(14983,386,'Xã Lâm Sa'),(14986,386,'Xã Thiết Kế'),(14989,386,'Xã Tân Lập'),(14992,387,'Thị Trấn Quan Sơn'),(14995,387,'Xã Trung Xuân'),(14998,387,'Xã Trung Thượng'),(14999,387,'Xã Trung Tiến'),(15001,387,'Xã Trung Hạ'),(15004,387,'Xã Sơn Hà'),(15007,387,'Xã Tam Thanh'),(15010,387,'Xã Sơn Thủy'),(15013,387,'Xã Na Mèo'),(15016,387,'Xã Sơn Lư'),(15019,387,'Xã Tam Lư'),(15022,387,'Xã Sơn Điện'),(15025,387,'Xã Mường Mìn'),(15028,388,'Thị Trấn Lang Chánh'),(15031,388,'Xã Yên Khương'),(15034,388,'Xã Yên Thắng'),(15037,388,'Xã Trí Nang'),(15040,388,'Xã Giao An'),(15043,388,'Xã Giao Thiện'),(15046,388,'Xã Tân Phúc'),(15049,388,'Xã Tam Văn'),(15052,388,'Xã Lâm Phú'),(15055,388,'Xã Quang Hiến'),(15058,388,'Xã Đồng Lương'),(15061,389,'Thị Trấn Ngọc Lặc'),(15064,389,'Xã Lam Sơn'),(15067,389,'Xã Mỹ Tân'),(15070,389,'Xã Thúy Sơn'),(15073,389,'Xã Thạch Lập'),(15076,389,'Xã Vân Âm'),(15079,389,'Xã Cao Ngọc'),(15082,389,'Xã Ngọc Khê'),(15085,389,'Xã Quang Trung'),(15088,389,'Xã Đồng Thịnh'),(15091,389,'Xã Ngọc Liên'),(15094,389,'Xã Ngọc Sơn'),(15097,389,'Xã Lộc Thịnh'),(15100,389,'Xã Cao Thịnh'),(15103,389,'Xã Ngọc Trung'),(15106,389,'Xã Phùng Giáo'),(15109,389,'Xã Phùng Minh'),(15112,389,'Xã Phúc Thịnh'),(15115,389,'Xã Nguyệt Ấn'),(15118,389,'Xã Kiên Thọ'),(15121,389,'Xã Minh Tiến'),(15124,389,'Xã Minh Sơn'),(15127,390,'Thị Trấn Cẩm Thủy'),(15130,390,'Xã Phúc Do'),(15133,390,'Xã Cẩm Thành'),(15136,390,'Xã Cẩm Quý'),(15139,390,'Xã Cẩm Lương'),(15142,390,'Xã Cẩm Thạch'),(15145,390,'Xã Cẩm Liên'),(15148,390,'Xã Cẩm Giang'),(15151,390,'Xã Cẩm Bình'),(15154,390,'Xã Cẩm Tú'),(15157,390,'Xã Cẩm Sơn'),(15160,390,'Xã Cẩm Châu'),(15163,390,'Xã Cẩm Tâm'),(15166,390,'Xã Cẩm Phong'),(15169,390,'Xã Cẩm Ngọc'),(15172,390,'Xã Cẩm Long'),(15175,390,'Xã Cẩm Yên'),(15178,390,'Xã Cẩm Tân'),(15181,390,'Xã Cẩm Phú'),(15184,390,'Xã Cẩm Vân'),(15187,391,'Thị Trấn Kim Tân'),(15190,391,'Thị Trấn Vân Du'),(15193,391,'Xã Thạch Tân'),(15196,391,'Xã Thạch Lâm'),(15199,391,'Xã Thạch Quảng'),(15202,391,'Xã Thạch Tượng'),(15205,391,'Xã Thạch Cẩm'),(15208,391,'Xã Thạch Sơn'),(15211,391,'Xã Thạch Bình'),(15214,391,'Xã Thạch Định'),(15217,391,'Xã Thạch Đồng'),(15220,391,'Xã Thạch Long'),(15223,391,'Xã Thành Mỹ'),(15226,391,'Xã Thành Yên'),(15229,391,'Xã Thành Vinh'),(15232,391,'Xã Thành Minh'),(15235,391,'Xã Thành Công'),(15238,391,'Xã Thành Tân'),(15241,391,'Xã Thành Trực'),(15244,391,'Xã Thành Vân'),(15247,391,'Xã Thành Tâm'),(15250,391,'Xã Thành An'),(15253,391,'Xã Thành Thọ'),(15256,391,'Xã Thành Tiến'),(15259,391,'Xã Thành Long'),(15262,391,'Xã Thành Kim'),(15265,391,'Xã Thành Hưng'),(15268,391,'Xã Ngọc Trạo'),(15271,392,'Thị Trấn Hà Trung'),(15274,392,'Xã Hà Long'),(15277,392,'Xã Hà Vinh'),(15280,392,'Xã Hà Bắc'),(15283,392,'Xã Hà Vân'),(15286,392,'Xã Hà Yên'),(15289,392,'Xã Hà Thanh'),(15292,392,'Xã Hà Giang'),(15295,392,'Xã Hà Dương'),(15298,392,'Xã Hà Phú'),(15301,392,'Xã Hà Phong'),(15304,392,'Xã Hà Ngọc'),(15307,392,'Xã Hà Ninh'),(15310,392,'Xã Hà Lâm'),(15313,392,'Xã Hà Sơn'),(15316,392,'Xã Hà Lĩnh'),(15319,392,'Xã Hà Đông'),(15322,392,'Xã Hà Tân'),(15325,392,'Xã Hà Tiến'),(15328,392,'Xã Hà Bình'),(15331,392,'Xã Hà Lai'),(15334,392,'Xã Hà Châu'),(15337,392,'Xã Hà Toại'),(15340,392,'Xã Hà Thái'),(15343,392,'Xã Hà Hải'),(15346,393,'Thị Trấn Vĩnh Lộc'),(15349,393,'Xã Vĩnh Thành'),(15352,393,'Xã Vĩnh Quang'),(15355,393,'Xã Vĩnh Yên'),(15358,393,'Xã Vĩnh Tiến'),(15361,393,'Xã Vĩnh Long'),(15364,393,'Xã Vĩnh Phúc'),(15367,393,'Xã Vĩnh Hưng'),(15370,393,'Xã Vĩnh Minh'),(15373,393,'Xã Vĩnh Khang'),(15376,393,'Xã Vĩnh Hòa'),(15379,393,'Xã Vĩnh Hùng'),(15382,393,'Xã Vĩnh Tân'),(15385,393,'Xã Vĩnh Ninh'),(15388,393,'Xã Vĩnh Thịnh'),(15391,393,'Xã Vĩnh An'),(15394,394,'Thị Trấn Quán Lào'),(15397,394,'Thị Trấn Thống Nhất'),(15400,394,'Xã Yên Phú'),(15403,394,'Xã Yên Lâm'),(15406,394,'Xã Yên Tâm'),(15409,394,'Xã Yên Giang'),(15412,394,'Xã Qúi Lộc'),(15415,394,'Xã Yên Thọ'),(15418,394,'Xã Yên Trung'),(15421,394,'Xã Yên Trường'),(15424,394,'Xã Yên Bái'),(15427,394,'Xã Yên Phong'),(15430,394,'Xã Yên Thái'),(15433,394,'Xã Yên Hùng'),(15436,394,'Xã Yên Thịnh'),(15439,394,'Xã Yên Ninh'),(15442,394,'Xã Yên Lạc'),(15445,394,'Xã Định Tăng'),(15448,394,'Xã Định Hòa'),(15451,394,'Xã Định Thành'),(15454,394,'Xã Định Công'),(15457,394,'Xã Định Tân'),(15460,394,'Xã Định Tiến'),(15463,394,'Xã Định Long'),(15466,394,'Xã Định Liên'),(15469,394,'Xã Định Tường'),(15472,394,'Xã Định Hưng'),(15475,394,'Xã Định Hải'),(15478,394,'Xã Định Bình'),(15481,395,'Thị Trấn Thọ Xuân'),(15484,395,'Thị Trấn Lam Sơn'),(15487,395,'Thị Trấn Sao Vàng'),(15490,395,'Xã Xuân Khánh'),(15493,395,'Xã Thọ Nguyên'),(15496,395,'Xã Xuân Thành'),(15499,395,'Xã Hạnh Phúc'),(15502,395,'Xã Bắc Lương'),(15505,395,'Xã Nam Giang'),(15508,395,'Xã Xuân Phong'),(15511,395,'Xã Thọ Lộc'),(15514,395,'Xã Xuân Trường'),(15517,395,'Xã Xuân Hòa'),(15520,395,'Xã Thọ Hải'),(15523,395,'Xã Tây Hồ'),(15526,395,'Xã Xuân Giang'),(15529,395,'Xã Xuân Quang'),(15532,395,'Xã Xuân Sơn'),(15535,395,'Xã Xuân Hưng'),(15538,395,'Xã Thọ Diên'),(15541,395,'Xã Thọ Lâm'),(15544,395,'Xã Thọ Xương'),(15547,395,'Xã Xuân Bái'),(15550,395,'Xã Xuân Phú'),(15553,395,'Xã Xuân Thắng'),(15556,395,'Xã Xuân Lam'),(15559,395,'Xã Xuân Thiên'),(15562,395,'Xã Thọ Minh'),(15565,395,'Xã Xuân Châu'),(15568,395,'Xã Thọ Lập'),(15571,395,'Xã Quảng Phú'),(15574,395,'Xã Xuân Tín'),(15577,395,'Xã Phú Yên'),(15580,395,'Xã Xuân Yên'),(15583,395,'Xã Xuân Lai'),(15586,395,'Xã Xuân Lập'),(15589,395,'Xã Thọ Thắng'),(15592,395,'Xã Xuân Minh'),(15595,395,'Xã Xuân Tân'),(15598,395,'Xã Xuân Vinh'),(15601,395,'Xã Thọ Trường'),(15604,396,'Thị Trấn Thường Xuân'),(15607,396,'Xã Bát Mọt'),(15610,396,'Xã Yên Nhân'),(15619,396,'Xã Xuân Lẹ'),(15622,396,'Xã Vạn Xuân'),(15628,396,'Xã Lương Sơn'),(15631,396,'Xã Xuân Cao'),(15634,396,'Xã Luận Thành'),(15637,396,'Xã Luận Khê'),(15640,396,'Xã Xuân Thắng'),(15643,396,'Xã Xuân Lộc'),(15646,396,'Xã Xuân Cẩm'),(15649,396,'Xã Xuân Dương'),(15652,396,'Xã Thọ Thanh'),(15655,396,'Xã Ngọc Phụng'),(15658,396,'Xã Xuân Chinh'),(15661,396,'Xã Tân Thành'),(15664,397,'Thị Trấn Triệu Sơn'),(15667,397,'Xã Thọ Sơn'),(15670,397,'Xã Thọ Bình'),(15673,397,'Xã Thọ Tiến'),(15676,397,'Xã Hợp Lý'),(15679,397,'Xã Hợp Tiến'),(15682,397,'Xã Hợp Thành'),(15685,397,'Xã Triệu Thành'),(15688,397,'Xã Hợp Thắng'),(15691,397,'Xã Minh Sơn'),(15694,397,'Xã Minh Dân'),(15697,397,'Xã Minh Châu'),(15700,397,'Xã Dân Lực'),(15703,397,'Xã Dân Lý'),(15706,397,'Xã Dân Quyền'),(15709,397,'Xã An Nông'),(15712,397,'Xã Văn Sơn'),(15715,397,'Xã Thái Hòa'),(15718,397,'Xã Tân Ninh'),(15721,397,'Xã Đồng Lợi'),(15724,397,'Xã Đồng Tiến'),(15727,397,'Xã Đồng Thắng'),(15730,397,'Xã Tiến Nông'),(15733,397,'Xã Khuyến Nông'),(15736,397,'Xã Xuân Thịnh'),(15739,397,'Xã Xuân Lộc'),(15742,397,'Xã Thọ Dân'),(15745,397,'Xã Xuân Thọ'),(15748,397,'Xã Thọ Tân'),(15751,397,'Xã Thọ Ngọc'),(15754,397,'Xã Thọ Cường'),(15757,397,'Xã Thọ Phú'),(15760,397,'Xã Thọ Vực'),(15763,397,'Xã Thọ Thế'),(15766,397,'Xã Nông Trường'),(15769,397,'Xã Bình Sơn'),(15772,398,'Thị Trấn Vạn Hà'),(15775,398,'Xã Thiệu Ngọc'),(15778,398,'Xã Thiệu Vũ'),(15781,398,'Xã Thiệu Phúc'),(15784,398,'Xã Thiệu Tiến'),(15787,398,'Xã Thiệu Công'),(15790,398,'Xã Thiệu Phú'),(15793,398,'Xã Thiệu Long'),(15796,398,'Xã Thiệu Giang'),(15799,398,'Xã Thiệu Duy'),(15802,398,'Xã Thiệu Nguyên'),(15805,398,'Xã Thiệu Hợp'),(15808,398,'Xã Thiệu Thịnh'),(15811,398,'Xã Thiệu Quang'),(15814,398,'Xã Thiệu Thành'),(15817,398,'Xã Thiệu Toán'),(15820,398,'Xã Thiệu Chính'),(15823,398,'Xã Thiệu Hòa'),(15826,398,'Xã Thiệu Minh'),(15829,398,'Xã Thiệu Tâm'),(15832,398,'Xã Thiệu Viên'),(15835,398,'Xã Thiệu Lý'),(15838,398,'Xã Thiệu Vận'),(15841,398,'Xã Thiệu Trung'),(15844,398,'Xã Thiệu Đô'),(15847,398,'Xã Thiệu Châu'),(15850,398,'Xã Thiệu Vân'),(15853,398,'Xã Thiệu Giao'),(15856,398,'Xã Thiệu Khánh'),(15859,398,'Xã Thiệu Dương'),(15862,398,'Xã Thiệu Tân'),(15865,399,'Thị Trấn Bút Sơn'),(15868,399,'Thị Trấn Tào Xuyên'),(15871,399,'Xã Hoằng Giang'),(15874,399,'Xã Hoằng Xuân'),(15877,399,'Xã Hoằng Khánh'),(15880,399,'Xã Hoằng Phượng'),(15883,399,'Xã Hoằng Phú'),(15886,399,'Xã Hoằng Quỳ'),(15889,399,'Xã Hoằng Kim'),(15892,399,'Xã Hoằng Trung'),(15895,399,'Xã Hoằng Trinh'),(15898,399,'Xã Hoằng Sơn'),(15901,399,'Xã Hoằng Lương'),(15904,399,'Xã Hoằng Xuyên'),(15907,399,'Xã Hoằng Cát'),(15910,399,'Xã Hoằng Khê'),(15913,399,'Xã Hoằng Lý'),(15916,399,'Xã Hoằng Quý'),(15919,399,'Xã Hoằng Hợp'),(15922,399,'Xã Hoằng Long'),(15925,399,'Xã Hoằng Quang'),(15928,399,'Xã Hoằng Minh'),(15931,399,'Xã Hoằng Phúc'),(15934,399,'Xã Hoằng Đức'),(15937,399,'Xã Hoằng Hà'),(15940,399,'Xã Hoằng Đạt'),(15943,399,'Xã Hoằng Vinh'),(15946,399,'Xã Hoằng Đạo'),(15949,399,'Xã Hoằng Thắng'),(15952,399,'Xã Hoằng Đồng'),(15955,399,'Xã Hoằng Thái'),(15958,399,'Xã Hoằng Thịnh'),(15961,399,'Xã Hoằng Thành'),(15964,399,'Xã Hoằng Lộc'),(15967,399,'Xã Hoằng Trạch'),(15970,399,'Xã Hoằng Đại'),(15973,399,'Xã Hoằng Phong'),(15976,399,'Xã Hoằng Lưu'),(15979,399,'Xã Hoằng Châu'),(15982,399,'Xã Hoằng Tân'),(15985,399,'Xã Hoằng Yến'),(15988,399,'Xã Hoằng Tiến'),(15991,399,'Xã Hoằng Hải'),(15994,399,'Xã Hoằng Ngọc'),(15997,399,'Xã Hoằng Đông'),(16000,399,'Xã Hoằng Thanh'),(16003,399,'Xã Hoằng Phụ'),(16006,399,'Xã Hoằng Trường'),(16009,399,'Xã Hoằng Anh'),(16012,400,'Thị Trấn Hậu Lộc'),(16015,400,'Xã Đồng Lộc'),(16018,400,'Xã Đại Lộc'),(16021,400,'Xã Triệu Lộc'),(16024,400,'Xã Châu Lộc'),(16027,400,'Xã Tiến Lộc'),(16030,400,'Xã Lộc Sơn'),(16033,400,'Xã Cầu Lộc'),(16036,400,'Xã Thành Lộc'),(16039,400,'Xã Tuy Lộc'),(16042,400,'Xã Phong Lộc'),(16045,400,'Xã Mỹ Lộc'),(16048,400,'Xã Văn Lộc'),(16051,400,'Xã Thuần Lộc'),(16054,400,'Xã Lộc Tân'),(16057,400,'Xã Xuân Lộc'),(16060,400,'Xã Thịnh Lộc'),(16063,400,'Xã Hoa Lộc'),(16066,400,'Xã Liên Lộc'),(16069,400,'Xã Quang Lộc'),(16072,400,'Xã Phú Lộc'),(16075,400,'Xã Hòa Lộc'),(16078,400,'Xã Minh Lộc'),(16081,400,'Xã Hưng Lộc'),(16084,400,'Xã Hải Lộc'),(16087,400,'Xã Đa Lộc'),(16090,400,'Xã Ngư Lộc'),(16093,401,'Thị Trấn Nga Sơn'),(16096,401,'Xã Ba Đình'),(16099,401,'Xã Nga Vịnh'),(16102,401,'Xã Nga Văn'),(16105,401,'Xã Nga Thiện'),(16108,401,'Xã Nga Tiến'),(16111,401,'Xã Nga Lĩnh'),(16114,401,'Xã Nga Nhân'),(16117,401,'Xã Nga Trung'),(16120,401,'Xã Nga Bạch'),(16123,401,'Xã Nga Thanh'),(16126,401,'Xã Nga Hưng'),(16129,401,'Xã Nga Mỹ'),(16132,401,'Xã Nga Yên'),(16135,401,'Xã Nga Giáp'),(16138,401,'Xã Nga Hải'),(16141,401,'Xã Nga Thành'),(16144,401,'Xã Nga An'),(16147,401,'Xã Nga Phú'),(16150,401,'Xã Nga Điền'),(16153,401,'Xã Nga Tân'),(16156,401,'Xã Nga Thủy'),(16159,401,'Xã Nga Liên'),(16162,401,'Xã Nga Thái'),(16165,401,'Xã Nga Thạch'),(16168,401,'Xã Nga Thắng'),(16171,401,'Xã Nga Trường'),(16174,402,'Thị Trấn Yên Cát'),(16177,402,'Xã Bãi Trành'),(16180,402,'Xã Xuân Hoà'),(16183,402,'Xã Xuân Bình'),(16186,402,'Xã Hóa Quỳ'),(16189,402,'Xã Xuân Quỳ'),(16192,402,'Xã Yên Lễ'),(16195,402,'Xã Cát Vân'),(16198,402,'Xã Cát Tân'),(16201,402,'Xã Tân Bình'),(16204,402,'Xã Bình Lương'),(16207,402,'Xã Thanh Quân'),(16210,402,'Xã Thanh Xuân'),(16213,402,'Xã Thanh Hoà'),(16216,402,'Xã Thanh Phong'),(16219,402,'Xã Thanh Lâm'),(16222,402,'Xã Thanh Sơn'),(16225,402,'Xã Thượng Ninh'),(16228,403,'Thị Trấn Bến Sung'),(16231,403,'Xã Cán Khê'),(16234,403,'Xã Xuân Du'),(16237,403,'Xã Xuân Thọ'),(16240,403,'Xã Phượng Nghi'),(16243,403,'Xã Mậu Lâm'),(16246,403,'Xã Xuân Khang'),(16249,403,'Xã Phú Nhuận'),(16252,403,'Xã Hải Long'),(16255,403,'Xã Hải Vân'),(16258,403,'Xã Xuân Thái'),(16261,403,'Xã Xuân Phúc'),(16264,403,'Xã Yên Thọ'),(16267,403,'Xã Yên Lạc'),(16270,403,'Xã Phúc Đường'),(16273,403,'Xã Thanh Tân'),(16276,403,'Xã Thanh Kỳ'),(16279,404,'Thị Trấn Nông Cống'),(16282,404,'Xã Tân Phúc'),(16285,404,'Xã Tân Thọ'),(16288,404,'Xã Hoàng Sơn'),(16291,404,'Xã Tân Khang'),(16294,404,'Xã Hoàng Giang'),(16297,404,'Xã Trung Chính'),(16300,404,'Xã Trung Ý'),(16303,404,'Xã Trung Thành'),(16306,404,'Xã Tế Tân'),(16309,404,'Xã Tế Thắng'),(16312,404,'Xã Minh Thọ'),(16315,404,'Xã Tế Lợi'),(16318,404,'Xã Tế Nông'),(16321,404,'Xã Minh Nghĩa'),(16324,404,'Xã Minh Khôi'),(16327,404,'Xã Vạn Hòa'),(16330,404,'Xã Trường Trung'),(16333,404,'Xã Vạn Thắng'),(16336,404,'Xã Trường Giang'),(16339,404,'Xã Vạn Thiện'),(16342,404,'Xã Thăng Long'),(16345,404,'Xã Trường Minh'),(16348,404,'Xã Trường Sơn'),(16351,404,'Xã Thăng Bình'),(16354,404,'Xã Công Liêm'),(16357,404,'Xã Tượng Văn'),(16360,404,'Xã Thăng Thọ'),(16363,404,'Xã Tượng Lĩnh'),(16366,404,'Xã Tượng Sơn'),(16369,404,'Xã Công Chính'),(16372,404,'Xã Công Bình'),(16375,404,'Xã Yên Mỹ'),(16378,405,'Thị Trấn Rừng Thông'),(16379,405,'Thị Trấn Nhồi'),(16381,405,'Xã Đông Hoàng'),(16384,405,'Xã Đông Ninh'),(16387,405,'Xã Đông Khê'),(16390,405,'Xã Đông Hòa'),(16393,405,'Xã Đông Yên'),(16396,405,'Xã Đông Lĩnh'),(16399,405,'Xã Đông Minh'),(16402,405,'Xã Đông Thanh'),(16405,405,'Xã Đông Tiến'),(16408,405,'Xã Đông Anh'),(16411,405,'Xã Đông Xuân'),(16414,405,'Xã Đông Thịnh'),(16417,405,'Xã Đông Văn'),(16420,405,'Xã Đông Phú'),(16423,405,'Xã Đông Nam'),(16426,405,'Xã Đông Quang'),(16429,405,'Xã Đông Vinh'),(16432,405,'Xã Đông Tân'),(16435,405,'Xã Đông Hưng'),(16438,406,'Thị Trấn Quảng Xương'),(16441,406,'Xã Quảng Thịnh'),(16444,406,'Xã Quảng Tân'),(16447,406,'Xã Quảng Trạch'),(16450,406,'Xã Quảng Phong'),(16453,406,'Xã Quảng Đức'),(16456,406,'Xã Quảng Định'),(16459,406,'Xã Quảng Đông'),(16462,406,'Xã Quảng Nhân'),(16465,406,'Xã Quảng Ninh'),(16468,406,'Xã Quảng Bình'),(16471,406,'Xã Quảng Hợp'),(16474,406,'Xã Quảng Văn'),(16477,406,'Xã Quảng Long'),(16480,406,'Xã Quảng Yên'),(16483,406,'Xã Quảng Hòa'),(16486,406,'Xã Quảng Lĩnh'),(16489,406,'Xã Quảng Khê'),(16492,406,'Xã Quảng Trung'),(16495,406,'Xã Quảng Chính'),(16498,406,'Xã Quảng Ngọc'),(16501,406,'Xã Quảng Trường'),(16504,406,'Xã Quảng Phúc'),(16507,406,'Xã Quảng Cát'),(16510,406,'Xã Quảng Vọng'),(16513,406,'Xã Quảng Minh'),(16516,406,'Xã Quảng Hùng'),(16519,406,'Xã Quảng Giao'),(16522,406,'Xã Quảng Phú'),(16525,406,'Xã Quảng Tâm'),(16528,406,'Xã Quảng Thọ'),(16531,406,'Xã Quảng Châu'),(16534,406,'Xã Quảng Vinh'),(16537,406,'Xã Quảng Đại'),(16540,406,'Xã Quảng Hải'),(16543,406,'Xã Quảng Lưu'),(16546,406,'Xã Quảng Lộc'),(16549,406,'Xã Quảng Lợi'),(16552,406,'Xã Quảng Nham'),(16555,406,'Xã Quảng Thạch'),(16558,406,'Xã Quảng Thái'),(16561,407,'Thị Trấn Tĩnh Gia'),(16564,407,'Xã Hải Châu'),(16567,407,'Xã Thanh Thủy'),(16570,407,'Xã Thanh Sơn'),(16573,407,'Xã Triêu Dương'),(16576,407,'Xã Hải Ninh'),(16579,407,'Xã Anh Sơn'),(16582,407,'Xã Ngọc Lĩnh'),(16585,407,'Xã Hải An'),(16588,407,'Xã Hùng Sơn'),(16591,407,'Xã Các Sơn'),(16594,407,'Xã Tân Dân'),(16597,407,'Xã Hải Lĩnh'),(16600,407,'Xã Định Hải'),(16603,407,'Xã Phú Sơn'),(16606,407,'Xã Ninh Hải'),(16609,407,'Xã Nguyên Bình'),(16612,407,'Xã Hải Nhân'),(16615,407,'Xã Hải Hòa'),(16618,407,'Xã Bình Minh'),(16621,407,'Xã Hải Thanh'),(16624,407,'Xã Phú Lâm'),(16627,407,'Xã Xuân Lâm'),(16630,407,'Xã Trúc Lâm'),(16633,407,'Xã Hải Bình'),(16636,407,'Xã Tân Trường'),(16639,407,'Xã Tùng Lâm'),(16642,407,'Xã Tĩnh Hải'),(16645,407,'Xã Mai Lâm'),(16648,407,'Xã Trường Lâm'),(16651,407,'Xã Hải Yến'),(16654,407,'Xã Hải Thượng'),(16657,407,'Xã Nghi Sơn'),(16660,407,'Xã Hải Hà'),(16663,412,'Phường Đông Vĩnh'),(16666,412,'Phường Hà Huy Tập'),(16669,412,'Phường Lê Lợi'),(16670,412,'Phường Quán Bàu'),(16672,412,'Phường Hưng Bình'),(16673,412,'Phường Hưng Phúc'),(16675,412,'Phường Hưng Dũng'),(16678,412,'Phường Cửa Nam'),(16681,412,'Phường Quang Trung'),(16684,412,'Phường Đội Cung'),(16687,412,'Phường Lê Mao'),(16690,412,'Phường Trường Thi'),(16693,412,'Phường Bến Thủy'),(16696,412,'Phường Hồng Sơn'),(16699,412,'Phường Trung Đô'),(16702,412,'Xã Nghi Phú'),(16705,412,'Xã Hưng Đông'),(16708,412,'Xã Hưng Lộc'),(16711,412,'Xã Hưng Hòa'),(16714,412,'Phường Vinh Tân'),(16717,413,'Phường Nghi Thuỷ'),(16720,413,'Phường Nghi Tân'),(16723,413,'Phường Thu Thuỷ'),(16726,413,'Phường Nghi Hoà'),(16729,413,'Phường Nghi Hải'),(16732,413,'Xã Nghi Hương'),(16735,413,'Xã Nghi Thu'),(16738,415,'Thị Trấn Kim Sơn'),(16741,415,'Xã Thông Thụ'),(16744,415,'Xã Đồng Văn'),(16747,415,'Xã Hạnh Dịch'),(16750,415,'Xã Tiền Phong'),(16753,415,'Xã Nậm Giải'),(16756,415,'Xã Tri Lễ'),(16759,415,'Xã Châu Kim'),(16762,415,'Xã Mường Nọc'),(16763,415,'Xã Quế Sơn'),(16765,415,'Xã Châu Thôn'),(16768,415,'Xã Nậm Nhoóng'),(16771,415,'Xã Quang Phong'),(16774,415,'Xã Căm Muộn'),(16777,416,'Thị Trấn Quỳ Châu'),(16780,416,'Xã Châu Bính'),(16783,416,'Xã Châu Thuận'),(16786,416,'Xã Châu Hội'),(16789,416,'Xã Châu Nga'),(16792,416,'Xã Châu Tiến'),(16795,416,'Xã Châu Hạnh'),(16798,416,'Xã Châu Thắng'),(16801,416,'Xã Châu Phong'),(16804,416,'Xã Châu Bình'),(16807,416,'Xã Châu Hoàn'),(16810,416,'Xã Diên Lãm'),(16813,417,'Thị Trấn Mường Xén'),(16816,417,'Xã Mỹ Lý'),(16819,417,'Xã Bắc Lý'),(16822,417,'Xã Keng Đu'),(16825,417,'Xã Đoọc Mạy'),(16828,417,'Xã Huồi Tụ'),(16831,417,'Xã Mường Lống'),(16834,417,'Xã Na Loi'),(16837,417,'Xã Nậm Cắn'),(16840,417,'Xã Bảo Nam'),(16843,417,'Xã Phà Đánh'),(16846,417,'Xã Bảo Thắng'),(16849,417,'Xã Hữu Lập'),(16852,417,'Xã Tà Cạ'),(16855,417,'Xã Chiêu Lưu'),(16858,417,'Xã Mường Típ'),(16861,417,'Xã Hữu Kiệm'),(16864,417,'Xã Tây Sơn'),(16867,417,'Xã Mường Ải'),(16870,417,'Xã Na Ngoi'),(16873,417,'Xã Nậm Càn'),(16876,418,'Thị Trấn Hòa Bình'),(16879,418,'Xã Mai Sơn'),(16882,418,'Xã Nhôn Mai'),(16885,418,'Xã Hữu Khuông'),(16900,418,'Xã Yên Tĩnh'),(16903,418,'Xã Nga My'),(16904,418,'Xã Xiêng My'),(16906,418,'Xã Lưỡng Minh'),(16909,418,'Xã Yên Hòa'),(16912,418,'Xã Yên Na'),(16915,418,'Xã Lưu Kiền'),(16918,418,'Xã Thạch Giám'),(16921,418,'Xã Xá Lượng'),(16924,418,'Xã Tam Thái'),(16927,418,'Xã Tam Đình'),(16930,418,'Xã Yên Thắng'),(16933,418,'Xã Tam Quang'),(16936,418,'Xã Tam Hợp'),(16939,414,'Phường Hoà Hiếu'),(16942,419,'Xã Nghĩa Mai'),(16945,419,'Xã Nghĩa Yên'),(16948,419,'Xã Nghĩa Lạc'),(16951,419,'Xã Nghĩa Lâm'),(16954,419,'Xã Nghĩa Sơn'),(16957,419,'Xã Nghĩa Lợi'),(16960,419,'Xã Nghĩa Bình'),(16963,419,'Xã Nghĩa Thọ'),(16966,419,'Xã Nghĩa Minh'),(16969,419,'Xã Nghĩa Phú'),(16972,419,'Xã Nghĩa Hưng'),(16975,419,'Xã Nghĩa Hồng'),(16978,419,'Xã Nghĩa Thịnh'),(16981,419,'Xã Nghĩa Trung'),(16984,419,'Xã Nghĩa Hội'),(16987,419,'Xã Nghĩa Tân'),(16990,419,'Xã Nghĩa Thắng'),(16993,414,'Phường Quang Phong'),(16994,414,'Phường Quang Tiến'),(16996,419,'Xã Nghĩa Hiếu'),(16999,419,'Xã Nghĩa Liên'),(17002,414,'Xã Nghĩa Hòa'),(17003,414,'Phường Long Sơn'),(17005,414,'Xã Nghĩa Tiến'),(17008,414,'Xã Nghĩa Mỹ'),(17011,414,'Xã Tây Hiếu'),(17014,414,'Xã Nghĩa Thuận'),(17017,414,'Xã Đông Hiếu'),(17020,419,'Xã Nghĩa Đức'),(17023,419,'Xã Nghĩa An'),(17026,419,'Xã Nghĩa Long'),(17029,419,'Xã Nghĩa Lộc'),(17032,419,'Xã Nghĩa Khánh'),(17035,420,'Thị Trấn Quỳ Hợp'),(17038,420,'Xã Yên Hợp'),(17041,420,'Xã Châu Tiến'),(17044,420,'Xã Châu Hồng'),(17047,420,'Xã Đồng Hợp'),(17050,420,'Xã Châu Thành'),(17053,420,'Xã Liên Hợp'),(17056,420,'Xã Châu Lộc'),(17059,420,'Xã Tam Hợp'),(17062,420,'Xã Châu Cường'),(17065,420,'Xã Châu Quang'),(17068,420,'Xã Thọ Hợp'),(17071,420,'Xã Minh Hợp'),(17074,420,'Xã Nghĩa Xuân'),(17077,420,'Xã Châu Thái'),(17080,420,'Xã Châu Đình'),(17083,420,'Xã Văn Lợi'),(17086,420,'Xã Nam Sơn'),(17089,420,'Xã Châu Lý'),(17092,420,'Xã Hạ Sơn'),(17095,420,'Xã Bắc Sơn'),(17098,421,'Thị Trấn Cầu Giát'),(17101,421,'Xã Quỳnh Thắng'),(17104,421,'Xã Quỳnh Vinh'),(17107,421,'Xã Quỳnh Lộc'),(17110,421,'Thị Trấn Hoàng Mai'),(17113,421,'Xã Quỳnh Lập'),(17116,421,'Xã Quỳnh Trang'),(17119,421,'Xã Quỳnh Tân'),(17122,421,'Xã Quỳnh Châu'),(17125,421,'Xã Mai Hùng'),(17128,421,'Xã Quỳnh Dị'),(17131,421,'Xã Quỳnh Xuân'),(17134,421,'Xã Quỳnh Phương'),(17137,421,'Xã Quỳnh Liên'),(17140,421,'Xã Tân Sơn'),(17143,421,'Xã Quỳnh Văn'),(17146,421,'Xã Ngọc Sơn'),(17149,421,'Xã Quỳnh Tam'),(17152,421,'Xã Quỳnh Hoa'),(17155,421,'Xã Quỳnh Thạch'),(17158,421,'Xã Quỳnh Bảng'),(17161,421,'Xã Quỳnh Mỹ'),(17164,421,'Xã Quỳnh Thanh'),(17167,421,'Xã Quỳnh Hậu'),(17170,421,'Xã Quỳnh Lâm'),(17173,421,'Xã Quỳnh Đôi'),(17176,421,'Xã Quỳnh Lương'),(17179,421,'Xã Quỳnh Hồng'),(17182,421,'Xã Quỳnh Yên'),(17185,421,'Xã Quỳnh Bá'),(17188,421,'Xã Quỳnh Minh'),(17191,421,'Xã Quỳnh Diện'),(17194,421,'Xã Quỳnh Hưng'),(17197,421,'Xã Quỳnh Giang'),(17200,421,'Xã Quỳnh Ngọc'),(17203,421,'Xã Quỳnh Nghĩa'),(17206,421,'Xã An Hòa'),(17209,421,'Xã Tiến Thủy'),(17212,421,'Xã Sơn Hải'),(17215,421,'Xã Quỳnh Thọ'),(17218,421,'Xã Quỳnh Thuận'),(17221,421,'Xã Quỳnh Long'),(17224,421,'Xã Tân Thắng'),(17227,422,'Thị Trấn Con Cuông'),(17230,422,'Xã Bình Chuẩn'),(17233,422,'Xã Lạng Khê'),(17236,422,'Xã Cam Lâm'),(17239,422,'Xã Thạch Ngàn'),(17242,422,'Xã Đôn Phục'),(17245,422,'Xã Mậu Đức'),(17248,422,'Xã Châu Khê'),(17251,422,'Xã Chi Khê'),(17254,422,'Xã Bồng Khê'),(17257,422,'Xã Yên Khê'),(17260,422,'Xã Lục Dạ'),(17263,422,'Xã Môn Sơn'),(17266,423,'Thị Trấn Tân Kỳ'),(17269,423,'Xã Tân Hợp'),(17272,423,'Xã Tân Phú'),(17275,423,'Xã Tân Xuân'),(17278,423,'Xã Giai Xuân'),(17281,423,'Xã Nghĩa Bình'),(17284,423,'Xã Nghĩa Đồng'),(17287,423,'Xã Đồng Văn'),(17290,423,'Xã Nghĩa Thái'),(17293,423,'Xã Nghĩa Hợp'),(17296,423,'Xã Nghĩa Hoàn'),(17299,423,'Xã Nghĩa Phúc'),(17302,423,'Xã Tiên Kỳ'),(17305,423,'Xã Tân An'),(17308,423,'Xã Nghĩa Dũng'),(17311,423,'Xã Tân Long'),(17314,423,'Xã Kỳ Sơn'),(17317,423,'Xã Hương Sơn'),(17320,423,'Xã Kỳ Tân'),(17323,423,'Xã Phú Sơn'),(17325,423,'Xã Tân Hương'),(17326,423,'Xã Nghĩa Hành'),(17329,424,'Thị Trấn Anh Sơn'),(17332,424,'Xã Thọ Sơn'),(17335,424,'Xã Thành Sơn'),(17338,424,'Xã Bình Sơn'),(17341,424,'Xã Tam Sơn'),(17344,424,'Xã Đỉnh Sơn'),(17347,424,'Xã Hùng Sơn'),(17350,424,'Xã Cẩm Sơn'),(17353,424,'Xã Đức Sơn'),(17356,424,'Xã Tường Sơn'),(17357,424,'Xã Hoa Sơn'),(17359,424,'Xã Tào Sơn'),(17362,424,'Xã Vĩnh Sơn'),(17365,424,'Xã Lạng Sơn'),(17368,424,'Xã Hội Sơn'),(17371,424,'Xã Thạch Sơn'),(17374,424,'Xã Phúc Sơn'),(17377,424,'Xã Long Sơn'),(17380,424,'Xã Khai Sơn'),(17383,424,'Xã Lĩnh Sơn'),(17386,424,'Xã Cao Sơn'),(17389,425,'Thị Trấn Diễn Châu'),(17392,425,'Xã Diễn Lâm'),(17395,425,'Xã Diễn Đoài'),(17398,425,'Xã Diễn Trường'),(17401,425,'Xã Diễn Yên'),(17404,425,'Xã Diễn Hoàng'),(17407,425,'Xã Diễn Hùng'),(17410,425,'Xã Diễn Mỹ'),(17413,425,'Xã Diễn Hồng'),(17416,425,'Xã Diễn Phong'),(17419,425,'Xã Diễn Hải'),(17422,425,'Xã Diễn Tháp'),(17425,425,'Xã Diễn Liên'),(17428,425,'Xã Diễn Vạn'),(17431,425,'Xã Diễn Kim'),(17434,425,'Xã Diễn Kỷ'),(17437,425,'Xã Diễn Xuân'),(17440,425,'Xã Diễn Thái'),(17443,425,'Xã Diễn Đồng'),(17446,425,'Xã Diễn Bích'),(17449,425,'Xã Diễn Hạnh'),(17452,425,'Xã Diễn Ngọc'),(17455,425,'Xã Diễn Quảng'),(17458,425,'Xã Diễn Nguyên'),(17461,425,'Xã Diễn Hoa'),(17464,425,'Xã Diễn Thành'),(17467,425,'Xã Diễn Phúc'),(17470,425,'Xã Diễn Minh'),(17473,425,'Xã Diễn Bình'),(17476,425,'Xã Diễn Cát'),(17479,425,'Xã Diễn Thịnh'),(17482,425,'Xã Diễn Tân'),(17485,425,'Xã Diễn Thắng'),(17488,425,'Xã Diễn Thọ'),(17491,425,'Xã Diễn Lợi'),(17494,425,'Xã Diễn Lộc'),(17497,425,'Xã Diễn Trung'),(17500,425,'Xã Diễn An'),(17503,425,'Xã Diễn Phú'),(17506,426,'Thị Trấn Yên Thành'),(17509,426,'Xã Mã Thành'),(17510,426,'Xã Tiến Thành'),(17512,426,'Xã Lăng Thành'),(17515,426,'Xã Tân Thành'),(17518,426,'Xã Đức Thành'),(17521,426,'Xã Kim Thành'),(17524,426,'Xã Hậu Thành'),(17525,426,'Xã Hùng Thành'),(17527,426,'Xã Đô Thành'),(17530,426,'Xã Thọ Thành'),(17533,426,'Xã Quang Thành'),(17536,426,'Xã Tây Thành'),(17539,426,'Xã Phúc Thành'),(17542,426,'Xã Hồng Thành'),(17545,426,'Xã Đồng Thành'),(17548,426,'Xã Phú Thành'),(17551,426,'Xã Hoa Thành'),(17554,426,'Xã Tăng Thành'),(17557,426,'Xã Văn Thành'),(17560,426,'Xã Thịnh Thành'),(17563,426,'Xã Hợp Thành'),(17566,426,'Xã Xuân Thành'),(17569,426,'Xã Bắc Thành'),(17572,426,'Xã Nhân Thành'),(17575,426,'Xã Trung Thành'),(17578,426,'Xã Long Thành'),(17581,426,'Xã Minh Thành'),(17584,426,'Xã Nam Thành'),(17587,426,'Xã Vĩnh Thành'),(17590,426,'Xã Lý Thành'),(17593,426,'Xã Khánh Thành'),(17596,426,'Xã Viên Thành'),(17599,426,'Xã Đại Thành'),(17602,426,'Xã Liên Thành'),(17605,426,'Xã Bảo Thành'),(17608,426,'Xã Mỹ Thành'),(17611,426,'Xã Công Thành'),(17614,426,'Xã Sơn Thành'),(17617,427,'Thị Trấn Đô Lương'),(17619,427,'Xã Giang Sơn Đông'),(17620,427,'Xã Giang Sơn Tây'),(17623,427,'Xã Lam Sơn'),(17626,427,'Xã Bồi Sơn'),(17629,427,'Xã Hồng Sơn'),(17632,427,'Xã Bài Sơn'),(17635,427,'Xã Ngọc Sơn'),(17638,427,'Xã Bắc Sơn'),(17641,427,'Xã Tràng Sơn'),(17644,427,'Xã Thượng Sơn'),(17647,427,'Xã Hòa Sơn'),(17650,427,'Xã Đặng Sơn'),(17653,427,'Xã Đông Sơn'),(17656,427,'Xã Nam Sơn'),(17659,427,'Xã Lưu Sơn'),(17662,427,'Xã Yên Sơn'),(17665,427,'Xã Văn Sơn'),(17668,427,'Xã Đà Sơn'),(17671,427,'Xã Lạc Sơn'),(17674,427,'Xã Tân Sơn'),(17677,427,'Xã Thái Sơn'),(17680,427,'Xã Quang Sơn'),(17683,427,'Xã Thịnh Sơn'),(17686,427,'Xã Trung Sơn'),(17689,427,'Xã Xuân Sơn'),(17692,427,'Xã Minh Sơn'),(17695,427,'Xã Thuận Sơn'),(17698,427,'Xã Nhân Sơn'),(17701,427,'Xã Hiến Sơn'),(17704,427,'Xã Mỹ Sơn'),(17707,427,'Xã Trù Sơn'),(17710,427,'Xã Đại Sơn'),(17713,428,'Thị Trấn Thanh Chương'),(17716,428,'Xã Cát Văn'),(17719,428,'Xã Thanh Nho'),(17722,428,'Xã Hạnh Lâm'),(17723,428,'Xã Thanh Sơn'),(17725,428,'Xã Thanh Hòa'),(17728,428,'Xã Phong Thịnh'),(17731,428,'Xã Thanh Phong'),(17734,428,'Xã Thanh Mỹ'),(17737,428,'Xã Thanh Tiên'),(17740,428,'Xã Thanh Hưng'),(17743,428,'Xã Thanh Liên'),(17746,428,'Xã Thanh Tường'),(17749,428,'Xã Thanh Văn'),(17752,428,'Xã Thanh Đồng'),(17755,428,'Xã Thanh Ngọc'),(17758,428,'Xã Thanh Hương'),(17759,428,'Xã Ngọc Lâm'),(17761,428,'Xã Thanh Lĩnh'),(17764,428,'Xã Đồng Văn'),(17767,428,'Xã Ngọc Sơn'),(17770,428,'Xã Thanh Thịnh'),(17773,428,'Xã Thanh An'),(17776,428,'Xã Thanh Chi'),(17779,428,'Xã Xuân Tường'),(17782,428,'Xã Thanh Dương'),(17785,428,'Xã Thanh Lương'),(17788,428,'Xã Thanh Khê'),(17791,428,'Xã Võ Liệt'),(17794,428,'Xã Thanh Long'),(17797,428,'Xã Thanh Thủy'),(17800,428,'Xã Thanh Khai'),(17803,428,'Xã Thanh Yên'),(17806,428,'Xã Thanh Hà'),(17809,428,'Xã Thanh Giang'),(17812,428,'Xã Thanh Tùng'),(17815,428,'Xã Thanh Lâm'),(17818,428,'Xã Thanh Mai'),(17821,428,'Xã Thanh Xuân'),(17824,428,'Xã Thanh Đức'),(17827,429,'Thị Trấn Quán Hành'),(17830,429,'Xã Nghi Văn'),(17833,429,'Xã Nghi Yên'),(17836,429,'Xã Nghi Tiến'),(17839,429,'Xã Nghi Hưng'),(17842,429,'Xã Nghi Đồng'),(17845,429,'Xã Nghi Thiết'),(17848,429,'Xã Nghi Lâm'),(17851,429,'Xã Nghi Quang'),(17854,429,'Xã Nghi Kiều'),(17857,429,'Xã Nghi Mỹ'),(17860,429,'Xã Nghi Phương'),(17863,429,'Xã Nghi Thuận'),(17866,429,'Xã Nghi Long'),(17869,429,'Xã Nghi Xá'),(17872,429,'Xã Nghi Hợp'),(17875,429,'Xã Nghi Hoa'),(17878,429,'Xã Nghi Khánh'),(17881,429,'Xã Nghi Thịnh'),(17884,429,'Xã Nghi Công Bắc'),(17887,429,'Xã Nghi Công Nam'),(17890,429,'Xã Nghi Thạch'),(17893,429,'Xã Nghi Trung'),(17896,429,'Xã Nghi Trường'),(17899,429,'Xã Nghi Diên'),(17902,429,'Xã Nghi Phong'),(17905,429,'Xã Nghi Xuân'),(17908,412,'Xã Nghi Liên'),(17911,429,'Xã Nghi Vạn'),(17914,412,'Xã Nghi Ân'),(17917,429,'Xã Phúc Thọ'),(17920,412,'Xã Nghi Kim'),(17923,412,'Xã Nghi Đức'),(17926,429,'Xã Nghi Thái'),(17929,430,'Thị Trấn Nam Đàn'),(17932,430,'Xã Nam Hưng'),(17935,430,'Xã Nam Nghĩa'),(17938,430,'Xã Nam Thanh'),(17941,430,'Xã Nam Anh'),(17944,430,'Xã Nam Xuân'),(17947,430,'Xã Nam Thái'),(17950,430,'Xã Vân Diên'),(17953,430,'Xã Nam Lĩnh'),(17956,430,'Xã Nam Giang'),(17959,430,'Xã Xuân Hòa'),(17962,430,'Xã Hùng Tiến'),(17965,430,'Xã Nam Thượng'),(17968,430,'Xã Nam Tân'),(17971,430,'Xã Kim Liên'),(17974,430,'Xã Nam Lộc'),(17977,430,'Xã Hồng Long'),(17980,430,'Xã Xuân Lâm'),(17983,430,'Xã Nam Cát'),(17986,430,'Xã Khánh Sơn'),(17989,430,'Xã Nam Phúc'),(17992,430,'Xã Nam Cường'),(17995,430,'Xã Nam Trung'),(17998,430,'Xã Nam Kim'),(18001,431,'Thị Trấn Hưng Nguyên'),(18004,431,'Xã Hưng Trung'),(18007,431,'Xã Hưng Yên'),(18008,431,'Xã Hưng Yên Bắc'),(18010,431,'Xã Hưng Tây'),(18013,412,'Xã Hưng Chính'),(18016,431,'Xã Hưng Đạo'),(18019,431,'Xã Hưng Mỹ'),(18022,431,'Xã Hưng Thịnh'),(18025,431,'Xã Hưng Lĩnh'),(18028,431,'Xã Hưng Thông'),(18031,431,'Xã Hưng Tân'),(18034,431,'Xã Hưng Lợi'),(18037,431,'Xã Hưng Thắng'),(18040,431,'Xã Hưng Phúc'),(18043,431,'Xã Hưng Long'),(18046,431,'Xã Hưng Tiến'),(18049,431,'Xã Hưng Xá'),(18052,431,'Xã Hưng Châu'),(18055,431,'Xã Hưng Xuân'),(18058,431,'Xã Hưng Nhân'),(18061,431,'Xã Hưng Phú'),(18064,431,'Xã Hưng Khánh'),(18067,431,'Xã Hưng Lam'),(18070,436,'Phường Trần Phú'),(18073,436,'Phường Nam Hà'),(18076,436,'Phường Bắc Hà'),(18077,436,'Phường Nguyễn Du'),(18079,436,'Phường Tân Giang'),(18082,436,'Phường Đại Nài'),(18085,436,'Phường Hà Huy Tập'),(18088,436,'Xã Thạch Trung'),(18091,436,'Phường Thạch Quý'),(18094,436,'Phường Thạch Linh'),(18097,436,'Phường Văn Yên'),(18100,436,'Xã Thạch Hạ'),(18103,436,'Xã Thạch Môn'),(18106,436,'Xã Thạch Đồng'),(18109,436,'Xã Thạch Hưng'),(18112,436,'Xã Thạch Bình'),(18115,437,'Phường Bắc Hồng'),(18118,437,'Phường Nam Hồng'),(18121,437,'Phường Trung Lương'),(18124,437,'Phường Đức Thuận'),(18127,437,'Phường Đậu Liêu'),(18130,437,'Xã Thuận Lộc'),(18133,439,'Thị Trấn Phố Châu'),(18136,439,'Thị Trấn Tây Sơn'),(18139,439,'Xã Sơn Hồng'),(18142,439,'Xã Sơn Tiến'),(18145,439,'Xã Sơn Lâm'),(18148,439,'Xã Sơn Lễ'),(18151,439,'Xã Sơn Thịnh'),(18154,439,'Xã Sơn An'),(18157,439,'Xã Sơn Giang'),(18160,439,'Xã Sơn Lĩnh'),(18163,439,'Xã Sơn Hòa'),(18166,439,'Xã Sơn Tân'),(18169,439,'Xã Sơn Mỹ'),(18172,439,'Xã Sơn Tây'),(18175,439,'Xã Sơn Ninh'),(18178,439,'Xã Sơn Châu'),(18181,439,'Xã Sơn Hà'),(18184,439,'Xã Sơn Quang'),(18187,439,'Xã Sơn Trung'),(18190,439,'Xã Sơn Bằng'),(18193,439,'Xã Sơn Bình'),(18196,439,'Xã Sơn Kim 1'),(18199,439,'Xã Sơn Kim 2'),(18202,439,'Xã Sơn Trà'),(18205,439,'Xã Sơn Long'),(18208,439,'Xã Sơn Diệm'),(18211,439,'Xã Sơn Thủy'),(18214,439,'Xã Sơn Hàm'),(18217,439,'Xã Sơn Phú'),(18220,439,'Xã Sơn Phúc'),(18223,439,'Xã Sơn Trường'),(18226,439,'Xã Sơn Mai'),(18229,440,'Thị Trấn Đức Thọ'),(18232,440,'Xã Đức Quang'),(18235,440,'Xã Đức Vĩnh'),(18238,440,'Xã Đức Châu'),(18241,440,'Xã Đức Tùng'),(18244,440,'Xã Trường Sơn'),(18247,440,'Xã Liên Minh'),(18250,440,'Xã Đức La'),(18253,440,'Xã Yên Hồ'),(18256,440,'Xã Đức Nhân'),(18259,440,'Xã Tùng Ảnh'),(18262,440,'Xã Bùi Xá'),(18265,440,'Xã Đức Thịnh'),(18268,440,'Xã Đức Yên'),(18271,440,'Xã Đức Thủy'),(18274,440,'Xã Thái Yên'),(18277,440,'Xã Trung Lễ'),(18280,440,'Xã Đức Hòa'),(18283,440,'Xã Đức Long'),(18286,440,'Xã Đức Lâm'),(18289,440,'Xã Đức Thanh'),(18292,440,'Xã Đức Dũng'),(18295,440,'Xã Đức Lập'),(18298,440,'Xã Đức An'),(18301,440,'Xã Đức Lạc'),(18304,440,'Xã Đức Đồng'),(18307,440,'Xã Đức Lạng'),(18310,440,'Xã Tân Hương'),(18313,441,'Thị Trấn Vũ Quang'),(18316,441,'Xã Ân Phú'),(18319,441,'Xã Đức Giang'),(18322,441,'Xã Đức Lĩnh'),(18325,441,'Xã Sơn Thọ'),(18328,441,'Xã Đức Hương'),(18331,441,'Xã Đức Bồng'),(18334,441,'Xã Đức Liên'),(18337,441,'Xã Hương Điền'),(18340,441,'Xã Hương Minh'),(18343,441,'Xã Hương Thọ'),(18346,441,'Xã Hương Quang'),(18349,442,'Thị Trấn Nghi Xuân'),(18352,442,'Thị Trấn Xuân An'),(18355,442,'Xã Xuân Hội'),(18358,442,'Xã Xuân Trường'),(18361,442,'Xã Xuân Đan'),(18364,442,'Xã Xuân Phổ'),(18367,442,'Xã Xuân Hải'),(18370,442,'Xã Xuân Giang'),(18373,442,'Xã Tiên Điền'),(18376,442,'Xã Xuân Yên'),(18379,442,'Xã Xuân Mỹ'),(18382,442,'Xã Xuân Thành'),(18385,442,'Xã Xuân Viên'),(18388,442,'Xã Xuân Hồng'),(18391,442,'Xã Cỗ Đạm'),(18394,442,'Xã Xuân Liên'),(18397,442,'Xã Xuân Lĩnh'),(18400,442,'Xã Xuân Lam'),(18403,442,'Xã Cương Gián'),(18406,443,'Thị Trấn Nghèn'),(18409,448,'Xã Tân Lộc'),(18412,448,'Xã Hồng Lộc'),(18415,443,'Xã Thiên Lộc'),(18418,443,'Xã Thuần Thiện'),(18421,448,'Xã Thịnh Lộc'),(18424,443,'Xã Kim Lộc'),(18427,443,'Xã Vượng Lộc'),(18430,448,'Xã An Lộc'),(18433,443,'Xã Thanh Lộc'),(18436,443,'Xã Song Lộc'),(18439,443,'Xã Thường Nga'),(18442,443,'Xã Trường Lộc'),(18445,443,'Xã Tùng Lộc'),(18448,448,'Xã Bình Lộc'),(18451,443,'Xã Yên Lộc'),(18454,443,'Xã Phú Lộc'),(18457,448,'Xã Ích Hậu'),(18460,443,'Xã Khánh Lộc'),(18463,443,'Xã Gia Hanh'),(18466,443,'Xã Vĩnh Lộc'),(18469,443,'Xã Tiến Lộc'),(18472,443,'Xã Trung Lộc'),(18475,443,'Xã Xuân Lộc'),(18478,443,'Xã Thượng Lộc'),(18481,443,'Xã Quang Lộc'),(18484,443,'Xã Đồng Lộc'),(18487,443,'Xã Mỹ Lộc'),(18490,443,'Xã Sơn Lộc'),(18493,448,'Xã Phù Lưu'),(18496,444,'Thị Trấn Hương Khê'),(18499,444,'Xã Phương Mỹ'),(18502,444,'Xã Hà Linh'),(18505,444,'Xã Hương Thủy'),(18508,444,'Xã Hòa Hải'),(18511,444,'Xã Phương Điền'),(18514,444,'Xã Phúc Đồng'),(18517,444,'Xã Hương Giang'),(18520,444,'Xã Lộc Yên'),(18523,444,'Xã Hương Bình'),(18526,444,'Xã Hương Long'),(18529,444,'Xã Phú Gia'),(18532,444,'Xã Gia Phố'),(18535,444,'Xã Phú Phong'),(18538,444,'Xã Hương Đô'),(18541,444,'Xã Hương Vĩnh'),(18544,444,'Xã Hương Xuân'),(18547,444,'Xã Phúc Trạch'),(18550,444,'Xã Hương Trà'),(18553,444,'Xã Hương Trạch'),(18556,444,'Xã Hương Lâm'),(18559,444,'Xã Hương Liên'),(18562,445,'Thị Trấn Thạch Hà'),(18565,445,'Xã Ngọc Sơn'),(18568,448,'Xã Thạch Bằng'),(18571,445,'Xã Thạch Hải'),(18574,445,'Xã Thạch Bàn'),(18577,448,'Xã Thạch Mỹ'),(18580,448,'Xã Thạch Kim'),(18583,448,'Xã Thạch Châu'),(18586,445,'Xã Thạch Kênh'),(18589,445,'Xã Thạch Sơn'),(18592,445,'Xã Thạch Liên'),(18595,445,'Xã Thạch Đỉnh'),(18598,448,'Xã Hộ Độ'),(18601,445,'Xã Phù Việt'),(18604,445,'Xã Thạch Khê'),(18607,445,'Xã Thạch Long'),(18610,445,'Xã Việt Xuyên'),(18613,445,'Xã Thạch Tiến'),(18616,445,'Xã Thạch Thanh'),(18619,445,'Xã Thạch Trị'),(18622,445,'Xã Thạch Lạc'),(18625,445,'Xã Thạch Ngọc'),(18628,445,'Xã Tượng Sơn'),(18631,445,'Xã Thạch Văn'),(18634,445,'Xã Thạch Vĩnh'),(18637,445,'Xã Thạch Thắng'),(18640,445,'Xã Thạch Lưu'),(18643,445,'Xã Thạch Đài'),(18646,445,'Xã Bắc Sơn'),(18649,445,'Xã Thạch Hội'),(18652,445,'Xã Thạch Tân'),(18655,445,'Xã Thạch Lâm'),(18658,445,'Xã Thạch Xuân'),(18661,445,'Xã Thạch Hương'),(18664,445,'Xã Nam Hương'),(18667,445,'Xã Thạch Điền'),(18670,448,'Xã Mai Phụ'),(18673,446,'Thị Trấn Cẩm Xuyên'),(18676,446,'Thị Trấn Thiên Cầm'),(18679,446,'Xã Cẩm Hòa'),(18682,446,'Xã Cẩm Dương'),(18685,446,'Xã Cẩm Bình'),(18688,446,'Xã Cẩm Yên'),(18691,446,'Xã Cẩm Vĩnh'),(18694,446,'Xã Cẩm Thành'),(18697,446,'Xã Cẩm Quang'),(18700,446,'Xã Cẩm Nam'),(18703,446,'Xã Cẩm Huy'),(18706,446,'Xã Cẩm Thạch'),(18709,446,'Xã Cẩm Nhượng'),(18712,446,'Xã Cẩm Thăng'),(18715,446,'Xã Cẩm Duệ'),(18718,446,'Xã Cẩm Phúc'),(18721,446,'Xã Cẩm Lĩnh'),(18724,446,'Xã Cẩm Quan'),(18727,446,'Xã Cẩm Hà'),(18730,446,'Xã Cẩm Lộc'),(18733,446,'Xã Cẩm Hưng'),(18736,446,'Xã Cẩm Thịnh'),(18739,446,'Xã Cẩm Mỹ'),(18742,446,'Xã Cẩm Trung'),(18745,446,'Xã Cẩm Sơn'),(18748,446,'Xã Cẩm Lạc'),(18751,446,'Xã Cẩm Minh'),(18754,447,'Thị Trấn Kỳ Anh'),(18757,447,'Xã Kỳ Xuân'),(18760,447,'Xã Kỳ Bắc'),(18763,447,'Xã Kỳ Phú'),(18766,447,'Xã Kỳ Phong'),(18769,447,'Xã Kỳ Tiến'),(18772,447,'Xã Kỳ Giang'),(18775,447,'Xã Kỳ Đồng'),(18778,447,'Xã Kỳ Khang'),(18781,447,'Xã Kỳ Ninh'),(18784,447,'Xã Kỳ Văn'),(18787,447,'Xã Kỳ Trung'),(18790,447,'Xã Kỳ Thọ'),(18793,447,'Xã Kỳ Tây'),(18796,447,'Xã Kỳ Lợi'),(18799,447,'Xã Kỳ Thượng'),(18802,447,'Xã Kỳ Hải'),(18805,447,'Xã Kỳ Thư'),(18808,447,'Xã Kỳ Hà'),(18811,447,'Xã Kỳ Châu'),(18814,447,'Xã Kỳ Tân'),(18817,447,'Xã Kỳ Hưng'),(18820,447,'Xã Kỳ Trinh'),(18823,447,'Xã Kỳ Thịnh'),(18826,447,'Xã Kỳ Hợp'),(18829,447,'Xã Kỳ Hoa'),(18832,447,'Xã Kỳ Phương'),(18835,447,'Xã Kỳ Long'),(18838,447,'Xã Kỳ Lâm'),(18841,447,'Xã Kỳ Liên'),(18844,447,'Xã Kỳ Sơn'),(18847,447,'Xã Kỳ Nam'),(18850,447,'Xã Kỳ Lạc'),(18853,450,'Phường Hải Thành'),(18856,450,'Phường Đồng Phú'),(18859,450,'Phường Bắc Lý'),(18862,450,'Phường Đồng Mỹ'),(18865,450,'Phường Nam Lý'),(18868,450,'Phường Hải Đình'),(18871,450,'Phường Đồng Sơn'),(18874,450,'Phường Phú Hải'),(18877,450,'Phường Bắc Nghĩa'),(18880,450,'Phường Đức Ninh Đông'),(18883,450,'Xã Quang Phú'),(18886,450,'Xã Lộc Ninh'),(18889,450,'Xã Bảo Ninh'),(18892,450,'Xã Nghĩa Ninh'),(18895,450,'Xã Thuận Đức'),(18898,450,'Xã Đức Ninh'),(18901,452,'Thị Trấn Quy Đạt'),(18904,452,'Xã Dân Hóa'),(18907,452,'Xã Trọng Hoá'),(18910,452,'Xã Hóa Phúc'),(18913,452,'Xã Hồng Hóa'),(18916,452,'Xã Hóa Thanh'),(18919,452,'Xã Hóa Tiến'),(18922,452,'Xã Hóa Hợp'),(18925,452,'Xã Xuân Hóa'),(18928,452,'Xã Yên Hóa'),(18931,452,'Xã Minh Hóa'),(18934,452,'Xã Tân Hóa'),(18937,452,'Xã Hóa Sơn'),(18940,452,'Xã Quy Hóa'),(18943,452,'Xã Trung Hóa'),(18946,452,'Xã Thượng Hóa'),(18949,453,'Thị Trấn Đồng Lê'),(18952,453,'Xã Hương Hóa'),(18955,453,'Xã Kim Hóa'),(18958,453,'Xã Thanh Hóa'),(18961,453,'Xã Thanh Thạch'),(18964,453,'Xã Thuận Hóa'),(18967,453,'Xã Lâm Hóa'),(18970,453,'Xã Lê Hóa'),(18973,453,'Xã Sơn Hoá'),(18976,453,'Xã Đồng Hóa'),(18979,453,'Xã Ngư Hóa'),(18982,453,'Xã Nam Hoá'),(18985,453,'Xã Thạch Hóa'),(18988,453,'Xã Đức Hóa'),(18991,453,'Xã Phong Hóa'),(18994,453,'Xã Mai Hóa'),(18997,453,'Xã Tiến Hóa'),(19000,453,'Xã Châu Hóa'),(19003,453,'Xã Cao Quảng'),(19006,453,'Xã Văn Hóa'),(19009,454,'Thị Trấn Ba Đồn'),(19012,454,'Xã Quảng Hợp'),(19015,454,'Xã Quảng Kim'),(19018,454,'Xã Quảng Đông'),(19021,454,'Xã Quảng Phú'),(19024,454,'Xã Quảng Châu'),(19027,454,'Xã Quảng Thạch'),(19030,454,'Xã Quảng Lưu'),(19033,454,'Xã Quảng Tùng'),(19036,454,'Xã Cảnh Dương'),(19039,454,'Xã Quảng Tiến'),(19042,454,'Xã Quảng Hưng'),(19045,454,'Xã Quảng Xuân'),(19048,454,'Xã Cảnh Hóa'),(19051,454,'Xã Quảng Liên'),(19054,454,'Xã Quảng Trường'),(19057,454,'Xã Quảng Phương'),(19060,454,'Xã Quảng Long'),(19063,454,'Xã Phù Hóa'),(19066,454,'Xã Quảng Thọ'),(19069,454,'Xã Quảng Tiên'),(19072,454,'Xã Quảng Thanh'),(19075,454,'Xã Quảng Trung'),(19078,454,'Xã Quảng Phong'),(19081,454,'Xã Quảng Thuận'),(19084,454,'Xã Quảng Tân'),(19087,454,'Xã Quảng Hải'),(19090,454,'Xã Quảng Sơn'),(19093,454,'Xã Quảng Lộc'),(19096,454,'Xã Quảng Thủy'),(19099,454,'Xã Quảng Văn'),(19102,454,'Xã Quảng Phúc'),(19105,454,'Xã Quảng Hòa'),(19108,454,'Xã Quảng Minh'),(19111,455,'Thị Trấn Hoàn Lão'),(19114,455,'Thị Trấn Nt Việt Trung'),(19117,455,'Xã Xuân Trạch'),(19120,455,'Xã Mỹ Trạch'),(19123,455,'Xã Hạ Trạch'),(19126,455,'Xã Bắc Trạch'),(19129,455,'Xã Lâm Trạch'),(19132,455,'Xã Thanh Trạch'),(19135,455,'Xã Liên Trạch'),(19138,455,'Xã Phúc Trạch'),(19141,455,'Xã Cự Nẫm'),(19144,455,'Xã Hải Trạch'),(19147,455,'Xã Thượng Trạch'),(19150,455,'Xã Sơn Lộc'),(19153,455,'Xã Phú Trạch'),(19156,455,'Xã Hưng Trạch'),(19159,455,'Xã Đồng Trạch'),(19162,455,'Xã Đức Trạch'),(19165,455,'Xã Sơn Trạch'),(19168,455,'Xã Vạn Trạch'),(19171,455,'Xã Hoàn Trạch'),(19174,455,'Xã Phú Định'),(19177,455,'Xã Trung Trạch'),(19180,455,'Xã Tây Trạch'),(19183,455,'Xã Hoà Trạch'),(19186,455,'Xã Đại Trạch'),(19189,455,'Xã Nhân Trạch'),(19192,455,'Xã Tân Trạch'),(19195,455,'Xã Nam Trạch'),(19198,455,'Xã Lý Trạch'),(19201,456,'Thị Trấn Quán Hàu'),(19204,456,'Xã Trường Sơn'),(19207,456,'Xã Lương Ninh'),(19210,456,'Xã Vĩnh Ninh'),(19213,456,'Xã Võ Ninh'),(19216,456,'Xã Hải Ninh'),(19219,456,'Xã Hàm Ninh'),(19222,456,'Xã Duy Ninh'),(19225,456,'Xã Gia Ninh'),(19228,456,'Xã Trường Xuân'),(19231,456,'Xã Hiền Ninh'),(19234,456,'Xã Tân Ninh'),(19237,456,'Xã Xuân Ninh'),(19240,456,'Xã An Ninh'),(19243,456,'Xã Vạn Ninh'),(19246,457,'Thị Trấn Nt Lệ Ninh'),(19249,457,'Thị Trấn Kiến Giang'),(19252,457,'Xã Hồng Thủy'),(19255,457,'Xã Ngư Thuỷ Bắc'),(19258,457,'Xã Hoa Thủy'),(19261,457,'Xã Thanh Thủy'),(19264,457,'Xã An Thủy'),(19267,457,'Xã Phong Thủy'),(19270,457,'Xã Cam Thủy'),(19273,457,'Xã Ngân Thủy'),(19276,457,'Xã Sơn Thủy'),(19279,457,'Xã Lộc Thủy'),(19282,457,'Xã Ngư Thuỷ Trung'),(19285,457,'Xã Liên Thủy'),(19288,457,'Xã Hưng Thủy'),(19291,457,'Xã Dương Thủy'),(19294,457,'Xã Tân Thủy'),(19297,457,'Xã Phú Thủy'),(19300,457,'Xã Xuân Thủy'),(19303,457,'Xã Mỹ Thủy'),(19306,457,'Xã Ngư Thủy Nam'),(19309,457,'Xã Mai Thủy'),(19312,457,'Xã Sen Thủy'),(19315,457,'Xã Thái Thủy'),(19318,457,'Xã Kim Thủy'),(19321,457,'Xã Trường Thủy'),(19324,457,'Xã Văn Thủy'),(19327,457,'Xã Lâm Thuỷ'),(19330,461,'Phường Đông Giang'),(19333,461,'Phường 1'),(19336,461,'Phường Đông Lễ'),(19339,461,'Phường Đông Thanh'),(19342,461,'Phường 2'),(19345,461,'Phường 4'),(19348,461,'Phường 5'),(19351,461,'Phường Đông Lương'),(19354,461,'Phường 3'),(19357,462,'Phường 1'),(19358,462,'Phường An Đôn'),(19360,462,'Phường 2'),(19361,462,'Phường 3'),(19363,464,'Thị Trấn Hồ Xá'),(19366,464,'Thị Trấn Bến Quan'),(19369,464,'Xã Vĩnh Thái'),(19372,464,'Xã Vĩnh Tú'),(19375,464,'Xã Vĩnh Chấp'),(19378,464,'Xã Vĩnh Trung'),(19381,464,'Xã Vĩnh Kim'),(19384,464,'Xã Vĩnh Thạch'),(19387,464,'Xã Vĩnh Long'),(19390,464,'Xã Vĩnh Nam'),(19393,464,'Xã Vĩnh Khê'),(19396,464,'Xã Vĩnh Hòa'),(19399,464,'Xã Vĩnh Hiền'),(19402,464,'Xã Vĩnh Thủy'),(19405,464,'Xã Vĩnh Lâm'),(19408,464,'Xã Vĩnh Thành'),(19411,464,'Xã Vĩnh Tân'),(19414,464,'Thị Trấn Cửa Tùng'),(19417,464,'Xã Vĩnh Hà'),(19420,464,'Xã Vĩnh Sơn'),(19423,464,'Xã Vĩnh Giang'),(19426,464,'Xã Vĩnh Ô'),(19429,465,'Thị Trấn Khe Sanh'),(19432,465,'Thị Trấn Lao Bảo'),(19435,465,'Xã Hướng Lập'),(19438,465,'Xã Hướng Việt'),(19441,465,'Xã Hướng Phùng'),(19444,465,'Xã Hướng Sơn'),(19447,465,'Xã Hướng Linh'),(19450,465,'Xã Tân Hợp'),(19453,465,'Xã Hướng Tân'),(19456,465,'Xã Tân Thành'),(19459,465,'Xã Tân Long'),(19462,465,'Xã Tân Lập'),(19465,465,'Xã Tân Liên'),(19468,465,'Xã Húc'),(19471,465,'Xã Thuận'),(19474,465,'Xã Hướng Lộc'),(19477,465,'Xã Ba Tầng'),(19480,465,'Xã Thanh'),(19483,465,'Xã A Dơi'),(19486,465,'Xã A Xing'),(19489,465,'Xã A Túc'),(19492,465,'Xã Xy'),(19495,466,'Thị Trấn Gio Linh'),(19496,466,'Thị Trấn Cửa Việt'),(19498,466,'Xã Trung Giang'),(19501,466,'Xã Trung Hải'),(19504,466,'Xã Trung Sơn'),(19507,466,'Xã Gio Phong'),(19510,466,'Xã Gio Mỹ'),(19513,466,'Xã Vĩnh Trường'),(19516,466,'Xã Gio Bình'),(19519,466,'Xã Gio Hải'),(19522,466,'Xã Gio An'),(19525,466,'Xã Gio Châu'),(19528,466,'Xã Gio Thành'),(19531,466,'Xã Gio Việt'),(19534,466,'Xã Linh Thượng'),(19537,466,'Xã Gio Sơn'),(19540,466,'Xã Gio Hòa'),(19543,466,'Xã Gio Mai'),(19546,466,'Xã Hải Thái'),(19549,466,'Xã Linh Hải'),(19552,466,'Xã Gio Quang'),(19555,467,'Thị Trấn Krông Klang'),(19558,467,'Xã Mò Ó'),(19561,467,'Xã Hướng Hiệp'),(19564,467,'Xã Đa Krông'),(19567,467,'Xã Triệu Nguyên'),(19570,467,'Xã Ba Lòng'),(19573,467,'Xã Hải Phúc'),(19576,467,'Xã Ba Nang'),(19579,467,'Xã Tà Long'),(19582,467,'Xã Húc Nghì'),(19585,467,'Xã A Vao'),(19588,467,'Xã Tà Rụt'),(19591,467,'Xã A Bung'),(19594,467,'Xã A Ngo'),(19597,468,'Thị Trấn Cam Lộ'),(19600,468,'Xã Cam Tuyền'),(19603,468,'Xã Cam An'),(19606,468,'Xã Cam Thủy'),(19609,468,'Xã Cam Thanh'),(19612,468,'Xã Cam Thành'),(19615,468,'Xã Cam Hiếu'),(19618,468,'Xã Cam Chính'),(19621,468,'Xã Cam Nghĩa'),(19624,469,'Thị Trấn Ái Tử'),(19627,469,'Xã Triệu An'),(19630,469,'Xã Triệu Vân'),(19633,469,'Xã Triệu Phước'),(19636,469,'Xã Triệu Độ'),(19639,469,'Xã Triệu Trạch'),(19642,469,'Xã Triệu Thuận'),(19645,469,'Xã Triệu Đại'),(19648,469,'Xã Triệu Hòa'),(19651,469,'Xã Triệu Lăng'),(19654,469,'Xã Triệu Sơn'),(19657,469,'Xã Triệu Long'),(19660,469,'Xã Triệu Tài'),(19663,469,'Xã Triệu Đông'),(19666,469,'Xã Triệu Trung'),(19669,469,'Xã Triệu Ái'),(19672,469,'Xã Triệu Thượng'),(19675,469,'Xã Triệu Giang'),(19678,469,'Xã Triệu Thành'),(19681,470,'Thị Trấn Hải Lăng'),(19684,470,'Xã Hải An'),(19687,470,'Xã Hải Ba'),(19690,470,'Xã Hải Xuân'),(19693,470,'Xã Hải Quy'),(19696,470,'Xã Hải Quế'),(19699,470,'Xã Hải Vĩnh'),(19702,470,'Xã Hải Phú'),(19705,462,'Xã Hải Lệ'),(19708,470,'Xã Hải Thượng'),(19711,470,'Xã Hải Dương'),(19714,470,'Xã Hải Thiện'),(19717,470,'Xã Hải Lâm'),(19720,470,'Xã Hải Thành'),(19723,470,'Xã Hải Hòa'),(19726,470,'Xã Hải Tân'),(19729,470,'Xã Hải Trường'),(19732,470,'Xã Hải Thọ'),(19735,470,'Xã Hải Sơn'),(19738,470,'Xã Hải Chánh'),(19741,470,'Xã Hải Khê'),(19744,474,'Phường Phú Thuận'),(19747,474,'Phường Phú Bình'),(19750,474,'Phường Tây Lộc'),(19753,474,'Phường Thuận Lộc'),(19756,474,'Phường Phú Hiệp'),(19759,474,'Phường Phú Hậu'),(19762,474,'Phường Thuận Hòa'),(19765,474,'Phường Thuận Thành'),(19768,474,'Phường Phú Hòa'),(19771,474,'Phường Phú Cát'),(19774,474,'Phường Kim Long'),(19777,474,'Phường Vĩ Dạ'),(19780,474,'Phường Phường Đúc'),(19783,474,'Phường Vĩnh Ninh'),(19786,474,'Phường Phú Hội'),(19789,474,'Phường Phú Nhuận'),(19792,474,'Phường Xuân Phú'),(19795,474,'Phường Trường An'),(19798,474,'Phường Phước Vĩnh'),(19801,474,'Phường An Cựu'),(19803,474,'Phường An Hoà'),(19804,474,'Phường Hương Sơ'),(19807,474,'Xã Thủy Biều'),(19810,474,'Xã Hương Long'),(19813,474,'Xã Thủy Xuân'),(19815,474,'Phường An Đông'),(19816,474,'Phường An Tây'),(19819,476,'Thị Trấn Phong Điền'),(19822,476,'Xã Điền Hương'),(19825,476,'Xã Điền Môn'),(19828,476,'Xã Điền Lộc'),(19831,476,'Xã Phong Bình'),(19834,476,'Xã Điền Hòa'),(19837,476,'Xã Phong Chương'),(19840,476,'Xã Phong Hải'),(19843,476,'Xã Điền Hải'),(19846,476,'Xã Phong Hòa'),(19849,476,'Xã Phong Thu'),(19852,476,'Xã Phong Hiền'),(19855,476,'Xã Phong Mỹ'),(19858,476,'Xã Phong An'),(19861,476,'Xã Phong Xuân'),(19864,476,'Xã Phong Sơn'),(19867,477,'Thị Trấn Sịa'),(19870,477,'Xã Quảng Thái'),(19873,477,'Xã Quảng Ngạn'),(19876,477,'Xã Quảng Lợi'),(19879,477,'Xã Quảng Công'),(19882,477,'Xã Quảng Phước'),(19885,477,'Xã Quảng Vinh'),(19888,477,'Xã Quảng An'),(19891,477,'Xã Quảng Thành'),(19894,477,'Xã Quảng Thọ'),(19897,477,'Xã Quảng Phú'),(19900,478,'Thị Trấn Thuận An'),(19903,478,'Xã Phú Thuận'),(19906,478,'Xã Phú Dương'),(19909,478,'Xã Phú Mậu'),(19912,478,'Xã Phú An'),(19915,478,'Xã Phú Hải'),(19918,478,'Xã Phú Xuân'),(19921,478,'Xã Phú Diên'),(19924,478,'Xã Phú Thanh'),(19927,478,'Xã Phú Mỹ'),(19930,478,'Xã Phú Thượng'),(19933,478,'Xã Phú Hồ'),(19936,478,'Xã Vinh Xuân'),(19939,478,'Xã Phú Lương'),(19942,478,'Xã Phú Đa'),(19945,478,'Xã Vinh Thanh'),(19948,478,'Xã Vinh An'),(19951,478,'Xã Vinh Phú'),(19954,478,'Xã Vinh Thái'),(19957,478,'Xã Vinh Hà'),(19960,479,'Thị Trấn Phú Bài'),(19963,479,'Xã Thủy Vân'),(19966,479,'Xã Thủy Thanh'),(19969,479,'Xã Thủy Dương'),(19972,479,'Xã Thủy Phương'),(19975,479,'Xã Thủy Châu'),(19978,479,'Xã Thủy Lương'),(19981,479,'Xã Thủy Bằng'),(19984,479,'Xã Thủy Tân'),(19987,479,'Xã Thủy Phù'),(19990,479,'Xã Phú Sơn'),(19993,479,'Xã Dương Hòa'),(19996,480,'Thị Trấn Tứ Hạ'),(19999,480,'Xã Hải Dương'),(20002,480,'Xã Hương Phong'),(20005,480,'Xã Hương Toàn'),(20008,480,'Xã Hương Vân'),(20011,480,'Xã Hương Văn'),(20014,480,'Xã Hương Vinh'),(20017,480,'Xã Hương Xuân'),(20020,480,'Xã Hương Chữ'),(20023,480,'Xã Hương An'),(20026,480,'Xã Hương Bình'),(20029,480,'Xã Hương Hồ'),(20032,480,'Xã Hương Thọ'),(20035,480,'Xã Bình Điền'),(20038,480,'Xã Hồng Tiến'),(20041,480,'Xã Bình Thành'),(20044,481,'Thị Trấn A Lưới'),(20047,481,'Xã Hồng Vân'),(20050,481,'Xã Hồng Hạ'),(20053,481,'Xã Hồng Kim'),(20056,481,'Xã Hồng Trung'),(20059,481,'Xã Hương Nguyên'),(20062,481,'Xã Bắc Sơn'),(20065,481,'Xã Hồng Bắc'),(20068,481,'Xã A Ngo'),(20071,481,'Xã Sơn Thủy'),(20074,481,'Xã Phú Vinh'),(20077,481,'Xã Hồng Quảng'),(20080,481,'Xã Hương Phong'),(20083,481,'Xã Nhâm'),(20086,481,'Xã Hồng Thượng'),(20089,481,'Xã Hồng Thái'),(20092,481,'Xã Hương Lâm'),(20095,481,'Xã A Roằng'),(20098,481,'Xã Đông Sơn'),(20101,481,'Xã A Đớt'),(20104,481,'Xã Hồng Thủy'),(20107,482,'Thị Trấn Phú Lộc'),(20110,482,'Thị Trấn Lăng Cô'),(20113,482,'Xã Vinh Mỹ'),(20116,482,'Xã Vinh Hưng'),(20119,482,'Xã Vinh Hải'),(20122,482,'Xã Vinh Giang'),(20125,482,'Xã Vinh Hiền'),(20128,482,'Xã Lộc Bổn'),(20131,482,'Xã Lộc Sơn'),(20134,482,'Xã Lộc Bình'),(20137,482,'Xã Lộc Vĩnh'),(20140,482,'Xã Lộc An'),(20143,482,'Xã Lộc Điền'),(20146,482,'Xã Lộc Thủy'),(20149,482,'Xã Lộc Trì'),(20152,482,'Xã Lộc Tiến'),(20155,482,'Xã Lộc Hòa'),(20158,482,'Xã Xuân Lộc'),(20161,483,'Thị Trấn Khe Tre'),(20164,483,'Xã Hương Phú'),(20167,483,'Xã Hương Sơn'),(20170,483,'Xã Hương Lộc'),(20173,483,'Xã Thượng Quảng'),(20176,483,'Xã Hương Hoà'),(20179,483,'Xã Hương Giang'),(20182,483,'Xã Hương Hữu'),(20185,483,'Xã Thượng Lộ'),(20188,483,'Xã Thượng Long'),(20191,483,'Xã Thượng Nhật'),(20194,490,'Phường Hoà Hiệp Băc'),(20195,490,'Phường Hoà Hiệp Nam'),(20197,490,'Phường Hoà Khánh Băc'),(20198,490,'Phường Hoà Khánh Nam'),(20200,490,'Phường Hoà Minh'),(20203,491,'Phường Tam Thuận'),(20206,491,'Phường Thanh Kê Tây'),(20207,491,'Phường Thanh Khê Đông'),(20209,491,'Phường Xuân Hà'),(20212,491,'Phường Tân Chính'),(20215,491,'Phường Chính Gián'),(20218,491,'Phường Vĩnh Trung'),(20221,491,'Phường Thạc Gián'),(20224,491,'Phường An Khê'),(20225,491,'Phường Hoà Khê'),(20227,492,'Phường Thanh Bình'),(20230,492,'Phường Thuận Phước'),(20233,492,'Phường Thạch Thang'),(20236,492,'Phường Hải Châu I'),(20239,492,'Phường Hải Châu Ii'),(20242,492,'Phường Phước Ninh'),(20245,492,'Phường Hoà Thuận Tây'),(20246,492,'Phường Hoà Thuận Đông'),(20248,492,'Phường Nam Dương'),(20251,492,'Phường Bình Hiên'),(20254,492,'Phường Bình Thuận'),(20257,492,'Phường Hoà Cường Bắc'),(20258,492,'Phường Hoà Cường Nam'),(20260,495,'Phường Khuê Trung'),(20263,493,'Phường Thọ Quang'),(20266,493,'Phường Nại Hiên Đông'),(20269,493,'Phường Mân Thái'),(20272,493,'Phường An Hải Bắc'),(20275,493,'Phường Phước Mỹ'),(20278,493,'Phường An Hải Tây'),(20281,493,'Phường An Hải Đông'),(20284,494,'Phường Mỹ An'),(20285,494,'Phường Khuê Mỹ'),(20287,494,'Phường Hoà Quý'),(20290,494,'Phường Hoà Hải'),(20293,497,'Xã Hoà Bắc'),(20296,497,'Xã Hoà Liên'),(20299,497,'Xã Hoà Ninh'),(20302,497,'Xã Hoà Sơn'),(20305,495,'Phường Hoà Phát'),(20306,495,'Phường Hoà An'),(20308,497,'Xã Hoà Nhơn'),(20311,495,'Phường Hoà Thọ Tây'),(20312,495,'Phường Hoà Thọ Đông'),(20314,495,'Phường Hoà Xuân'),(20317,497,'Xã Hoà Phú'),(20320,497,'Xã Hoà Phong'),(20323,497,'Xã Hoà Châu'),(20326,497,'Xã Hoà Tiến'),(20329,497,'Xã Hoà Phước'),(20332,497,'Xã Hoà Khương'),(20335,502,'Phường Tân Thạnh'),(20338,502,'Phường Phước Hòa'),(20341,502,'Phường An Mỹ'),(20344,502,'Phường Hòa Hương'),(20347,502,'Phường An Xuân'),(20350,502,'Phường An Sơn'),(20353,502,'Phường Trường Xuân'),(20356,502,'Phường An Phú'),(20359,502,'Xã Tam Thanh'),(20362,502,'Xã Tam Thăng'),(20364,518,'Thị Trấn Phú Thịnh'),(20365,518,'Xã Tam Thành'),(20368,518,'Xã Tam An'),(20371,502,'Xã Tam Phú'),(20374,518,'Xã Tam Đàn'),(20375,502,'Phường Hoà Thuận'),(20377,518,'Xã Tam Lộc'),(20380,518,'Xã Tam Phước'),(20383,518,'Xã Tam Vinh'),(20386,518,'Xã Tam Thái'),(20387,518,'Xã Tam Đại'),(20389,502,'Xã Tam Ngọc'),(20392,518,'Xã Tam Dân'),(20395,518,'Xã Tam Lãnh'),(20398,503,'Phường Minh An'),(20401,503,'Phường Tân An'),(20404,503,'Phường Cẩm Phô'),(20407,503,'Phường Thanh Hà'),(20410,503,'Phường Sơn Phong'),(20413,503,'Phường Cẩm Châu'),(20416,503,'Phường Cửa Đại'),(20419,503,'Phường Cẩm An'),(20422,503,'Xã Cẩm Hà'),(20425,503,'Xã Cẩm Kim'),(20428,503,'Phường Cẩm Nam'),(20431,503,'Xã Cẩm Thanh'),(20434,503,'Xã Tân Hiệp'),(20437,504,'Xã A Vương'),(20440,504,'Xã Bha Lê'),(20443,504,'Xã A Nông'),(20446,504,'Xã A Tiêng'),(20449,504,'Xã Lăng'),(20452,504,'Xã A Xan'),(20455,504,'Xã Tr\'hy'),(20458,504,'Xã Dang'),(20461,504,'Xã Ch\'ơm'),(20464,504,'Xã Ga Ri'),(20467,505,'Thị Trấn P Rao'),(20470,505,'Xã Tà Lu'),(20473,505,'Xã Sông Kôn'),(20476,505,'Xã Jơ Ngây'),(20479,505,'Xã A Ting'),(20482,505,'Xã Tư'),(20485,505,'Xã Ba'),(20488,505,'Xã A Rooi'),(20491,505,'Xã Za Hung'),(20494,505,'Xã Mà Cooi'),(20497,505,'Xã Ka Dăng'),(20500,506,'Thị Trấn Ái Nghĩa'),(20503,506,'Xã Đại Sơn'),(20506,506,'Xã Đại Lãnh'),(20509,506,'Xã Đại Hưng'),(20512,506,'Xã Đại Hồng'),(20515,506,'Xã Đại Đồng'),(20518,506,'Xã Đại Quang'),(20521,506,'Xã Đại Nghĩa'),(20524,506,'Xã Đại Hiệp'),(20527,506,'Xã Đại Thạnh'),(20530,506,'Xã Đại Chánh'),(20533,506,'Xã Đại Tân'),(20536,506,'Xã Đại Phong'),(20539,506,'Xã Đại Minh'),(20542,506,'Xã Đại Thắng'),(20545,506,'Xã Đại Cường'),(20547,506,'Xã Đại An'),(20548,506,'Xã Đại Hòa'),(20551,507,'Thị Trấn Vĩnh Điện'),(20554,507,'Xã Điện Tiến'),(20557,507,'Xã Điện Hòa'),(20560,507,'Xã Điện Thắng Bắc'),(20561,507,'Xã Điện Thắng Trung'),(20562,507,'Xã Điện Thắng Nam'),(20563,507,'Xã Điện Ngọc'),(20566,507,'Xã Điện Hồng'),(20569,507,'Xã Điện Thọ'),(20572,507,'Xã Điện Phước'),(20575,507,'Xã Điện An'),(20578,507,'Xã Điện Nam Bắc'),(20579,507,'Xã Điện Nam Trung'),(20580,507,'Xã Điện Nam Đông'),(20581,507,'Xã Điện Dương'),(20584,507,'Xã Điện Quang'),(20587,507,'Xã Điện Trung'),(20590,507,'Xã Điện Phong'),(20593,507,'Xã Điện Minh'),(20596,507,'Xã Điện Phương'),(20599,508,'Thị Trấn Nam Phước'),(20602,508,'Xã Duy Thu'),(20605,508,'Xã Duy Phú'),(20608,508,'Xã Duy Tân'),(20611,508,'Xã Duy Hòa'),(20614,508,'Xã Duy Châu'),(20617,508,'Xã Duy Trinh'),(20620,508,'Xã Duy Sơn'),(20623,508,'Xã Duy Trung'),(20626,508,'Xã Duy Phước'),(20629,508,'Xã Duy Thành'),(20632,508,'Xã Duy Vinh'),(20635,508,'Xã Duy Nghĩa'),(20638,508,'Xã Duy Hải'),(20641,509,'Thị Trấn Đông Phú'),(20644,509,'Xã Quế Xuân 1'),(20647,509,'Xã Quế Xuân 2'),(20650,509,'Xã Quế Phú'),(20651,509,'Xã Hương An'),(20653,509,'Xã Quế Cường'),(20656,519,'Xã Quế Trung'),(20659,509,'Xã Quế Hiệp'),(20662,509,'Xã Quế Thuận'),(20665,509,'Xã Phú Thọ'),(20668,519,'Xã Quế Ninh'),(20669,519,'Xã Phước Ninh'),(20671,519,'Xã Quế Lộc'),(20672,519,'Xã Sơn Viên'),(20674,519,'Xã Quế Phước'),(20677,509,'Xã Quế Long'),(20680,509,'Xã Quế Châu'),(20683,509,'Xã Quế Phong'),(20686,509,'Xã Quế An'),(20689,509,'Xã Quế Minh'),(20692,519,'Xã Quế Lâm'),(20695,510,'Thị Trấn Thạnh Mỹ'),(20698,510,'Xã La Êê'),(20701,510,'Xã Zuôich'),(20704,510,'Xã La Dêê'),(20707,510,'Xã Chà Vàl'),(20710,510,'Xã Tà Bhinh'),(20713,510,'Xã Cà Dy'),(20716,510,'Xã Đắc Pre'),(20719,510,'Xã Đắc Pring'),(20722,511,'Thị Trấn Khâm Đức'),(20725,511,'Xã Phước Xuân'),(20728,511,'Xã Phước Hiệp'),(20729,511,'Xã Phước Hoà'),(20731,511,'Xã Phước Đức'),(20734,511,'Xã Phước Năng'),(20737,511,'Xã Phước Mỹ'),(20740,511,'Xã Phước Chánh'),(20743,511,'Xã Phước Công'),(20746,511,'Xã Phước Kim'),(20749,511,'Xã Phước Lộc'),(20752,511,'Xã Phước Thành'),(20755,512,'Thị Trấn Tân An'),(20758,512,'Xã Hiệp Hòa'),(20761,512,'Xã Hiệp Thuận'),(20764,512,'Xã Quế Thọ'),(20767,512,'Xã Bình Lâm'),(20770,512,'Xã Sông Trà'),(20773,512,'Xã Phước Trà'),(20776,512,'Xã Phước Gia'),(20779,512,'Xã Quế Bình'),(20782,512,'Xã Quế Lưu'),(20785,512,'Xã Thăng Phước'),(20788,512,'Xã Bình Sơn'),(20791,513,'Thị Trấn Hà Lam'),(20794,513,'Xã Bình Dương'),(20797,513,'Xã Bình Giang'),(20800,513,'Xã Bình Nguyên'),(20803,513,'Xã Bình Phục'),(20806,513,'Xã Bình Triều'),(20809,513,'Xã Bình Đào'),(20812,513,'Xã Bình Minh'),(20815,513,'Xã Bình Lãnh'),(20818,513,'Xã Bình Trị'),(20821,513,'Xã Bình Định Bắc'),(20822,513,'Xã Bình Định Nam'),(20824,513,'Xã Bình Quý'),(20827,513,'Xã Bình Phú'),(20830,513,'Xã Bình Chánh'),(20833,513,'Xã Bình Tú'),(20836,513,'Xã Bình Sa'),(20839,513,'Xã Bình Hải'),(20842,513,'Xã Bình Quế'),(20845,513,'Xã Bình An'),(20848,513,'Xã Bình Trung'),(20851,513,'Xã Bình Nam'),(20854,514,'Thị Trấn Tiên Kỳ'),(20857,514,'Xã Tiên Sơn'),(20860,514,'Xã Tiên Hà'),(20863,514,'Xã Tiên Cẩm'),(20866,514,'Xã Tiên Châu'),(20869,514,'Xã Tiên Lãnh'),(20872,514,'Xã Tiên Ngọc'),(20875,514,'Xã Tiên Hiệp'),(20878,514,'Xã Tiên Cảnh'),(20881,514,'Xã Tiên Mỹ'),(20884,514,'Xã Tiên Phong'),(20887,514,'Xã Tiên Thọ'),(20890,514,'Xã Tiên An'),(20893,514,'Xã Tiên Lộc'),(20896,514,'Xã Tiên Lập'),(20899,515,'Thị Trấn Trà My'),(20900,515,'Xã Trà Sơn'),(20902,515,'Xã Trà Kót'),(20905,515,'Xã Trà Nú'),(20908,515,'Xã Trà Đông'),(20911,515,'Xã Trà Dương'),(20914,515,'Xã Trà Giang'),(20917,515,'Xã Trà Bui'),(20920,515,'Xã Trà Đốc'),(20923,515,'Xã Trà Tân'),(20926,515,'Xã Trà Giác'),(20929,515,'Xã Trà Giáp'),(20932,515,'Xã Trà Ka'),(20935,516,'Xã Trà Leng'),(20938,516,'Xã Trà Dơn'),(20941,516,'Xã Trà Tập'),(20944,516,'Xã Trà Mai'),(20947,516,'Xã Trà Cang'),(20950,516,'Xã Trà Linh'),(20953,516,'Xã Trà Nam'),(20956,516,'Xã Trà Don'),(20959,516,'Xã Trà Vân'),(20962,516,'Xã Trà Vinh'),(20965,517,'Thị Trấn Núi Thành'),(20968,517,'Xã Tam Xuân I'),(20971,517,'Xã Tam Xuân Ii'),(20974,517,'Xã Tam Tiến'),(20977,517,'Xã Tam Sơn'),(20980,517,'Xã Tam Thạnh'),(20983,517,'Xã Tam Anh Bắc'),(20984,517,'Xã Tam Anh Nam'),(20986,517,'Xã Tam Hòa'),(20989,517,'Xã Tam Hiệp'),(20992,517,'Xã Tam Hải'),(20995,517,'Xã Tam Giang'),(20998,517,'Xã Tam Quang'),(21001,517,'Xã Tam Nghĩa'),(21004,517,'Xã Tam Mỹ Đông'),(21005,517,'Xã Tam Mỹ Tây'),(21007,517,'Xã Tam Trà'),(21010,522,'Phường Lê Hồng Phong'),(21013,522,'Phường Trần Phú'),(21016,522,'Phường Quảng Phú'),(21019,522,'Phường Nghĩa Chánh'),(21022,522,'Phường Trần Hưng Đạo'),(21025,522,'Phường Nguyễn Nghiêm'),(21028,522,'Phường Nghĩa Lộ'),(21031,522,'Phường Chánh Lộ'),(21034,522,'Xã Nghĩa Dũng'),(21037,522,'Xã Nghĩa Dõng'),(21040,524,'Thị Trấn Châu Ổ'),(21043,524,'Xã Bình Thuận'),(21046,524,'Xã Bình Thạnh'),(21049,524,'Xã Bình Đông'),(21052,524,'Xã Bình Chánh'),(21055,524,'Xã Bình Nguyên'),(21058,524,'Xã Bình Khương'),(21061,524,'Xã Bình Trị'),(21064,524,'Xã Bình An'),(21067,524,'Xã Bình Hải'),(21070,524,'Xã Bình Dương'),(21073,524,'Xã Bình Phước'),(21076,524,'Xã Bình Thới'),(21079,524,'Xã Bình Hòa'),(21082,524,'Xã Bình Trung'),(21085,524,'Xã Bình Minh'),(21088,524,'Xã Bình Long'),(21091,524,'Xã Bình Thanh Tây'),(21094,524,'Xã Bình Phú'),(21097,524,'Xã Bình Thanh Đông'),(21100,524,'Xã Bình Chương'),(21103,524,'Xã Bình Hiệp'),(21106,524,'Xã Bình Mỹ'),(21109,524,'Xã Bình Tân'),(21112,524,'Xã Bình Châu'),(21115,525,'Thị Trấn Trà Xuân'),(21118,525,'Xã Trà Giang'),(21121,525,'Xã Trà Thủy'),(21124,525,'Xã Trà Hiệp'),(21127,525,'Xã Trà Bình'),(21130,525,'Xã Trà Phú'),(21133,525,'Xã Trà Lâm'),(21136,525,'Xã Trà Tân'),(21139,525,'Xã Trà Sơn'),(21142,525,'Xã Trà Bùi'),(21145,526,'Xã Trà Thanh'),(21148,526,'Xã Trà Khê'),(21151,526,'Xã Trà Quân'),(21154,526,'Xã Trà Phong'),(21157,526,'Xã Trà Lãnh'),(21160,526,'Xã Trà Nham'),(21163,526,'Xã Trà Xinh'),(21166,526,'Xã Trà Thọ'),(21169,526,'Xã Trà Trung'),(21172,527,'Thị Trấn Sơn Tịnh'),(21175,527,'Xã Tịnh Thọ'),(21178,527,'Xã Tịnh Trà'),(21181,527,'Xã Tịnh Phong'),(21184,527,'Xã Tịnh Hiệp'),(21187,527,'Xã Tịnh Hòa'),(21190,527,'Xã Tịnh Kỳ'),(21193,527,'Xã Tịnh Bình'),(21196,527,'Xã Tịnh Đông'),(21199,527,'Xã Tịnh Thiện'),(21202,527,'Xã Tịnh Ấn Đông'),(21205,527,'Xã Tịnh Bắc'),(21208,527,'Xã Tịnh Châu'),(21211,527,'Xã Tịnh Khê'),(21214,527,'Xã Tịnh Long'),(21217,527,'Xã Tịnh Sơn'),(21220,527,'Xã Tịnh Hà'),(21223,527,'Xã Tịnh Ấn Tây'),(21226,527,'Xã Tịnh Giang'),(21229,527,'Xã Tịnh Minh'),(21232,527,'Xã Tịnh An'),(21235,528,'Thị Trấn La Hà'),(21238,528,'Thị Trấn Sông Vệ'),(21241,528,'Xã Nghĩa Lâm'),(21244,528,'Xã Nghĩa Thắng'),(21247,528,'Xã Nghĩa Thuận'),(21250,528,'Xã Nghĩa Kỳ'),(21253,528,'Xã Nghĩa Phú'),(21256,528,'Xã Nghĩa Hà'),(21259,528,'Xã Nghĩa Sơn'),(21262,528,'Xã Nghĩa An'),(21265,528,'Xã Nghĩa Thọ'),(21268,528,'Xã Nghĩa Hòa'),(21271,528,'Xã Nghĩa Điền'),(21274,528,'Xã Nghĩa Thương'),(21277,528,'Xã Nghĩa Trung'),(21280,528,'Xã Nghĩa Hiệp'),(21283,528,'Xã Nghĩa Phương'),(21286,528,'Xã Nghĩa Mỹ'),(21289,529,'Thị Trấn Di Lăng'),(21292,529,'Xã Sơn Hạ'),(21295,529,'Xã Sơn Thành'),(21298,529,'Xã Sơn Nham'),(21301,529,'Xã Sơn Bao'),(21304,529,'Xã Sơn Linh'),(21307,529,'Xã Sơn Giang'),(21310,529,'Xã Sơn Trung'),(21313,529,'Xã Sơn Thượng'),(21316,529,'Xã Sơn Cao'),(21319,529,'Xã Sơn Hải'),(21322,529,'Xã Sơn Thủy'),(21325,529,'Xã Sơn Kỳ'),(21328,529,'Xã Sơn Ba'),(21331,530,'Xã Sơn Bua'),(21334,530,'Xã Sơn Mùa'),(21335,530,'Xã Sơn Liên'),(21337,530,'Xã Sơn Tân'),(21338,530,'Xã Sơn Màu'),(21340,530,'Xã Sơn Dung'),(21341,530,'Xã Sơn Long'),(21343,530,'Xã Sơn Tinh'),(21346,530,'Xã Sơn Lập'),(21349,531,'Xã Long Sơn'),(21352,531,'Xã Long Mai'),(21355,531,'Xã Thanh An'),(21358,531,'Xã Long Môn'),(21361,531,'Xã Long Hiệp'),(21364,532,'Thị Trấn Chợ Chùa'),(21367,532,'Xã Hành Thuận'),(21370,532,'Xã Hành Dũng'),(21373,532,'Xã Hành Trung'),(21376,532,'Xã Hành Nhân'),(21379,532,'Xã Hành Đức'),(21382,532,'Xã Hành Minh'),(21385,532,'Xã Hành Phước'),(21388,532,'Xã Hành Thiện'),(21391,532,'Xã Hành Thịnh'),(21394,532,'Xã Hành Tín Tây'),(21397,532,'Xã Hành Tín Đông'),(21400,533,'Thị Trấn Mộ Đức'),(21403,533,'Xã Đức Lợi'),(21406,533,'Xã Đức Thắng'),(21409,533,'Xã Đức Nhuận'),(21412,533,'Xã Đức Chánh'),(21415,533,'Xã Đức Hiệp'),(21418,533,'Xã Đức Minh'),(21421,533,'Xã Đức Thạnh'),(21424,533,'Xã Đức Hòa'),(21427,533,'Xã Đức Tân'),(21430,533,'Xã Đức Phú'),(21433,533,'Xã Đức Phong'),(21436,533,'Xã Đức Lân'),(21439,534,'Thị Trấn Đức Phổ'),(21442,534,'Xã Phổ An'),(21445,534,'Xã Phổ Phong'),(21448,534,'Xã Phổ Thuận'),(21451,534,'Xã Phổ Văn'),(21454,534,'Xã Phổ Quang'),(21457,534,'Xã Phổ Nhơn'),(21460,534,'Xã Phổ Ninh'),(21463,534,'Xã Phổ Minh'),(21466,534,'Xã Phổ Vinh'),(21469,534,'Xã Phổ Hòa'),(21472,534,'Xã Phổ Cường'),(21475,534,'Xã Phổ Khánh'),(21478,534,'Xã Phổ Thạnh'),(21481,534,'Xã Phổ Châu'),(21484,535,'Thị Trấn Ba Tơ'),(21487,535,'Xã Ba Điền'),(21490,535,'Xã Ba Vinh'),(21493,535,'Xã Ba Thành'),(21496,535,'Xã Ba Động'),(21499,535,'Xã Ba Dinh'),(21500,535,'Xã Ba Giang'),(21502,535,'Xã Ba Liên'),(21505,535,'Xã Ba Ngạc'),(21508,535,'Xã Ba Khâm'),(21511,535,'Xã Ba Cung'),(21514,535,'Xã Ba Chùa'),(21517,535,'Xã Ba Tiêu'),(21520,535,'Xã Ba Trang'),(21523,535,'Xã Ba Tô'),(21526,535,'Xã Ba Bích'),(21529,535,'Xã Ba Vì'),(21532,535,'Xã Ba Lế'),(21535,535,'Xã Ba Nam'),(21538,535,'Xã Ba Xa'),(21541,536,'Xã An Vĩnh'),(21544,536,'Xã An Hải'),(21547,536,'Xã An Bình'),(21550,540,'Phường Nhơn Bình'),(21553,540,'Phường Nhơn Phú'),(21556,540,'Phường Đống Đa'),(21559,540,'Phường Trần Quang Diệu'),(21562,540,'Phường Hải Cảng'),(21565,540,'Phường Quang Trung'),(21568,540,'Phường Thị Nại'),(21571,540,'Phường Lê Hồng Phong'),(21574,540,'Phường Trần Hưng Đạo'),(21577,540,'Phường Ngô Mây'),(21580,540,'Phường Lý Thường Kiệt'),(21583,540,'Phường Lê Lợi'),(21586,540,'Phường Trần Phú'),(21589,540,'Phường Bùi Thị Xuân'),(21592,540,'Phường Nguyễn Văn Cừ'),(21595,540,'Phường Ghềnh Ráng'),(21598,540,'Xã Nhơn Lý'),(21601,540,'Xã Nhơn Hội'),(21604,540,'Xã Nhơn Hải'),(21607,540,'Xã Nhơn Châu'),(21609,542,'Thị Trấn An Lão'),(21610,542,'Xã An Hưng'),(21613,542,'Xã An Trung'),(21616,542,'Xã An Dũng'),(21619,542,'Xã An Vinh'),(21622,542,'Xã An Toàn'),(21625,542,'Xã An Tân'),(21628,542,'Xã An Hòa'),(21631,542,'Xã An Quang'),(21634,542,'Xã An Nghĩa'),(21637,543,'Thị Trấn Tam Quan'),(21640,543,'Thị Trấn Bồng Sơn'),(21643,543,'Xã Hoài Sơn'),(21646,543,'Xã Hoài Châu Bắc'),(21649,543,'Xã Hoài Châu'),(21652,543,'Xã Hoài Phú'),(21655,543,'Xã Tam Quan Bắc'),(21658,543,'Xã Tam Quan Nam'),(21661,543,'Xã Hoài Hảo'),(21664,543,'Xã Hoài Thanh Tây'),(21667,543,'Xã Hoài Thanh'),(21670,543,'Xã Hoài Hương'),(21673,543,'Xã Hoài Tân'),(21676,543,'Xã Hoài Hải'),(21679,543,'Xã Hoài Xuân'),(21682,543,'Xã Hoài Mỹ'),(21685,543,'Xã Hoài Đức'),(21688,544,'Thị Trấn Tăng Bạt Hổ'),(21690,544,'Xã Ân Hảo Tây'),(21691,544,'Xã Ân Hảo Đông'),(21694,544,'Xã Ân Sơn'),(21697,544,'Xã Ân Mỹ'),(21700,544,'Xã Dak Mang'),(21703,544,'Xã Ân Tín'),(21706,544,'Xã Ân Thạnh'),(21709,544,'Xã Ân Phong'),(21712,544,'Xã Ân Đức'),(21715,544,'Xã Ân Hữu'),(21718,544,'Xã Bok Tới'),(21721,544,'Xã Ân Tường Tây'),(21724,544,'Xã Ân Tường Đông'),(21727,544,'Xã Ân Nghĩa'),(21730,545,'Thị Trấn Phù Mỹ'),(21733,545,'Thị Trấn Bình Dương'),(21736,545,'Xã Mỹ Đức'),(21739,545,'Xã Mỹ Châu'),(21742,545,'Xã Mỹ Thắng'),(21745,545,'Xã Mỹ Lộc'),(21748,545,'Xã Mỹ Lợi'),(21751,545,'Xã Mỹ An'),(21754,545,'Xã Mỹ Phong'),(21757,545,'Xã Mỹ Trinh'),(21760,545,'Xã Mỹ Thọ'),(21763,545,'Xã Mỹ Hòa'),(21766,545,'Xã Mỹ Thành'),(21769,545,'Xã Mỹ Chánh'),(21772,545,'Xã Mỹ Quang'),(21775,545,'Xã Mỹ Hiệp'),(21778,545,'Xã Mỹ Tài'),(21781,545,'Xã Mỹ Cát'),(21784,545,'Xã Mỹ Chánh Tây'),(21786,546,'Thị Trấn Vĩnh Thạnh'),(21787,546,'Xã Vĩnh Sơn'),(21790,546,'Xã Vĩnh Kim'),(21796,546,'Xã Vĩnh Hiệp'),(21799,546,'Xã Vĩnh Hảo'),(21801,546,'Xã Vĩnh Hoà'),(21802,546,'Xã Vĩnh Thịnh'),(21804,546,'Xã Vĩnh Thuận'),(21805,546,'Xã Vĩnh Quang'),(21808,547,'Thị Trấn Phú Phong'),(21811,547,'Xã Bình Tân'),(21814,547,'Xã Tây Thuận'),(21817,547,'Xã Bình Thuận'),(21820,547,'Xã Tây Giang'),(21823,547,'Xã Bình Thành'),(21826,547,'Xã Tây An'),(21829,547,'Xã Bình Hòa'),(21832,547,'Xã Tây Bình'),(21835,547,'Xã Bình Tường'),(21838,547,'Xã Tây Vinh'),(21841,547,'Xã Vĩnh An'),(21844,547,'Xã Tây Xuân'),(21847,547,'Xã Bình Nghi'),(21850,547,'Xã Tây Phú'),(21853,548,'Thị Trấn Ngô Mây'),(21856,548,'Xã Cát Sơn'),(21859,548,'Xã Cát Minh'),(21862,548,'Xã Cát Khánh'),(21865,548,'Xã Cát Tài'),(21868,548,'Xã Cát Lâm'),(21871,548,'Xã Cát Hanh'),(21874,548,'Xã Cát Thành'),(21877,548,'Xã Cát Trinh'),(21880,548,'Xã Cát Hải'),(21883,548,'Xã Cát Hiệp'),(21886,548,'Xã Cát Nhơn'),(21889,548,'Xã Cát Hưng'),(21892,548,'Xã Cát Tường'),(21895,548,'Xã Cát Tân'),(21898,548,'Xã Cát Tiến'),(21901,548,'Xã Cát Thắng'),(21904,548,'Xã Cát Chánh'),(21907,549,'Thị Trấn Bình Định'),(21910,549,'Thị Trấn Đập Đá'),(21913,549,'Xã Nhơn Mỹ'),(21916,549,'Xã Nhơn Thành'),(21919,549,'Xã Nhơn Hạnh'),(21922,549,'Xã Nhơn Hậu'),(21925,549,'Xã Nhơn Phong'),(21928,549,'Xã Nhơn An'),(21931,549,'Xã Nhơn Phúc'),(21934,549,'Xã Nhơn Hưng'),(21937,549,'Xã Nhơn Khánh'),(21940,549,'Xã Nhơn Lộc'),(21943,549,'Xã Nhơn Hòa'),(21946,549,'Xã Nhơn Tân'),(21949,549,'Xã Nhơn Thọ'),(21952,550,'Thị Trấn Tuy Phước'),(21955,550,'Thị Trấn Diêu Trì'),(21958,550,'Xã Phước Thắng'),(21961,550,'Xã Phước Hưng'),(21964,550,'Xã Phước Quang'),(21967,550,'Xã Phước Hòa'),(21970,550,'Xã Phước Sơn'),(21973,550,'Xã Phước Hiệp'),(21976,550,'Xã Phước Lộc'),(21979,550,'Xã Phước Nghĩa'),(21982,550,'Xã Phước Thuận'),(21985,550,'Xã Phước An'),(21988,550,'Xã Phước Thành'),(21991,540,'Xã Phước Mỹ'),(21994,551,'Thị Trấn Vân Canh'),(21997,551,'Xã Canh Liên'),(22000,551,'Xã Canh Hiệp'),(22003,551,'Xã Canh Vinh'),(22006,551,'Xã Canh Hiển'),(22009,551,'Xã Canh Thuận'),(22012,551,'Xã Canh Hòa'),(22015,555,'Phường 1'),(22018,555,'Phường 8'),(22021,555,'Phường 2'),(22024,555,'Phường 9'),(22027,555,'Phường 3'),(22030,555,'Phường 4'),(22033,555,'Phường 5'),(22036,555,'Phường 7'),(22039,555,'Phường 6'),(22040,555,'Phường Phú Thạnh'),(22041,555,'Phường Phú Đông'),(22042,555,'Xã Hòa Kiến'),(22045,555,'Xã Bình Kiến'),(22048,555,'Xã Bình Ngọc'),(22051,557,'Phường Xuân Phú'),(22052,557,'Xã Xuân Lâm'),(22053,557,'Phường Xuân Thành'),(22054,557,'Xã Xuân Hải'),(22057,557,'Xã Xuân Lộc'),(22060,557,'Xã Xuân Bình'),(22063,557,'Xã Xuân Hòa'),(22066,557,'Xã Xuân Cảnh'),(22069,557,'Xã Xuân Thịnh'),(22072,557,'Xã Xuân Phương'),(22073,557,'Phường Xuân Yên'),(22075,557,'Xã Xuân Thọ 1'),(22076,557,'Phường Xuân Đài'),(22078,557,'Xã Xuân Thọ 2'),(22081,558,'Thị Trấn La Hai'),(22084,558,'Xã Đa Lộc'),(22087,558,'Xã Phú Mỡ'),(22090,558,'Xã Xuân Lãnh'),(22093,558,'Xã Xuân Long'),(22096,558,'Xã Xuân Quang 1'),(22099,558,'Xã Xuân Sơn Bắc'),(22102,558,'Xã Xuân Quang 2'),(22105,558,'Xã Xuân Sơn Nam'),(22108,558,'Xã Xuân Quang 3'),(22111,558,'Xã Xuân Phước'),(22114,559,'Thị Trấn Chí Thạnh'),(22117,559,'Xã An Dân'),(22120,559,'Xã An Ninh Tây'),(22123,559,'Xã An Ninh Đông'),(22126,559,'Xã An Thạch'),(22129,559,'Xã An Định'),(22132,559,'Xã An Nghiệp'),(22135,559,'Xã An Hải'),(22138,559,'Xã An Cư'),(22141,559,'Xã An Xuân'),(22144,559,'Xã An Lĩnh'),(22147,559,'Xã An Hòa'),(22150,559,'Xã An Hiệp'),(22153,559,'Xã An Mỹ'),(22156,559,'Xã An Chấn'),(22159,559,'Xã An Thọ'),(22162,555,'Xã An Phú'),(22165,560,'Thị Trấn Củng Sơn'),(22168,560,'Xã Phước Tân'),(22171,560,'Xã Sơn Hội'),(22174,560,'Xã Sơn Định'),(22177,560,'Xã Sơn Long'),(22180,560,'Xã Cà Lúi'),(22183,560,'Xã Sơn Phước'),(22186,560,'Xã Sơn Xuân'),(22189,560,'Xã Sơn Nguyên'),(22192,560,'Xã Eachà Rang'),(22195,560,'Xã Krông Pa'),(22198,560,'Xã Suối Bạc'),(22201,560,'Xã Sơn Hà'),(22204,560,'Xã Suối Trai'),(22207,561,'Thị Trấn Hai Riêng'),(22210,561,'Xã Ea Lâm'),(22213,561,'Xã Đức Bình Tây'),(22216,561,'Xã Ea Bá'),(22219,561,'Xã Sơn Giang'),(22222,561,'Xã Đức Bình Đông'),(22225,561,'Xã Ea Bar'),(22228,561,'Xã Ea Bia'),(22231,561,'Xã Eatrol'),(22234,561,'Xã Sông Hinh'),(22237,594,'Phường Bình Tân'),(22240,555,'Phường Phú Lâm'),(22243,564,'Xã Hòa Thành'),(22246,564,'Xã Hòa Hiệp Bắc'),(22249,562,'Xã Sơn Thành Tây'),(22250,562,'Xã Sơn Thành Đông'),(22252,562,'Xã Hòa Bình 1'),(22255,562,'Xã Hòa Bình 2'),(22258,564,'Xã Hòa Vinh'),(22261,564,'Xã Hòa Hiệp Trung'),(22264,562,'Xã Hòa Phong'),(22267,564,'Xã Hòa Tân Đông'),(22270,562,'Xã Hòa Phú'),(22273,562,'Xã Hòa Tân Tây'),(22276,562,'Xã Hòa Đồng'),(22279,564,'Xã Hòa Xuân Tây'),(22282,564,'Xã Hòa Hiệp Nam'),(22285,562,'Xã Hòa Mỹ Đông'),(22288,562,'Xã Hòa Mỹ Tây'),(22291,564,'Xã Hòa Xuân Đông'),(22294,562,'Xã Hòa Thịnh'),(22297,564,'Xã Hòa Tâm'),(22300,564,'Xã Hòa Xuân Nam'),(22303,563,'Xã Hòa Quang Bắc'),(22306,563,'Xã Hoà Quang Nam'),(22309,563,'Xã Hòa Hội'),(22312,563,'Xã Hòa Trị'),(22315,563,'Xã Hòa An'),(22318,563,'Xã Hòa Định Đông'),(22319,563,'Thị Trấn Phú Hoà'),(22321,563,'Xã Hòa Định Tây'),(22324,563,'Xã Hòa Thắng'),(22327,568,'Phường Vĩnh Hoà'),(22330,568,'Phường Vĩnh Hải'),(22333,568,'Phường Vĩnh Phước'),(22336,568,'Phường Ngọc Hiệp'),(22339,568,'Phường Vĩnh Thọ'),(22342,568,'Phường Xương Huân'),(22345,568,'Phường Vạn Thắng'),(22348,568,'Phường Vạn Thạnh'),(22351,568,'Phường Phương Sài'),(22354,568,'Phường Phương Sơn'),(22357,568,'Phường Phước Hải'),(22360,568,'Phường Phước Tân'),(22363,568,'Phường Lộc Thọ'),(22366,568,'Phường Phước Tiến'),(22369,568,'Phường Tân Lập'),(22372,568,'Phường Phước Hòa'),(22375,568,'Phường Vĩnh Nguyên'),(22378,568,'Phường Phước Long'),(22381,568,'Phường Vĩnh Trường'),(22384,568,'Xã Vĩnh Lương'),(22387,568,'Xã Vĩnh Phương'),(22390,568,'Xã Vĩnh Ngọc'),(22393,568,'Xã Vĩnh Thạnh'),(22396,568,'Xã Vĩnh Trung'),(22399,568,'Xã Vĩnh Hiệp'),(22402,568,'Xã Vĩnh Thái'),(22405,568,'Xã Phước Đồng'),(22408,569,'Phường Cam Nghĩa'),(22411,569,'Phường Cam Phúc Bắc'),(22414,569,'Phường Cam Phúc Nam'),(22417,569,'Phường Cam Lộc'),(22420,569,'Phường Cam Phú'),(22423,569,'Phường Ba Ngòi'),(22426,569,'Phường Cam Thuận'),(22429,569,'Phường Cam Lợi'),(22432,569,'Phường Cam Linh'),(22435,570,'Xã Cam Tân'),(22438,570,'Xã Cam Hòa'),(22441,570,'Xã Cam Hải Đông'),(22444,570,'Xã Cam Hải Tây'),(22447,570,'Xã Sơn Tân'),(22450,570,'Xã Cam Hiệp Bắc'),(22453,570,'Thị Trấn Cam Đức'),(22456,570,'Xã Cam Hiệp Nam'),(22459,570,'Xã Cam Phước Tây'),(22462,570,'Xã Cam Thành Bắc'),(22465,570,'Xã Cam An Bắc'),(22468,569,'Xã Cam Thành Nam'),(22471,570,'Xã Cam An Nam'),(22474,569,'Xã Cam Phước Đông'),(22477,569,'Xã Cam Thịnh Tây'),(22480,569,'Xã Cam Thịnh Đông'),(22483,569,'Xã Cam Lập'),(22486,569,'Xã Cam Bình'),(22489,571,'Thị Trấn Vạn Giã'),(22492,571,'Xã Đại Lãnh'),(22495,571,'Xã Vạn Phước'),(22498,571,'Xã Vạn Long'),(22501,571,'Xã Vạn Bình'),(22504,571,'Xã Vạn Thọ'),(22507,571,'Xã Vạn Khánh'),(22510,571,'Xã Vạn Phú'),(22513,571,'Xã Vạn Lương'),(22516,571,'Xã Vạn Thắng'),(22519,571,'Xã Vạn Thạnh'),(22522,571,'Xã Xuân Sơn'),(22525,571,'Xã Vạn Hưng'),(22528,572,'Thị Trấn Ninh Hòa'),(22531,572,'Xã Ninh Sơn'),(22534,572,'Xã Ninh Tây'),(22537,572,'Xã Ninh Thượng'),(22540,572,'Xã Ninh An'),(22543,572,'Xã Ninh Hải'),(22546,572,'Xã Ninh Thọ'),(22549,572,'Xã Ninh Trung'),(22552,572,'Xã Ninh Sim'),(22555,572,'Xã Ninh Xuân'),(22558,572,'Xã Ninh Thân'),(22561,572,'Xã Ninh Diêm'),(22564,572,'Xã Ninh Đông'),(22567,572,'Xã Ninh Thủy'),(22570,572,'Xã Ninh Đa'),(22573,572,'Xã Ninh Phụng'),(22576,572,'Xã Ninh Bình'),(22579,572,'Xã Ninh Phước'),(22582,572,'Xã Ninh Phú'),(22585,572,'Xã Ninh Tân'),(22588,572,'Xã Ninh Quang'),(22591,572,'Xã Ninh Giang'),(22594,572,'Xã Ninh Hà'),(22597,572,'Xã Ninh Hưng'),(22600,572,'Xã Ninh Lộc'),(22603,572,'Xã Ninh Ích'),(22606,572,'Xã Ninh Vân'),(22609,573,'Thị Trấn Khánh Vĩnh'),(22612,573,'Xã Khánh Hiệp'),(22615,573,'Xã Khánh Bình'),(22618,573,'Xã Khánh Trung'),(22621,573,'Xã Khánh Đông'),(22624,573,'Xã Khánh Thượng'),(22627,573,'Xã Khánh Nam'),(22630,573,'Xã Sông Cầu'),(22633,573,'Xã Giang Ly'),(22636,573,'Xã Cầu Bà'),(22639,573,'Xã Liên Sang'),(22642,573,'Xã Khánh Thành'),(22645,573,'Xã Khánh Phú'),(22648,573,'Xã Sơn Thái'),(22651,574,'Thị Trấn Diên Khánh'),(22654,574,'Xã Diên Lâm'),(22657,574,'Xã Diên Điền'),(22660,574,'Xã Diên Xuân'),(22663,574,'Xã Diên Sơn'),(22666,574,'Xã Diên Đồng'),(22669,574,'Xã Diên Phú'),(22672,574,'Xã Diên Thọ'),(22675,574,'Xã Diên Phước'),(22678,574,'Xã Diên Lạc'),(22681,574,'Xã Diên Tân'),(22684,574,'Xã Diên Hòa'),(22687,574,'Xã Diên Thạnh'),(22690,574,'Xã Diên Toàn'),(22693,574,'Xã Diên An'),(22696,574,'Xã Diên Bình'),(22699,574,'Xã Diên Lộc'),(22702,574,'Xã Suối Hiệp'),(22705,574,'Xã Suối Tiên'),(22708,570,'Xã Suối Cát'),(22711,570,'Xã Suối Tân'),(22714,575,'Thị Trấn Tô Hạp'),(22717,575,'Xã Thành Sơn'),(22720,575,'Xã Sơn Lâm'),(22723,575,'Xã Sơn Hiệp'),(22726,575,'Xã Sơn Bình'),(22729,575,'Xã Sơn Trung'),(22732,575,'Xã Ba Cụm Bắc'),(22735,575,'Xã Ba Cụm Nam'),(22736,576,'Thị Trấn Trường Sa'),(22737,576,'Xã Song Tử Tây'),(22738,582,'Phường Đô Vinh'),(22739,576,'Xã Sinh Tồn'),(22741,582,'Phường Phước Mỹ'),(22744,582,'Phường Bảo An'),(22747,582,'Phường Phủ Hà'),(22750,582,'Phường Thanh Sơn'),(22753,582,'Phường Mỹ Hương'),(22756,582,'Phường Tấn Tài'),(22759,582,'Phường Kinh Dinh'),(22762,582,'Phường Đạo Long'),(22765,582,'Phường Đài Sơn'),(22768,582,'Phường Đông Hải'),(22771,582,'Phường Mỹ Đông'),(22774,582,'Xã Thành Hải'),(22777,582,'Phường Văn Hải'),(22779,582,'Phường Mỹ Bình'),(22780,582,'Phường Mỹ Hải'),(22783,584,'Xã Phước Bình'),(22786,584,'Xã Phước Hòa'),(22789,584,'Xã Phước Tân'),(22792,584,'Xã Phước Tiến'),(22795,584,'Xã Phước Thắng'),(22798,584,'Xã Phước Thành'),(22801,584,'Xã Phước Đại'),(22804,584,'Xã Phước Chính'),(22807,584,'Xã Phước Trung'),(22810,585,'Thị Trấn Tân Sơn'),(22813,585,'Xã Lâm Sơn'),(22816,585,'Xã Lương Sơn'),(22819,585,'Xã Quảng Sơn'),(22822,585,'Xã Mỹ Sơn'),(22825,585,'Xã Hòa Sơn'),(22828,585,'Xã Ma Nới'),(22831,585,'Xã Nhơn Sơn'),(22834,586,'Thị Trấn Khánh Hải'),(22837,588,'Xã Phước Chiến'),(22840,588,'Xã Công Hải'),(22843,588,'Xã Phước Kháng'),(22846,586,'Xã Vĩnh Hải'),(22849,588,'Xã Lợi Hải'),(22852,586,'Xã Phương Hải'),(22853,588,'Xã Bắc Sơn'),(22855,586,'Xã Tân Hải'),(22856,588,'Xã Bắc Phong'),(22858,586,'Xã Xuân Hải'),(22861,586,'Xã Hộ Hải'),(22864,586,'Xã Tri Hải'),(22867,586,'Xã Nhơn Hải'),(22868,586,'Xã Thanh Hải'),(22870,587,'Thị Trấn Phước Dân'),(22873,587,'Xã Phước Sơn'),(22876,587,'Xã Phước Thái'),(22879,587,'Xã Phước Hậu'),(22882,587,'Xã Phước Thuận'),(22885,589,'Xã Phước Hà'),(22888,587,'Xã An Hải'),(22891,587,'Xã Phước Hữu'),(22894,587,'Xã Phước Hải'),(22897,589,'Xã Phước Nam'),(22898,589,'Xã Phước Ninh'),(22900,589,'Xã Nhị Hà'),(22903,589,'Xã Phước Dinh'),(22906,589,'Xã Phước Minh'),(22909,589,'Xã Phước Diêm'),(22910,589,'Xã Cà Ná'),(22912,587,'Xã Phước Vinh'),(22915,593,'Phường Mũi Né'),(22918,593,'Phường Hàm Tiến'),(22921,593,'Phường Phú Hài'),(22924,593,'Phường Phú Thủy'),(22927,593,'Phường Phú Tài'),(22930,593,'Phường Phú Trinh'),(22933,593,'Phường Xuân An'),(22936,593,'Phường Thanh Hải'),(22939,593,'Phường Bình Hưng'),(22942,593,'Phường Đức Nghĩa'),(22945,593,'Phường Lạc Đạo'),(22948,593,'Phường Đức Thắng'),(22951,593,'Phường Hưng Long'),(22954,593,'Phường Đức Long'),(22957,593,'Xã Thiện Nghiệp'),(22960,593,'Xã Phong Nẫm'),(22963,593,'Xã Tiến Lợi'),(22966,593,'Xã Tiến Thành'),(22969,595,'Thị Trấn Liên Hương'),(22972,595,'Thị Trấn Phan Rí Cửa'),(22975,595,'Xã Phan Dũng'),(22978,595,'Xã Phong Phú'),(22981,595,'Xã Vĩnh Hảo'),(22984,595,'Xã Vĩnh Tân'),(22987,595,'Xã Phú Lạc'),(22990,595,'Xã Phước Thể'),(22993,595,'Xã Hòa Minh'),(22996,595,'Xã Chí Công'),(22999,595,'Xã Bình Thạnh'),(23002,595,'Xã Hoà Phú'),(23005,596,'Thị Trấn Chợ Lầu'),(23008,596,'Xã Phan Sơn'),(23011,596,'Xã Phan Lâm'),(23014,596,'Xã Bình An'),(23017,596,'Xã Phan Điền'),(23020,596,'Xã Hải Ninh'),(23023,596,'Xã Sông Lũy'),(23026,596,'Xã Phan Tiến'),(23029,596,'Xã Sông Bình'),(23032,596,'Thị Trấn Lương Sơn'),(23035,596,'Xã Phan Hòa'),(23038,596,'Xã Phan Thanh'),(23041,596,'Xã Hồng Thái'),(23044,596,'Xã Phan Hiệp'),(23047,596,'Xã Bình Tân'),(23050,596,'Xã Phan Rí Thành'),(23053,596,'Xã Hòa Thắng'),(23056,596,'Xã Hồng Phong'),(23059,597,'Thị Trấn Ma Lâm'),(23062,597,'Thị Trấn Phú Long'),(23065,597,'Xã La Dạ'),(23068,597,'Xã Đông Tiến'),(23071,597,'Xã Thuận Hòa'),(23074,597,'Xã Đông Giang'),(23077,597,'Xã Hàm Phú'),(23080,597,'Xã Hồng Liêm'),(23083,597,'Xã Thuận Minh'),(23086,597,'Xã Hồng Sơn'),(23089,597,'Xã Hàm Trí'),(23092,597,'Xã Hàm Đức'),(23095,597,'Xã Hàm Liêm'),(23098,597,'Xã Hàm Chính'),(23101,597,'Xã Hàm Hiệp'),(23104,597,'Xã Hàm Thắng'),(23107,597,'Xã Đa Mi'),(23110,598,'Thị Trấn Thuận Nam'),(23113,598,'Xã Mỹ Thạnh'),(23116,598,'Xã Hàm Cần'),(23119,598,'Xã Mương Mán'),(23122,598,'Xã Hàm Thạnh'),(23125,598,'Xã Hàm Kiệm'),(23128,598,'Xã Hàm Cường'),(23131,598,'Xã Hàm Mỹ'),(23134,598,'Xã Tân Lập'),(23137,598,'Xã Hàm Minh'),(23140,598,'Xã Thuận Quí'),(23143,598,'Xã Tân Thuận'),(23146,598,'Xã Tân Thành'),(23149,599,'Thị Trấn Lạc Tánh'),(23152,599,'Xã Bắc Ruộng'),(23155,599,'Xã Măng Tố'),(23158,599,'Xã Nghị Đức'),(23161,599,'Xã La Ngâu'),(23164,599,'Xã Huy Khiêm'),(23167,599,'Xã Đức Tân'),(23170,599,'Xã Đức Phú'),(23173,599,'Xã Đồng Kho'),(23176,599,'Xã Gia An'),(23179,599,'Xã Đức Bình'),(23182,599,'Xã Gia Huynh'),(23185,599,'Xã Đức Thuận'),(23188,599,'Xã Suối Kiết'),(23191,600,'Thị Trấn Võ Xu'),(23194,600,'Thị Trấn Đức Tài'),(23197,600,'Xã Đa Kai'),(23200,600,'Xã Sùng Nhơn'),(23203,600,'Xã Mê Pu'),(23206,600,'Xã Nam Chính'),(23209,600,'Xã Đức Chính'),(23212,600,'Xã Đức Hạnh'),(23215,600,'Xã Đức Tín'),(23218,600,'Xã Vũ Hoà'),(23221,600,'Xã Tân Hà'),(23224,600,'Xã Đông Hà'),(23227,600,'Xã Trà Tân'),(23230,601,'Thị Trấn Tân Minh'),(23231,594,'Phường Phước Hội'),(23232,594,'Phường Phước Lộc'),(23234,594,'Phường Tân Thiện'),(23235,594,'Phường Tân An'),(23236,601,'Thị Trấn Tân Nghĩa'),(23239,601,'Xã Sông Phan'),(23242,601,'Xã Tân Phúc'),(23245,594,'Xã Tân Hải'),(23246,594,'Xã Tân Tiến'),(23248,594,'Xã Tân Bình'),(23251,601,'Xã Tân Đức'),(23254,601,'Xã Tân Thắng'),(23255,601,'Xã Thắng Hải'),(23257,601,'Xã Tân Hà'),(23260,601,'Xã Tân Xuân'),(23266,601,'Xã Sơn Mỹ'),(23268,594,'Xã Tân Phước'),(23272,602,'Xã Ngũ Phụng'),(23275,602,'Xã Long Hải'),(23278,602,'Xã Tam Thanh'),(23281,608,'Phường Quang Trung'),(23284,608,'Phường Duy Tân'),(23287,608,'Phường Quyết Thắng'),(23290,608,'Phường Trường Chinh'),(23293,608,'Phường Thắng Lợi'),(23296,608,'Phường Ngô Mây'),(23299,608,'Phường Thống Nhất'),(23302,608,'Phường Lê Lợi'),(23305,608,'Phường Nguyễn Trãi'),(23308,608,'Phường Trần Hưng Đạo'),(23311,608,'Xã Đắk Cấm'),(23314,608,'Xã Kroong'),(23317,608,'Xã Ngọk Bay'),(23320,608,'Xã Vinh Quang'),(23323,608,'Xã Đắk Blà'),(23326,608,'Xã Ia Chim'),(23327,608,'Xã Đăk Năng'),(23329,608,'Xã Đoàn Kết'),(23332,608,'Xã Chư Hreng'),(23335,608,'Xã Đắk Rơ Wa'),(23338,608,'Xã Hòa Bình'),(23341,610,'Thị Trấn Đắk Glei'),(23344,610,'Xã Đắk Plô'),(23347,610,'Xã Đắk Man'),(23350,610,'Xã Đắk Nhoong'),(23353,610,'Xã Đắk Pék'),(23356,610,'Xã Đắk Choong'),(23359,610,'Xã Xốp'),(23362,610,'Xã Mường Hoong'),(23365,610,'Xã Ngọc Linh'),(23368,610,'Xã Đắk Long'),(23371,610,'Xã Đắk Kroong'),(23374,610,'Xã Đắk Môn'),(23377,611,'Thị Trấn Plei Cần'),(23380,611,'Xã Đắk Ang'),(23383,611,'Xã Đắk Dục'),(23386,611,'Xã Đắk Nông'),(23389,611,'Xã Đắk Xú'),(23392,611,'Xã Đắk Kan'),(23395,611,'Xã Pờ Y'),(23398,611,'Xã Sa Loong'),(23401,612,'Thị Trấn Đắk Tô'),(23404,617,'Xã Ngọk Lây'),(23407,617,'Xã Đắk Na'),(23410,617,'Xã Măng Ri'),(23413,617,'Xã Ngok Yêu'),(23416,617,'Xã Đắk Sao'),(23417,617,'Xã Đăk Rơ Ông'),(23419,617,'Xã Đắk Tơ Kan'),(23422,617,'Xã Tu Mơ Rông'),(23425,617,'Xã Đắk Hà'),(23427,612,'Xã Đăk Rơ Nga'),(23428,612,'Xã Ngọk Tụ'),(23430,612,'Xã Đăk Trăm'),(23431,612,'Xã Văn Lem'),(23434,612,'Xã Kon Đào'),(23437,612,'Xã Tân Cảnh'),(23440,612,'Xã Diên Bình'),(23443,612,'Xã Pô Kô'),(23446,617,'Xã Tê Xăng'),(23449,617,'Xã Văn Xuôi'),(23452,613,'Xã Đắk Nên'),(23455,613,'Xã Đắk Ring'),(23458,613,'Xã Măng Buk'),(23461,613,'Xã Đắk Tăng'),(23464,613,'Xã Ngok Tem'),(23467,613,'Xã Pờ Ê'),(23470,613,'Xã Măng Cành'),(23473,613,'Xã Đắk Long'),(23476,613,'Xã Hiếu'),(23479,614,'Thị Trấn Đắk Rve'),(23482,614,'Xã Đắk Kôi'),(23485,614,'Xã Đắk Tơ Lung'),(23488,614,'Xã Đắk Ruồng'),(23491,614,'Xã Đắk Pne'),(23494,614,'Xã Đắk Tờ Re'),(23497,614,'Xã Tân Lập'),(23500,615,'Thị Trấn Đắk Hà'),(23503,615,'Xã Đắk Pxi'),(23506,615,'Xã Đắk Hring'),(23509,615,'Xã Đắk Ui'),(23512,615,'Xã Đắk Mar'),(23515,615,'Xã Ngok Wang'),(23518,615,'Xã Ngok Réo'),(23521,615,'Xã Hà Mòn'),(23524,615,'Xã Đắk La'),(23527,616,'Thị Trấn Sa Thầy'),(23530,616,'Xã Rơ Kơi'),(23533,616,'Xã Sa Nhơn'),(23534,616,'Xã Hơ Moong'),(23536,616,'Xã Mô Rai'),(23539,616,'Xã Sa Sơn'),(23542,616,'Xã Sa Nghĩa'),(23545,616,'Xã Sa Bình'),(23548,616,'Xã Ya Xiêr'),(23551,616,'Xã Ya Tăng'),(23554,616,'Xã Ya Ly'),(23557,622,'Phường Yên Đỗ'),(23560,622,'Phường Diên Hồng'),(23563,622,'Phường Ia Kring'),(23566,622,'Phường Hội Thương'),(23569,622,'Phường Hội Phú'),(23570,622,'Phường Phù Đổng'),(23572,622,'Phường Hoa Lư'),(23575,622,'Phường Tây Sơn'),(23578,622,'Phường Thống Nhất'),(23579,622,'Phường Đống Đa'),(23581,622,'Phường Trà Bá'),(23582,622,'Phường Thắng Lợi'),(23584,622,'Phường Yên Thế'),(23586,622,'Phường Chi Lăng'),(23587,622,'Xã Chư Hdrông'),(23590,622,'Xã Biển Hồ'),(23593,622,'Xã Tân Sơn'),(23596,622,'Xã Trà Đa'),(23599,622,'Xã Chư Á'),(23602,622,'Xã An Phú'),(23605,622,'Xã Diên Phú'),(23608,622,'Xã Ia Kênh'),(23611,622,'Xã Gào'),(23614,623,'Phường An Bình'),(23617,623,'Phường Tây Sơn'),(23620,623,'Phường An Phú'),(23623,623,'Phường An Tân'),(23626,623,'Xã Tú An'),(23627,623,'Xã Xuân An'),(23629,623,'Xã Cửu An'),(23630,623,'Phường An Phước'),(23632,623,'Xã Song An'),(23633,623,'Phường Ngô Mây'),(23635,623,'Xã Thành An'),(23638,625,'Thị Trấn Kbang'),(23641,625,'Xã Kon Pne'),(23644,625,'Xã Đăk Roong'),(23647,625,'Xã Sơn Lang'),(23650,625,'Xã Krong'),(23653,625,'Xã Sơ Pai'),(23656,625,'Xã Lơ Ku'),(23659,625,'Xã Đông'),(23660,625,'Xã Đak Smar'),(23662,625,'Xã Nghĩa An'),(23665,625,'Xã Tơ Tung'),(23668,625,'Xã Kông Lơng Khơng'),(23671,625,'Xã Kông Pla'),(23674,625,'Xã Đăk Hlơ'),(23677,626,'Thị Trấn Đăk Đoa'),(23680,626,'Xã Hà Đông'),(23683,626,'Xã Đăk Sơmei'),(23684,626,'Xã Đak Krong'),(23686,626,'Xã Hải Yang'),(23689,626,'Xã Kon Gang'),(23692,626,'Xã Hà Bầu'),(23695,626,'Xã Nam Yang'),(23698,626,'Xã K\' Dang'),(23701,626,'Xã H\' Neng'),(23704,626,'Xã Tân Bình'),(23707,626,'Xã Glar'),(23710,626,'Xã A Dơk'),(23713,626,'Xã Trang'),(23714,626,'Xã Hnol'),(23716,626,'Xã Ia Pết'),(23719,626,'Xã Ia Băng'),(23722,627,'Thị Trấn Phú Hòa'),(23725,627,'Xã Hà Tây'),(23728,627,'Xã Ia Khươl'),(23731,627,'Xã Ia Phí'),(23734,627,'Xã Ia Ly'),(23737,627,'Xã Ia Mơ Nông'),(23738,627,'Xã Ia Kreng'),(23740,627,'Xã Đăk Tơ Ver'),(23743,627,'Xã Hòa Phú'),(23746,627,'Xã Chư Đăng Ya'),(23749,627,'Xã Ia Ka'),(23752,627,'Xã Ia Nhin'),(23755,627,'Xã Nghĩa Hòa'),(23758,627,'Xã Chư Jôr'),(23761,627,'Xã Nghĩa Hưng'),(23764,628,'Thị Trấn Ia Kha'),(23767,628,'Xã Ia Sao'),(23768,628,'Xã Ia Yok'),(23770,628,'Xã Ia Hrung'),(23771,628,'Xã Ia Bă'),(23773,628,'Xã Ia Khai'),(23776,628,'Xã Ia Krai'),(23778,628,'Xã Ia Grăng'),(23779,628,'Xã Ia Tô'),(23782,628,'Xã Ia O'),(23785,628,'Xã Ia Dêr'),(23788,628,'Xã Ia Chia'),(23791,628,'Xã Ia Pếch'),(23794,629,'Thị Trấn Kon Dơng'),(23797,629,'Xã Ayun'),(23798,629,'Xã Đak Jơ Ta'),(23799,629,'Xã Đak Ta Ley'),(23800,629,'Xã Hà Ra'),(23803,629,'Xã Đăk Yă'),(23806,629,'Xã Đăk Djrăng'),(23809,629,'Xã Lơ Pang'),(23812,629,'Xã Kon Thụp'),(23815,629,'Xã Đê Ar'),(23818,629,'Xã Kon Chiêng'),(23821,629,'Xã Đăk Trôi'),(23824,630,'Thị Trấn Kông Chro'),(23827,630,'Xã Chư Krêy'),(23830,630,'Xã An Trung'),(23833,630,'Xã Kông Yang'),(23836,630,'Xã Đăk Tơ Pang'),(23839,630,'Xã Sró'),(23840,630,'Xã Đắk Cơ Ning'),(23842,630,'Xã Đăk Song'),(23843,630,'Xã Đăk Pling'),(23845,630,'Xã Yang Trung'),(23846,630,'Xã Đăk Pơ Pho'),(23848,630,'Xã Ya Ma'),(23851,630,'Xã Chơ Long'),(23854,630,'Xã Yang Nam'),(23857,631,'Thị Trấn Chư Ty'),(23860,631,'Xã Ia Dơk'),(23863,631,'Xã Ia Krêl'),(23866,631,'Xã Ia Din'),(23869,631,'Xã Ia Kla'),(23872,631,'Xã Ia Dom'),(23875,631,'Xã Ia Lang'),(23878,631,'Xã Ia Kriêng'),(23881,631,'Xã Ia Pnôn'),(23884,631,'Xã Ia Nan'),(23887,632,'Thị Trấn Chư Prông'),(23888,632,'Xã Ia Kly'),(23890,632,'Xã Bình Giáo'),(23893,632,'Xã Ia Drăng'),(23896,632,'Xã Thăng Hưng'),(23899,632,'Xã Bàu Cạn'),(23902,632,'Xã Ia Phìn'),(23905,632,'Xã Ia Băng'),(23908,632,'Xã Ia Tôr'),(23911,632,'Xã Ia Boòng'),(23914,632,'Xã Ia O'),(23917,632,'Xã Ia Púch'),(23920,632,'Xã Ia Me'),(23923,632,'Xã Ia Vê'),(23924,632,'Xã Ia Bang'),(23926,632,'Xã Ia Pia'),(23929,632,'Xã Ia Ga'),(23932,632,'Xã Ia Lâu'),(23935,632,'Xã Ia Piơr'),(23938,632,'Xã Ia Mơ'),(23941,633,'Thị Trấn Chư Sê'),(23942,639,'Thị Trấn Nhơn Hoà'),(23944,633,'Xã Ia Tiêm'),(23945,633,'Xã Chư Pơng'),(23946,633,'Xã Bar Măih'),(23947,633,'Xã Bờ Ngoong'),(23950,633,'Xã Ia Glai'),(23953,633,'Xã Al Bá'),(23954,633,'Xã Kông Htok'),(23956,633,'Xã Ayun'),(23959,633,'Xã Ia Hlốp'),(23962,633,'Xã Ia Blang'),(23965,633,'Xã Dun'),(23966,633,'Xã Ia Pal'),(23968,633,'Xã H Bông'),(23971,639,'Xã Ia Hrú'),(23972,639,'Xã Ia Rong'),(23974,639,'Xã Ia Dreng'),(23977,633,'Xã Ia Ko'),(23978,639,'Xã Ia Hla'),(23980,639,'Xã Chư Don'),(23983,639,'Xã Ia Phang'),(23986,639,'Xã Ia Le'),(23987,639,'Xã Ia Blứ'),(23989,634,'Xã Hà Tam'),(23992,634,'Xã An Thành'),(23995,634,'Xã Đak Pơ'),(23998,634,'Xã Yang Bắc'),(24001,634,'Xã Cư An'),(24004,634,'Xã Tân An'),(24007,634,'Xã Phú An'),(24010,634,'Xã Ya Hội'),(24013,635,'Xã Pờ Tó'),(24016,635,'Xã Chư Răng'),(24019,635,'Xã Ia Kdăm'),(24022,635,'Xã Kim Tân'),(24025,635,'Xã Chư Mố'),(24028,635,'Xã Ia Tul'),(24031,635,'Xã Ia Ma Rơn'),(24034,635,'Xã Ia Broăi'),(24037,635,'Xã Ia Trok'),(24041,624,'Phường Cheo Reo'),(24042,624,'Phường Hoà Bình'),(24043,638,'Thị Trấn Phú Thiện'),(24044,624,'Phường Đoàn Kết'),(24045,624,'Phường Sông Bờ'),(24046,638,'Xã Chư A Thai'),(24048,638,'Xã Ayun Hạ'),(24049,638,'Xã Ia Ake'),(24052,638,'Xã Ia Sol'),(24055,638,'Xã Ia Piar'),(24058,638,'Xã Ia Peng'),(24060,638,'Xã Chrôh Pơnan'),(24061,638,'Xã Ia Hiao'),(24064,624,'Xã Ia Rbol'),(24065,624,'Xã Chư Băh'),(24067,638,'Xã Ia Yeng'),(24070,624,'Xã Ia Rtô'),(24073,624,'Xã Ia Sao'),(24076,637,'Thị Trấn Phú Túc'),(24079,637,'Xã Ia Rsai'),(24082,637,'Xã Ia Rsươm'),(24085,637,'Xã Chư Gu'),(24088,637,'Xã Đất Bằng'),(24091,637,'Xã Ia Mláh'),(24094,637,'Xã Chư Drăng'),(24097,637,'Xã Phú Cần'),(24100,637,'Xã Ia Hdreh'),(24103,637,'Xã Ia Rmok'),(24106,637,'Xã Chư Ngọc'),(24109,637,'Xã Uar'),(24112,637,'Xã Chư Rcăm'),(24115,637,'Xã Krông Năng'),(24118,643,'Phường Tân Lập'),(24121,643,'Phường Tân Hoà'),(24124,643,'Phường Tân An'),(24127,643,'Phường Thống Nhất'),(24130,643,'Phường Thành Nhất'),(24133,643,'Phường Thắng Lợi'),(24136,643,'Phường Tân Lợi'),(24139,643,'Phường Thành Công'),(24142,643,'Phường Tân Thành'),(24145,643,'Phường Tân Tiến'),(24148,643,'Phường Tự An'),(24151,643,'Phường Ea Tam'),(24154,643,'Phường Khánh Xuân'),(24157,643,'Xã Hòa Thuận'),(24160,643,'Xã Cư Êbur'),(24163,643,'Xã Ea Tu'),(24166,643,'Xã Hòa Thắng'),(24169,643,'Xã Ea Kao'),(24172,643,'Xã Hòa Phú'),(24175,643,'Xã Hòa Khánh'),(24178,643,'Xã Hòa Xuân'),(24181,645,'Thị Trấn Ea Drăng'),(24184,645,'Xã Ea H\'leo'),(24187,645,'Xã Ea Sol'),(24190,645,'Xã Ea Ral'),(24193,645,'Xã Ea Wy'),(24194,645,'Xã Cư A Mung'),(24196,645,'Xã Cư Mốt'),(24199,645,'Xã Ea Hiao'),(24202,645,'Xã Ea Khal'),(24205,645,'Xã Dlê Yang'),(24207,645,'Xã Ea Tir'),(24208,645,'Xã Ea Nam'),(24211,646,'Thị Trấn Ea Súp'),(24214,646,'Xã Ia Lốp'),(24215,646,'Xã Ia Jlơi'),(24217,646,'Xã Ea Rốk'),(24220,646,'Xã Ya Tờ Mốt'),(24221,646,'Xã Ia Rvê'),(24223,646,'Xã Ea Lê'),(24226,646,'Xã Cư Kbang'),(24229,646,'Xã Ea Bung'),(24232,646,'Xã Cư M\'lan'),(24235,647,'Xã Krông Na'),(24238,647,'Xã Ea Huar'),(24241,647,'Xã Ea Wer'),(24244,647,'Xã Tân Hoà'),(24247,647,'Xã Cuôr Knia'),(24250,647,'Xã Ea Bar'),(24253,647,'Xã Ea Nuôl'),(24256,648,'Thị Trấn Ea Pốk'),(24259,648,'Thị Trấn Quảng Phú'),(24262,648,'Xã Quảng Tiến'),(24264,648,'Xã Ea Kuêh'),(24265,648,'Xã Ea Kiết'),(24268,648,'Xã Ea Tar'),(24271,648,'Xã Cư Dliê M\'nông'),(24274,648,'Xã Ea H\'đinh'),(24277,648,'Xã Ea Tul'),(24280,648,'Xã Ea Kpam'),(24283,648,'Xã Ea M\'dróh'),(24286,648,'Xã Quảng Hiệp'),(24289,648,'Xã Cư M\'gar'),(24292,648,'Xã Ea D\'rơng'),(24295,648,'Xã Ea M\'nang'),(24298,648,'Xã Cư Suê'),(24301,648,'Xã Cuor Đăng'),(24305,644,'Phường An Lạc'),(24307,649,'Xã Cư Né'),(24308,644,'Phường An Bình'),(24310,649,'Xã Chư Kbô'),(24311,644,'Phường Thiện An'),(24313,649,'Xã Cư Pơng'),(24314,649,'Xã Ea Sin'),(24316,649,'Xã Pơng Drang'),(24317,649,'Xã Tân Lập'),(24318,644,'Phường Đạt Hiếu'),(24319,649,'Xã Ea Ngai'),(24322,644,'Phường Đoàn Kết'),(24325,644,'Xã Ea Blang'),(24328,644,'Xã Ea Drông'),(24331,644,'Phường Thống Nhất'),(24332,644,'Phường Bình Tân'),(24334,644,'Xã Ea Siên'),(24337,644,'Xã Bình Thuận'),(24340,644,'Xã Cư Bao'),(24343,650,'Thị Trấn Krông Năng'),(24346,650,'Xã Đliê Ya'),(24349,650,'Xã Ea Tóh'),(24352,650,'Xã Ea Tam'),(24355,650,'Xã Phú Lộc'),(24358,650,'Xã Tam Giang'),(24359,650,'Xã Ea Puk'),(24360,650,'Xã Ea Dăh'),(24361,650,'Xã Ea Hồ'),(24364,650,'Xã Phú Xuân'),(24367,650,'Xã Cư Klông'),(24370,650,'Xã Ea Tân'),(24373,651,'Thị Trấn Ea Kar'),(24376,651,'Thị Trấn Ea Knốp'),(24379,651,'Xã Ea Sô'),(24380,651,'Xã Ea Sar'),(24382,651,'Xã Xuân Phú'),(24385,651,'Xã Cư Huê'),(24388,651,'Xã Ea Tih'),(24391,651,'Xã Ea Đar'),(24394,651,'Xã Ea Kmút'),(24397,651,'Xã Cư Ni'),(24400,651,'Xã Ea Păl'),(24401,651,'Xã Cư Prông'),(24403,651,'Xã Ea Ô'),(24404,651,'Xã Cư Elang'),(24406,651,'Xã Cư Bông'),(24409,651,'Xã Cư Jang'),(24412,652,'Thị Trấn M\'đrắk'),(24415,652,'Xã Cư Prao'),(24418,652,'Xã Ea Pil'),(24421,652,'Xã Ea Lai'),(24424,652,'Xã Ea H\'mlay'),(24427,652,'Xã Krông Jing'),(24430,652,'Xã Ea M\' Doal'),(24433,652,'Xã Ea Riêng'),(24436,652,'Xã Cư M\'ta'),(24439,652,'Xã Cư K Róa'),(24442,652,'Xã Krông Á'),(24444,652,'Xã Cư San'),(24445,652,'Xã Ea Trang'),(24448,653,'Thị Trấn Krông Kmar'),(24451,653,'Xã Dang Kang'),(24454,653,'Xã Cư Kty'),(24457,653,'Xã Hòa Thành'),(24460,653,'Xã Hòa Tân'),(24463,653,'Xã Hòa Phong'),(24466,653,'Xã Hòa Lễ'),(24469,653,'Xã Yang Reh'),(24472,653,'Xã Ea Trul'),(24475,653,'Xã Khuê Ngọc Điền'),(24478,653,'Xã Cư Pui'),(24481,653,'Xã Hòa Sơn'),(24484,653,'Xã Cư Drăm'),(24487,653,'Xã Yang Mao'),(24490,654,'Thị Trấn Phước An'),(24493,654,'Xã Krông Búk'),(24496,654,'Xã Ea Kly'),(24499,654,'Xã Ea Kênh'),(24502,654,'Xã Ea Phê'),(24505,654,'Xã Ea Knuec'),(24508,654,'Xã Ea Yông'),(24511,654,'Xã Hòa An'),(24514,654,'Xã Ea Kuăng'),(24517,654,'Xã Hoà Đông'),(24520,654,'Xã Ea Hiu'),(24523,654,'Xã Hòa Tiến'),(24526,654,'Xã Tân Tiến'),(24529,654,'Xã Vụ Bổn'),(24532,654,'Xã Ea Uy'),(24535,654,'Xã Ea Yiêng'),(24538,655,'Thị Trấn Buôn Trấp'),(24540,657,'Xã Ea Ning'),(24541,657,'Xã Cư Ê Wi'),(24544,657,'Xã Ea Ktur'),(24547,657,'Xã Ea Tiêu'),(24550,657,'Xã Ea Bhốk'),(24553,657,'Xã Ea Hu'),(24556,655,'Xã Dray Sáp'),(24559,655,'Xã Ea Na'),(24561,657,'Xã Dray Bhăng'),(24562,657,'Xã Hòa Hiệp'),(24565,655,'Xã Ea Bông'),(24568,655,'Xã Băng A Drênh'),(24571,655,'Xã Dur Kmăl'),(24574,655,'Xã Bình Hòa'),(24577,655,'Xã Quảng Điền'),(24580,656,'Thị Trấn Liên Sơn'),(24583,656,'Xã Yang Tao'),(24586,656,'Xã Bông Krang'),(24589,656,'Xã Đắk Liêng'),(24592,656,'Xã Buôn Triết'),(24595,656,'Xã Buôn Tría'),(24598,656,'Xã Đắk Phơi'),(24601,656,'Xã Đắk Nuê'),(24604,656,'Xã Krông Nô'),(24607,656,'Xã Nam Ka'),(24610,656,'Xã Ea R\'bin'),(24611,660,'Phường Nghĩa Đức'),(24612,660,'Phường Nghĩa Thành'),(24614,660,'Phường Nghĩa Phú'),(24615,660,'Phường Nghĩa Tân'),(24616,661,'Xã Quảng Sơn'),(24617,660,'Phường Nghĩa Trung'),(24618,660,'Xã Đắk R\'moan'),(24619,660,'Xã Quảng Thành'),(24620,661,'Xã Quảng Hoà'),(24622,661,'Xã Đắk Ha'),(24625,661,'Xã Đắk R\'măng'),(24628,660,'Xã Đắk Nia'),(24631,661,'Xã Quảng Khê'),(24634,661,'Xã Đắk Plao'),(24637,661,'Xã Đắk Som'),(24640,662,'Thị Trấn Ea T\'ling'),(24643,662,'Xã Đắk Wil'),(24646,662,'Xã Ea Pô'),(24649,662,'Xã Nam Dong'),(24652,662,'Xã Đắk Drông'),(24655,662,'Xã Tâm Thắng'),(24658,662,'Xã Cư Knia'),(24661,662,'Xã Trúc Sơn'),(24664,663,'Thị Trấn Đắk Mil'),(24667,663,'Xã Đắk Lao'),(24670,663,'Xã Đắk R\'la'),(24673,663,'Xã Đắk Gằn'),(24676,663,'Xã Đức Mạnh'),(24677,663,'Xã Đắk N\'drót'),(24678,663,'Xã Long Sơn'),(24679,663,'Xã Đắk Sắk'),(24682,663,'Xã Thuận An'),(24685,663,'Xã Đức Minh'),(24688,664,'Thị Trấn Đắk Mâm'),(24691,664,'Xã Đắk Sôr'),(24692,664,'Xã Nam Xuân'),(24694,664,'Xã Buôn Choah'),(24697,664,'Xã Nam Đà'),(24699,664,'Xã Tân Thành'),(24700,664,'Xã Đắk Drô'),(24703,664,'Xã Nâm Nung'),(24706,664,'Xã Đức Xuyên'),(24709,664,'Xã Đắk Nang'),(24712,664,'Xã Quảng Phú'),(24715,664,'Xã Nâm N\'đir'),(24717,665,'Thị Trấn Đức An'),(24718,665,'Xã Đắk Môl'),(24719,665,'Xã Đắk Hoà'),(24721,665,'Xã Nam Bình'),(24722,665,'Xã Thuận Hà'),(24724,665,'Xã Thuận Hạnh'),(24727,665,'Xã Đắk Rung'),(24728,665,'Xã Nâm N\'jang'),(24730,665,'Xã Trường Xuân'),(24733,666,'Thị Trấn Kiến Đức'),(24736,667,'Xã Quảng Trực'),(24739,667,'Xã Đắk Búk So'),(24740,667,'Xã Quảng Tâm'),(24742,667,'Xã Đắk R\'tíh'),(24745,666,'Xã Quảng Tín'),(24746,667,'Xã Đắk Ngo'),(24748,667,'Xã Quảng Tân'),(24750,666,'Xã Đắk Wer'),(24751,666,'Xã Nhân Cơ'),(24754,666,'Xã Kiến Thành'),(24756,666,'Xã Nghĩa Thắng'),(24757,666,'Xã Đạo Nghĩa'),(24760,666,'Xã Đắk Sin'),(24761,666,'Xã Hưng Bình'),(24763,666,'Xã Đắk Ru'),(24766,666,'Xã Nhân Đạo'),(24769,672,'Phường 7'),(24772,672,'Phường 8'),(24775,672,'Phường 12'),(24778,672,'Phường 9'),(24781,672,'Phường 2'),(24784,672,'Phường 1'),(24787,672,'Phường 6'),(24790,672,'Phường 5'),(24793,672,'Phường 4'),(24796,672,'Phường 10'),(24799,672,'Phường 11'),(24802,672,'Phường 3'),(24805,672,'Xã Xuân Thọ'),(24808,672,'Xã Tà Nung'),(24810,672,'Xã Trạm Hành'),(24811,672,'Xã Xuân Trường'),(24814,673,'Phường Lộc Phát'),(24817,673,'Phường Lộc Tiến'),(24820,673,'Phường 2'),(24823,673,'Phường 1'),(24826,673,'Phường B\'lao'),(24829,673,'Phường Lộc Sơn'),(24832,673,'Xã Đạm Bri'),(24835,673,'Xã Lộc Thanh'),(24838,673,'Xã Lộc Nga'),(24841,673,'Xã Lộc Châu'),(24844,673,'Xã Đại Lào'),(24846,675,'Thị Trấn Lạc Dương'),(24847,675,'Xã Đạ Chais'),(24848,675,'Xã Đa Nhim'),(24850,675,'Xã Đưng Knớ'),(24853,674,'Xã Đạ Tông'),(24856,674,'Xã Đạ Long'),(24859,674,'Xã Đạ M\'rong (Đam Rong)'),(24862,675,'Xã Lát'),(24865,675,'Xã Đạ Sar'),(24868,676,'Thị Trấn Nam Ban'),(24871,676,'Thị Trấn Đinh Văn'),(24874,674,'Xã Liêng S\'roin'),(24875,674,'Xã Đạ Rsal'),(24877,674,'Xã Rô Men'),(24880,676,'Xã Phú Sơn'),(24883,676,'Xã Phi Tô'),(24886,674,'Xã Phi Liêng'),(24889,674,'Xã Đạ Knàng'),(24892,676,'Xã Mê Linh'),(24895,676,'Xã Đạ Đờn'),(24898,676,'Xã Phúc Thọ'),(24901,676,'Xã Đông Thanh'),(24904,676,'Xã Gia Lâm'),(24907,676,'Xã Tân Thanh'),(24910,676,'Xã Tân Văn'),(24913,676,'Xã Hoài Đức'),(24916,676,'Xã Tân Hà'),(24919,676,'Xã Liên Hà'),(24922,676,'Xã Đan Phượng'),(24925,676,'Xã Nam Hà'),(24928,677,'Thị Trấn D\'ran'),(24931,677,'Thị Trấn Thạnh Mỹ'),(24934,677,'Xã Lạc Xuân'),(24937,677,'Xã Đạ Ròn'),(24940,677,'Xã Lạc Lâm'),(24943,677,'Xã Ka Đô'),(24946,677,'Xã Quảng Lập'),(24949,677,'Xã Ka Đơn (Deune)'),(24952,677,'Xã Tu Tra'),(24955,677,'Xã Pró'),(24958,678,'Thị Trấn Liên Nghĩa'),(24961,678,'Xã Hiệp An'),(24964,678,'Xã Liên Hiệp'),(24967,678,'Xã Hiệp Thạnh'),(24970,678,'Xã Bình Thạnh'),(24973,678,'Xã N\'thol Hạ'),(24976,678,'Xã Tân Hội'),(24979,678,'Xã Tân Thành'),(24982,678,'Xã Phú Hội'),(24985,678,'Xã Ninh Gia'),(24988,678,'Xã Tà Năng'),(24989,678,'Xã Đa Quyn'),(24991,678,'Xã Tà Hine'),(24994,678,'Xã Đà Loan'),(24997,678,'Xã Ninh Loan'),(25000,679,'Thị Trấn Di Linh'),(25003,679,'Xã Đinh Trang Thượng'),(25006,679,'Xã Tân Thượng'),(25007,679,'Xã Tân Lâm'),(25009,679,'Xã Tân Châu'),(25012,679,'Xã Tân Nghĩa'),(25015,679,'Xã Gia Hiệp'),(25018,679,'Xã Đinh Lạc'),(25021,679,'Xã Tam Bố'),(25024,679,'Xã Đinh Trang Hòa'),(25027,679,'Xã Liên Đầm'),(25030,679,'Xã Gung Ré'),(25033,679,'Xã Bảo Thuận'),(25036,679,'Xã Hòa Ninh'),(25039,679,'Xã Hòa Trung'),(25042,679,'Xã Hòa Nam'),(25045,679,'Xã Hòa Bắc'),(25048,679,'Xã Sơn Điền'),(25051,679,'Xã Gia Bắc'),(25054,680,'Thị Trấn Lộc Thắng'),(25057,680,'Xã Lộc Bảo'),(25060,680,'Xã Lộc Lâm'),(25063,680,'Xã Lộc Phú'),(25066,680,'Xã Lộc Bắc'),(25069,680,'Xã B\' Lá'),(25072,680,'Xã Lộc Ngãi'),(25075,680,'Xã Lộc Quảng'),(25078,680,'Xã Lộc Tân'),(25081,680,'Xã Lộc Đức'),(25084,680,'Xã Lộc An'),(25087,680,'Xã Tân Lạc'),(25090,680,'Xã Lộc Thành'),(25093,680,'Xã Lộc Nam'),(25096,681,'Thị Trấn Đạ M\'ri'),(25099,681,'Thị Trấn Ma Đa Guôi'),(25102,681,'Xã Đạ M\'ri'),(25105,681,'Xã Hà Lâm'),(25108,681,'Xã Đạ Tồn'),(25111,681,'Xã Đạ Oai'),(25114,681,'Xã Đạ Ploa'),(25117,681,'Xã Ma Đa Guôi'),(25120,681,'Xã Đoàn Kết'),(25123,681,'Xã Phước Lộc'),(25126,682,'Thị Trấn Đạ Tẻh'),(25129,682,'Xã An Nhơn'),(25132,682,'Xã Quốc Oai'),(25135,682,'Xã Mỹ Đức'),(25138,682,'Xã Quảng Trị'),(25141,682,'Xã Đạ Lây'),(25144,682,'Xã Hương Lâm'),(25147,682,'Xã Triệu Hải'),(25150,682,'Xã Hà Đông'),(25153,682,'Xã Đạ Kho'),(25156,682,'Xã Đạ Pal'),(25159,683,'Thị Trấn Đồng Nai'),(25162,683,'Xã Tiên Hoàng'),(25165,683,'Xã Phước Cát 2'),(25168,683,'Xã Gia Viễn'),(25171,683,'Xã Nam Ninh'),(25174,683,'Xã Mỹ Lâm'),(25177,683,'Xã Tư Nghĩa'),(25180,683,'Xã Phước Cát 1'),(25183,683,'Xã Đức Phổ'),(25186,683,'Xã Phù Mỹ'),(25189,683,'Xã Quảng Ngãi'),(25192,683,'Xã Đồng Nai Thượng'),(25195,689,'Phường Tân Phú'),(25198,689,'Phường Tân Đồng'),(25201,689,'Phường Tân Bình'),(25204,689,'Phường Tân Xuân'),(25205,689,'Phường Tân Thiện'),(25207,689,'Xã Tân Thành'),(25210,689,'Xã Tiến Thành'),(25213,689,'Xã Tiến Hưng'),(25216,688,'Phường Thác Mơ'),(25217,688,'Phường Long Thủy'),(25219,688,'Phường Phước Bình'),(25220,688,'Phường Long Phước'),(25222,691,'Xã Bù Gia Mập'),(25225,691,'Xã Đak Ơ'),(25228,691,'Xã Đức Hạnh'),(25229,691,'Xã Phú Văn'),(25231,691,'Xã Đa Kia'),(25232,691,'Xã Phước Minh'),(25234,691,'Xã Bình Thắng'),(25237,688,'Phường Sơn Giang'),(25240,691,'Xã Long Bình'),(25243,691,'Xã Bình Tân'),(25244,691,'Xã Bình Sơn'),(25245,688,'Xã Long Giang'),(25246,691,'Xã Long Hưng'),(25249,688,'Xã Phước Tín'),(25250,691,'Xã Phước Tân'),(25252,691,'Xã Bù Nho'),(25255,691,'Xã Long Hà'),(25258,691,'Xã Long Tân'),(25261,691,'Xã Phú Trung'),(25264,691,'Xã Phú Riềng'),(25267,691,'Xã Phú Nghĩa'),(25270,692,'Thị Trấn Lộc Ninh'),(25273,692,'Xã Lộc Hòa'),(25276,692,'Xã Lộc An'),(25279,692,'Xã Lộc Tấn'),(25280,692,'Xã Lộc Thạnh'),(25282,692,'Xã Lộc Hiệp'),(25285,692,'Xã Lộc Thiện'),(25288,692,'Xã Lộc Thuận'),(25291,692,'Xã Lộc Quang'),(25292,692,'Xã Lộc Phú'),(25294,692,'Xã Lộc Thành'),(25297,692,'Xã Lộc Thái'),(25300,692,'Xã Lộc Điền'),(25303,692,'Xã Lộc Hưng'),(25305,692,'Xã Lộc Thịnh'),(25306,692,'Xã Lộc Khánh'),(25308,693,'Thị Trấn Thanh Bình'),(25309,693,'Xã Hưng Phước'),(25310,693,'Xã Phước Thiện'),(25312,693,'Xã Thiện Hưng'),(25315,693,'Xã Thanh Hòa'),(25318,693,'Xã Tân Thành'),(25320,690,'Phường Hưng Chiến'),(25321,693,'Xã Tân Tiến'),(25324,690,'Phường An Lộc'),(25325,690,'Phường Phú Thịnh'),(25326,690,'Phường Phú Đức'),(25327,694,'Xã Thanh An'),(25330,694,'Xã An Khương'),(25333,690,'Xã Thanh Lương'),(25336,690,'Xã Thanh Phú'),(25339,694,'Xã An Phú'),(25342,694,'Xã Tân Lợi'),(25345,694,'Xã Tân Hưng'),(25348,694,'Xã Minh Đức'),(25349,694,'Xã Minh Tâm'),(25351,694,'Xã Phước An'),(25354,694,'Xã Thanh Bình'),(25357,694,'Xã Tân Khai'),(25360,694,'Xã Đồng Nơ'),(25361,694,'Xã Tân Hiệp'),(25363,695,'Thị Trấn Tân Phú'),(25366,695,'Xã Thuận Lợi'),(25369,695,'Xã Đồng Tâm'),(25372,695,'Xã Tân Phước'),(25375,695,'Xã Tân Hưng'),(25378,695,'Xã Tân Lợi'),(25381,695,'Xã Tân Lập'),(25384,695,'Xã Tân Hoà'),(25387,695,'Xã Thuận Phú'),(25390,695,'Xã Đồng Tiến'),(25393,695,'Xã Tân Tiến'),(25396,696,'Thị Trấn Đức Phong'),(25398,696,'Xã Đường 10'),(25399,696,'Xã Đak Nhau'),(25400,696,'Xã Phú Sơn'),(25402,696,'Xã Thọ Sơn'),(25404,696,'Xã Bình Minh'),(25405,696,'Xã Bom Bo'),(25408,696,'Xã Minh Hưng'),(25411,696,'Xã Đoàn Kết'),(25414,696,'Xã Đồng Nai'),(25417,696,'Xã Đức Liễu'),(25420,696,'Xã Thống Nhất'),(25423,696,'Xã Nghĩa Trung'),(25424,696,'Xã Nghĩa Bình'),(25426,696,'Xã Đăng Hà'),(25429,696,'Xã Phước Sơn'),(25432,697,'Thị Trấn Chơn Thành'),(25433,697,'Xã Thành Tâm'),(25435,697,'Xã Minh Lập'),(25438,694,'Xã Tân Quan'),(25439,697,'Xã Quang Minh'),(25441,697,'Xã Minh Hưng'),(25444,697,'Xã Minh Long'),(25447,697,'Xã Minh Thành'),(25450,697,'Xã Nha Bích'),(25453,697,'Xã Minh Thắng'),(25456,703,'Phường 1'),(25459,703,'Phường 3'),(25462,703,'Phường 4'),(25465,703,'Phường Hiệp Ninh'),(25468,703,'Phường 2'),(25471,703,'Xã Thạnh Tân'),(25474,703,'Xã Tân Bình'),(25477,703,'Xã Bình Minh'),(25480,703,'Xã Ninh Sơn'),(25483,703,'Xã Ninh Thạnh'),(25486,705,'Thị Trấn Tân Biên'),(25489,705,'Xã Tân Lập'),(25492,705,'Xã Thạnh Bắc'),(25495,705,'Xã Tân Bình'),(25498,705,'Xã Thạnh Bình'),(25501,705,'Xã Thạnh Tây'),(25504,705,'Xã Hòa Hiệp'),(25507,705,'Xã Tân Phong'),(25510,705,'Xã Mỏ Công'),(25513,705,'Xã Trà Vong'),(25516,706,'Thị Trấn Tân Châu'),(25519,706,'Xã Tân Hà'),(25522,706,'Xã Tân Đông'),(25525,706,'Xã Tân Hội'),(25528,706,'Xã Tân Hoà'),(25531,706,'Xã Suối Ngô'),(25534,706,'Xã Suối Dây'),(25537,706,'Xã Tân Hiệp'),(25540,706,'Xã Thạnh Đông'),(25543,706,'Xã Tân Thành'),(25546,706,'Xã Tân Phú'),(25549,706,'Xã Tân Hưng'),(25552,707,'Thị Trấn Dương Minh Châu'),(25555,707,'Xã Suối Đá'),(25558,707,'Xã Phan'),(25561,707,'Xã Phước Ninh'),(25564,707,'Xã Phước Minh'),(25567,707,'Xã Bàu Năng'),(25570,707,'Xã Chà Là'),(25573,707,'Xã Cầu Khởi'),(25576,707,'Xã Bến Củi'),(25579,707,'Xã Lộc Ninh'),(25582,707,'Xã Truông Mít'),(25585,708,'Thị Trấn Châu Thành'),(25588,708,'Xã Hảo Đước'),(25591,708,'Xã Phước Vinh'),(25594,708,'Xã Đồng Khởi'),(25597,708,'Xã Thái Bình'),(25600,708,'Xã An Cơ'),(25603,708,'Xã Biên Giới'),(25606,708,'Xã Hòa Thạnh'),(25609,708,'Xã Trí Bình'),(25612,708,'Xã Hòa Hội'),(25615,708,'Xã An Bình'),(25618,708,'Xã Thanh Điền'),(25621,708,'Xã Thành Long'),(25624,708,'Xã Ninh Điền'),(25627,708,'Xã Long Vĩnh'),(25630,709,'Thị Trấn Hòa Thành'),(25633,709,'Xã Hiệp Tân'),(25636,709,'Xã Long Thành Bắc'),(25639,709,'Xã Trường Hòa'),(25642,709,'Xã Trường Đông'),(25645,709,'Xã Long Thành Trung'),(25648,709,'Xã Trường Tây'),(25651,709,'Xã Long Thành Nam'),(25654,710,'Thị Trấn Gò Dầu'),(25657,710,'Xã Thạnh Đức'),(25660,710,'Xã Cẩm Giang'),(25663,710,'Xã Hiệp Thạnh'),(25666,710,'Xã Bàu Đồn'),(25669,710,'Xã Phước Thạnh'),(25672,710,'Xã Phước Đông'),(25675,710,'Xã Phước Trạch'),(25678,710,'Xã Thanh Phước'),(25681,711,'Thị Trấn Bến Cầu'),(25684,711,'Xã Long Chữ'),(25687,711,'Xã Long Phước'),(25690,711,'Xã Long Giang'),(25693,711,'Xã Tiên Thuận'),(25696,711,'Xã Long Khánh'),(25699,711,'Xã Lợi Thuận'),(25702,711,'Xã Long Thuận'),(25705,711,'Xã An Thạnh'),(25708,712,'Thị Trấn Trảng Bàng'),(25711,712,'Xã Đôn Thuận'),(25714,712,'Xã Hưng Thuận'),(25717,712,'Xã Lộc Hưng'),(25720,712,'Xã Gia Lộc'),(25723,712,'Xã Gia Bình'),(25726,712,'Xã Phước Lưu'),(25729,712,'Xã Bình Thạnh'),(25732,712,'Xã An Tịnh'),(25735,712,'Xã An Hòa'),(25738,712,'Xã Phước Chỉ'),(25741,718,'Phường Hiệp Thành'),(25744,718,'Phường Phú Lợi'),(25747,718,'Phường Phú Cường'),(25750,718,'Phường Phú Hòa'),(25753,718,'Phường Phú Thọ'),(25756,718,'Phường Chánh Nghĩa'),(25759,718,'Phường Định Hòa'),(25760,718,'Phường Hòa Phú'),(25762,718,'Phường Phú Mỹ'),(25763,718,'Phường Phú Tân'),(25765,718,'Xã Tân An'),(25768,718,'Phường Hiệp An'),(25771,718,'Xã Tương Bình Hiệp'),(25774,718,'Xã Chánh Mỹ'),(25777,720,'Thị Trấn Dầu Tiếng'),(25780,720,'Xã Minh Hoà'),(25783,720,'Xã Minh Thạnh'),(25786,720,'Xã Minh Tân'),(25789,720,'Xã Định An'),(25792,720,'Xã Long Hoà'),(25795,720,'Xã Định Thành'),(25798,720,'Xã Định Hiệp'),(25801,720,'Xã An Lập'),(25804,720,'Xã Long Tân'),(25807,720,'Xã Thanh An'),(25810,720,'Xã Thanh Tuyền'),(25813,721,'Thị Trấn Mỹ Phước'),(25816,721,'Xã Trừ Văn Thố'),(25819,721,'Xã Cây Trường Ii'),(25822,721,'Xã Lai Uyên'),(25825,721,'Xã Tân Hưng'),(25828,721,'Xã Long Nguyên'),(25831,721,'Xã Hưng Hòa'),(25834,721,'Xã Lai Hưng'),(25837,721,'Xã Chánh Phú Hòa'),(25840,721,'Xã An Điền'),(25843,721,'Xã An Tây'),(25846,721,'Xã Thới Hòa'),(25849,721,'Xã Hòa Lợi'),(25852,721,'Xã Tân Định'),(25855,721,'Xã Phú An'),(25858,722,'Thị Trấn Phước Vĩnh'),(25861,722,'Xã An Linh'),(25864,722,'Xã Phước Sang'),(25865,722,'Xã An Thái'),(25867,722,'Xã An Long'),(25870,722,'Xã An Bình'),(25873,722,'Xã Tân Hiệp'),(25876,722,'Xã Tam Lập'),(25879,722,'Xã Tân Long'),(25882,722,'Xã Vĩnh Hoà'),(25885,722,'Xã Phước Hoà'),(25888,723,'Thị Trấn Uyên Hưng'),(25891,723,'Thị Trấn Tân Phước Khánh'),(25894,723,'Xã Tân Định'),(25897,723,'Xã Bình Mỹ'),(25900,723,'Xã Tân Bình'),(25903,723,'Xã Tân Lập'),(25906,723,'Xã Tân Thành'),(25907,723,'Xã Đất Cuốc'),(25908,723,'Xã Hiếu Liêm'),(25909,723,'Xã Lạc An'),(25912,723,'Xã Vĩnh Tân'),(25915,723,'Xã Hội Nghĩa'),(25918,723,'Xã Tân Mỹ'),(25920,723,'Xã Tân Hiệp'),(25921,723,'Xã Khánh Bình'),(25924,723,'Xã Phú Chánh'),(25927,723,'Xã Thường Tân'),(25930,723,'Xã Bạch Đằng'),(25933,723,'Xã Tân Vĩnh Hiệp'),(25936,723,'Xã Thạnh Phước'),(25937,723,'Xã Thạnh Hội'),(25939,723,'Thị Trấn Thái Hòa'),(25942,724,'Thị Trấn Dĩ An'),(25945,724,'Xã Tân Bình'),(25948,724,'Xã Tân Đông Hiệp'),(25951,724,'Xã Bình An'),(25954,724,'Xã Bình Thắng'),(25957,724,'Xã Đông Hòa'),(25960,724,'Xã An Bình'),(25963,725,'Thị Trấn An Thạnh'),(25966,725,'Thị Trấn Lái Thiêu'),(25969,725,'Xã Bình Chuẩn'),(25972,725,'Xã Thuận Giao'),(25975,725,'Xã An Phú'),(25978,725,'Xã Hưng Định'),(25981,725,'Xã An Sơn'),(25984,725,'Xã Bình Nhâm'),(25987,725,'Xã Bình Hòa'),(25990,725,'Xã Vĩnh Phú'),(25993,731,'Phường Trảng Dài'),(25996,731,'Phường Tân Phong'),(25999,731,'Phường Tân Biên'),(26002,731,'Phường Hố Nai'),(26005,731,'Phường Tân Hòa'),(26008,731,'Phường Tân Hiệp'),(26011,731,'Phường Bửu Long'),(26014,731,'Phường Tân Tiến'),(26017,731,'Phường Tam Hiệp'),(26020,731,'Phường Long Bình'),(26023,731,'Phường Quang Vinh'),(26026,731,'Phường Tân Mai'),(26029,731,'Phường Thống Nhất'),(26032,731,'Phường Trung Dũng'),(26035,731,'Phường Tam Hòa'),(26038,731,'Phường Hòa Bình'),(26041,731,'Phường Quyết Thắng'),(26044,731,'Phường Thanh Bình'),(26047,731,'Phường Bình Đa'),(26050,731,'Phường An Bình'),(26053,731,'Phường Bửu Hòa'),(26056,731,'Phường Long Bình Tân'),(26059,731,'Phường Tân Vạn'),(26062,731,'Xã Tân Hạnh'),(26065,731,'Xã Hiệp Hòa'),(26068,731,'Xã Hóa An'),(26071,732,'Phường Xuân Trung'),(26074,732,'Phường Xuân Thanh'),(26077,732,'Phường Xuân Bình'),(26080,732,'Phường Xuân An'),(26083,732,'Phường Xuân Hoà'),(26086,732,'Phường Phú Bình'),(26089,732,'Xã Bình Lộc'),(26092,732,'Xã Bảo Quang'),(26095,732,'Xã Suối Tre'),(26098,732,'Xã Bảo Vinh'),(26101,732,'Xã Xuân Lập'),(26104,732,'Xã Bàu Sen'),(26107,732,'Xã Bàu Trâm'),(26110,732,'Xã Xuân Tân'),(26113,732,'Xã Hàng Gòn'),(26116,734,'Thị Trấn Tân Phú'),(26119,734,'Xã Dak Lua'),(26122,734,'Xã Nam Cát Tiên'),(26125,734,'Xã Phú An'),(26128,734,'Xã Núi Tượng'),(26131,734,'Xã Tà Lài'),(26134,734,'Xã Phú Lập'),(26137,734,'Xã Phú Sơn'),(26140,734,'Xã Phú Thịnh'),(26143,734,'Xã Thanh Sơn'),(26146,734,'Xã Phú Trung'),(26149,734,'Xã Phú Xuân'),(26152,734,'Xã Phú Lộc'),(26155,734,'Xã Phú Lâm'),(26158,734,'Xã Phú Bình'),(26161,734,'Xã Phú Thanh'),(26164,734,'Xã Trà Cổ'),(26167,734,'Xã Phú Điền'),(26170,735,'Thị Trấn Vĩnh An'),(26173,735,'Xã Phú Lý'),(26176,735,'Xã Trị An'),(26179,735,'Xã Tân An'),(26182,735,'Xã Vĩnh Tân'),(26185,735,'Xã Bình Lợi'),(26188,735,'Xã Thạnh Phú'),(26191,735,'Xã Thiện Tân'),(26194,735,'Xã Tân Bình'),(26197,735,'Xã Bình Hòa'),(26200,735,'Xã Mã Đà'),(26203,735,'Xã Hiếu Liêm'),(26206,736,'Thị Trấn Định Quán'),(26209,736,'Xã Thanh Sơn'),(26212,736,'Xã Phú Tân'),(26215,736,'Xã Phú Vinh'),(26218,736,'Xã Phú Lợi'),(26221,736,'Xã Phú Hòa'),(26224,736,'Xã Ngọc Định'),(26227,736,'Xã La Ngà'),(26230,736,'Xã Gia Canh'),(26233,736,'Xã Phú Ngọc'),(26236,736,'Xã Phú Cường'),(26239,736,'Xã Túc Trưng'),(26242,736,'Xã Phú Túc'),(26245,736,'Xã Suối Nho'),(26248,737,'Thị Trấn Trảng Bom'),(26251,737,'Xã Thanh Bình'),(26254,737,'Xã Cây Gáo'),(26257,737,'Xã Bàu Hàm'),(26260,737,'Xã Sông Thao'),(26263,737,'Xã Sông Trầu'),(26266,737,'Xã Đông Hoà'),(26269,737,'Xã Bắc Sơn'),(26272,737,'Xã Hố Nai 3'),(26275,737,'Xã Tây Hoà'),(26278,737,'Xã Bình Minh'),(26281,737,'Xã Trung Hoà'),(26284,737,'Xã Đồi 61'),(26287,737,'Xã Hưng Thịnh'),(26290,737,'Xã Quảng Tiến'),(26293,737,'Xã Giang Điền'),(26296,737,'Xã An Viễn'),(26299,738,'Xã Gia Tân 1'),(26302,738,'Xã Gia Tân 2'),(26305,738,'Xã Gia Tân 3'),(26308,738,'Xã Gia Kiệm'),(26311,738,'Xã Quang Trung'),(26314,738,'Xã Bàu Hàm 2'),(26317,738,'Xã Hưng Lộc'),(26320,738,'Xã Lộ 25'),(26323,738,'Xã Xuân Thiện'),(26326,738,'Xã Xuân Thạnh'),(26329,739,'Xã Sông Nhạn'),(26332,739,'Xã Xuân Quế'),(26335,739,'Xã Nhân Nghĩa'),(26338,739,'Xã Xuân Đường'),(26341,739,'Xã Long Giao'),(26344,739,'Xã Xuân Mỹ'),(26347,739,'Xã Thừa Đức'),(26350,739,'Xã Bảo Bình'),(26353,739,'Xã Xuân Bảo'),(26356,739,'Xã Xuân Tây'),(26359,739,'Xã Xuân Đông'),(26362,739,'Xã Sông Ray'),(26365,739,'Xã Lâm San'),(26368,740,'Thị Trấn Long Thành'),(26371,740,'Xã An Hoà'),(26374,740,'Xã Tam Phước'),(26377,740,'Xã Phước Tân'),(26380,740,'Xã Long Hưng'),(26383,740,'Xã An Phước'),(26386,740,'Xã Bình An'),(26389,740,'Xã Long Đức'),(26392,740,'Xã Lộc An'),(26395,740,'Xã Bình Sơn'),(26398,740,'Xã Tam An'),(26401,740,'Xã Cẩm Đường'),(26404,740,'Xã Long An'),(26407,740,'Xã Suối Trầu'),(26410,740,'Xã Bàu Cạn'),(26413,740,'Xã Long Phước'),(26416,740,'Xã Phước Bình'),(26419,740,'Xã Tân Hiệp'),(26422,740,'Xã Phước Thái'),(26425,741,'Thị Trấn Gia Ray'),(26428,741,'Xã Xuân Bắc'),(26431,741,'Xã Suối Cao'),(26434,741,'Xã Xuân Thành'),(26437,741,'Xã Xuân Thọ'),(26440,741,'Xã Xuân Trường'),(26443,741,'Xã Xuân Hòa'),(26446,741,'Xã Xuân Hưng'),(26449,741,'Xã Xuân Tâm'),(26452,741,'Xã Suối Cát'),(26455,741,'Xã Xuân Hiệp'),(26458,741,'Xã Xuân Phú'),(26461,741,'Xã Xuân Định'),(26464,741,'Xã Bảo Hoà'),(26467,741,'Xã Lang Minh'),(26470,742,'Xã Phước Thiền'),(26473,742,'Xã Long Tân'),(26476,742,'Xã Đại Phước'),(26479,742,'Xã Hiệp Phước'),(26482,742,'Xã Phú Hữu'),(26485,742,'Xã Phú Hội'),(26488,742,'Xã Phú Thạnh'),(26491,742,'Xã Phú Đông'),(26494,742,'Xã Long Thọ'),(26497,742,'Xã Vĩnh Thanh'),(26500,742,'Xã Phước Khánh'),(26503,742,'Xã Phước An'),(26506,747,'Phường 1'),(26508,747,'Phường Thắng Tam'),(26509,747,'Phường 2'),(26512,747,'Phường 3'),(26515,747,'Phường 4'),(26518,747,'Phường 5'),(26521,747,'Phường 6'),(26524,747,'Phường 7'),(26526,747,'Phường Nguyễn An Ninh'),(26527,747,'Phường 8'),(26530,747,'Phường 9'),(26533,747,'Phường Thắng Nhất'),(26535,747,'Phường Rạch Dừa'),(26536,747,'Phường 10'),(26539,747,'Phường 11'),(26542,747,'Phường 12'),(26545,747,'Xã Long Sơn'),(26548,748,'Phường Phước Hưng'),(26551,748,'Phường Phước Hiệp'),(26554,748,'Phường Phước Nguyên'),(26557,748,'Phường Long Toàn'),(26558,748,'Phường Long Tâm'),(26560,748,'Phường Phước Trung'),(26563,748,'Phường Long Hương'),(26566,748,'Phường Kim Dinh'),(26567,748,'Xã Tân Hưng'),(26569,748,'Xã Long Phước'),(26572,748,'Xã Hoà Long'),(26574,750,'Xã Bàu Chinh'),(26575,750,'Thị Trấn Ngãi Giao'),(26578,750,'Xã Bình Ba'),(26581,750,'Xã Suối Nghệ'),(26584,750,'Xã Xuân Sơn'),(26587,750,'Xã Sơn Bình'),(26590,750,'Xã Bình Giã'),(26593,750,'Xã Bình Trung'),(26596,750,'Xã Xà Bang'),(26599,750,'Xã Cù Bị'),(26602,750,'Xã Láng Lớn'),(26605,750,'Xã Quảng Thành'),(26608,750,'Xã Kim Long'),(26611,750,'Xã Suối Rao'),(26614,750,'Xã Đá Bạc'),(26617,750,'Xã Nghĩa Thành'),(26620,751,'Thị Trấn Phước Bửu'),(26623,751,'Xã Phước Thuận'),(26626,751,'Xã Phước Tân'),(26629,751,'Xã Xuyên Mộc'),(26632,751,'Xã Bông Trang'),(26635,751,'Xã Tân Lâm'),(26638,751,'Xã Bàu Lâm'),(26641,751,'Xã Hòa Bình'),(26644,751,'Xã Hòa Hưng'),(26647,751,'Xã Hòa Hiệp'),(26650,751,'Xã Hòa Hội'),(26653,751,'Xã Bưng Riềng'),(26656,751,'Xã Bình Châu'),(26659,752,'Thị Trấn Long Điền'),(26662,752,'Thị Trấn Long Hải'),(26665,752,'Xã An Ngãi'),(26668,752,'Xã Tam Phước'),(26671,752,'Xã An Nhứt'),(26674,752,'Xã Phước Tỉnh'),(26677,752,'Xã Phước Hưng'),(26680,753,'Thị Trấn Đất Đỏ'),(26683,753,'Xã Phước Long Thọ'),(26686,753,'Xã Phước Hội'),(26689,753,'Xã Long Mỹ'),(26692,753,'Thị Trấn Phước Hải'),(26695,753,'Xã Long Tân'),(26698,753,'Xã Láng Dài'),(26701,753,'Xã Lộc An'),(26704,754,'Thị Trấn Phú Mỹ'),(26707,754,'Xã Tân Hoà'),(26710,754,'Xã Tân Hải'),(26713,754,'Xã Phước Hoà'),(26716,754,'Xã Tân Phước'),(26719,754,'Xã Mỹ Xuân'),(26722,754,'Xã Sông Xoài'),(26725,754,'Xã Hắc Dịch'),(26728,754,'Xã Châu Pha'),(26731,754,'Xã Tóc Tiên'),(26734,760,'Phường Tân Định'),(26737,760,'Phường Đa Kao'),(26740,760,'Phường Bến Nghé'),(26743,760,'Phường Bến Thành'),(26746,760,'Phường Nguyễn Thái Bình'),(26749,760,'Phường Phạm Ngũ Lão'),(26752,760,'Phường Cầu Ông Lãnh'),(26755,760,'Phường Cô Giang'),(26758,760,'Phường Nguyễn Cư Trinh'),(26761,760,'Phường Cầu Kho'),(26764,761,'Phường Thạnh Xuân'),(26767,761,'Phường Thạnh Lộc'),(26770,761,'Phường Hiệp Thành'),(26773,761,'Phường Thới An'),(26776,761,'Phường Tân Chánh Hiệp'),(26779,761,'Phường An Phú Đông'),(26782,761,'Phường Tân Thới Hiệp'),(26785,761,'Phường Trung Mỹ Tây'),(26787,761,'Phường Tân Hưng Thuận'),(26788,761,'Phường Đông Hưng Thuận'),(26791,761,'Phường Tân Thới Nhất'),(26794,762,'Phường Linh Xuân'),(26797,762,'Phường Bình Chiểu'),(26800,762,'Phường Linh Trung'),(26803,762,'Phường Tam Bình'),(26806,762,'Phường Tam Phú'),(26809,762,'Phường Hiệp Bình Phước'),(26812,762,'Phường Hiệp Bình Chánh'),(26815,762,'Phường Linh Chiểu'),(26818,762,'Phường Linh Tây'),(26821,762,'Phường Linh Đông'),(26824,762,'Phường Bình Thọ'),(26827,762,'Phường Trường Thọ'),(26830,763,'Phường Long Bình'),(26833,763,'Phường Long Thạnh Mỹ'),(26836,763,'Phường Tân Phú'),(26839,763,'Phường Hiệp Phú'),(26842,763,'Phường Tăng Nhơn Phú A'),(26845,763,'Phường Tăng Nhơn Phú B'),(26848,763,'Phường Phước Long B'),(26851,763,'Phường Phước Long A'),(26854,763,'Phường Trường Thạnh'),(26857,763,'Phường Long Phước'),(26860,763,'Phường Long Trường'),(26863,763,'Phường Phước Bình'),(26866,763,'Phường Phú Hữu'),(26869,764,'Phường 15'),(26872,764,'Phường 13'),(26875,764,'Phường 17'),(26876,764,'Phường 6'),(26878,764,'Phường 16'),(26881,764,'Phường 12'),(26882,764,'Phường 14'),(26884,764,'Phường 10'),(26887,764,'Phường 5'),(26890,764,'Phường 7'),(26893,764,'Phường 4'),(26896,764,'Phường 1'),(26897,764,'Phường 9'),(26898,764,'Phường 8'),(26899,764,'Phường 11'),(26902,764,'Phường 3'),(26905,765,'Phường 13'),(26908,765,'Phường 11'),(26911,765,'Phường 27'),(26914,765,'Phường 26'),(26917,765,'Phường 12'),(26920,765,'Phường 25'),(26923,765,'Phường 5'),(26926,765,'Phường 7'),(26929,765,'Phường 24'),(26932,765,'Phường 6'),(26935,765,'Phường 14'),(26938,765,'Phường 15'),(26941,765,'Phường 2'),(26944,765,'Phường 1'),(26947,765,'Phường 3'),(26950,765,'Phường 17'),(26953,765,'Phường 21'),(26956,765,'Phường 22'),(26959,765,'Phường 19'),(26962,765,'Phường 28'),(26965,766,'Phường 2'),(26968,766,'Phường 4'),(26971,766,'Phường 12'),(26974,766,'Phường 13'),(26977,766,'Phường 1'),(26980,766,'Phường 3'),(26983,766,'Phường 11'),(26986,766,'Phường 7'),(26989,766,'Phường 5'),(26992,766,'Phường 10'),(26995,766,'Phường 6'),(26998,766,'Phường 8'),(27001,766,'Phường 9'),(27004,766,'Phường 14'),(27007,766,'Phường 15'),(27010,767,'Phường Tân Sơn Nhì'),(27013,767,'Phường Tây Thạnh'),(27016,767,'Phường Sơn Kỳ'),(27019,767,'Phường Tân Quý'),(27022,767,'Phường Tân Thành'),(27025,767,'Phường Phú Thọ Hoà'),(27028,767,'Phường Phú Thạnh'),(27031,767,'Phường Phú Trung'),(27034,767,'Phường Hoà Thạnh'),(27037,767,'Phường Hiệp Tân'),(27040,767,'Phường Tân Thới Hoà'),(27043,768,'Phường 4'),(27046,768,'Phường 5'),(27049,768,'Phường 9'),(27052,768,'Phường 7'),(27055,768,'Phường 3'),(27058,768,'Phường 1'),(27061,768,'Phường 2'),(27064,768,'Phường 8'),(27067,768,'Phường 15'),(27070,768,'Phường 10'),(27073,768,'Phường 11'),(27076,768,'Phường 17'),(27079,768,'Phường 14'),(27082,768,'Phường 12'),(27085,768,'Phường 13'),(27088,769,'Phường Thảo Điền'),(27091,769,'Phường An Phú'),(27094,769,'Phường Bình An'),(27097,769,'Phường Bình Trưng Đông'),(27100,769,'Phường Bình Trưng Tây'),(27103,769,'Phường Bình Khánh'),(27106,769,'Phường An Khánh'),(27109,769,'Phường Cát Lái'),(27112,769,'Phường Thạnh Mỹ Lợi'),(27115,769,'Phường An Lợi Đông'),(27118,769,'Phường Thủ Thiêm'),(27121,770,'Phường 8'),(27124,770,'Phường 7'),(27127,770,'Phường 14'),(27130,770,'Phường 12'),(27133,770,'Phường 11'),(27136,770,'Phường 13'),(27139,770,'Phường 6'),(27142,770,'Phường 9'),(27145,770,'Phường 10'),(27148,770,'Phường 4'),(27151,770,'Phường 5'),(27154,770,'Phường 3'),(27157,770,'Phường 2'),(27160,770,'Phường 1'),(27163,771,'Phường 15'),(27166,771,'Phường 13'),(27169,771,'Phường 14'),(27172,771,'Phường 12'),(27175,771,'Phường 11'),(27178,771,'Phường 10'),(27181,771,'Phường 9'),(27184,771,'Phường 1'),(27187,771,'Phường 8'),(27190,771,'Phường 2'),(27193,771,'Phường 4'),(27196,771,'Phường 7'),(27199,771,'Phường 5'),(27202,771,'Phường 6'),(27205,771,'Phường 3'),(27208,772,'Phường 15'),(27211,772,'Phường 5'),(27214,772,'Phường 14'),(27217,772,'Phường 11'),(27220,772,'Phường 3'),(27223,772,'Phường 10'),(27226,772,'Phường 13'),(27229,772,'Phường 8'),(27232,772,'Phường 9'),(27235,772,'Phường 12'),(27238,772,'Phường 7'),(27241,772,'Phường 6'),(27244,772,'Phường 4'),(27247,772,'Phường 1'),(27250,772,'Phường 2'),(27253,772,'Phường 16'),(27256,773,'Phường 12'),(27259,773,'Phường 13'),(27262,773,'Phường 9'),(27265,773,'Phường 6'),(27268,773,'Phường 8'),(27271,773,'Phường 10'),(27274,773,'Phường 5'),(27277,773,'Phường 18'),(27280,773,'Phường 14'),(27283,773,'Phường 4'),(27286,773,'Phường 3'),(27289,773,'Phường 16'),(27292,773,'Phường 2'),(27295,773,'Phường 15'),(27298,773,'Phường 1'),(27301,774,'Phường 4'),(27304,774,'Phường 9'),(27307,774,'Phường 3'),(27310,774,'Phường 12'),(27313,774,'Phường 2'),(27316,774,'Phường 8'),(27319,774,'Phường 15'),(27322,774,'Phường 7'),(27325,774,'Phường 1'),(27328,774,'Phường 11'),(27331,774,'Phường 14'),(27334,774,'Phường 5'),(27337,774,'Phường 6'),(27340,774,'Phường 10'),(27343,774,'Phường 13'),(27346,775,'Phường 14'),(27349,775,'Phường 13'),(27352,775,'Phường 9'),(27355,775,'Phường 6'),(27358,775,'Phường 12'),(27361,775,'Phường 5'),(27364,775,'Phường 11'),(27367,775,'Phường 2'),(27370,775,'Phường 1'),(27373,775,'Phường 4'),(27376,775,'Phường 8'),(27379,775,'Phường 3'),(27382,775,'Phường 7'),(27385,775,'Phường 10'),(27388,776,'Phường 8'),(27391,776,'Phường 2'),(27394,776,'Phường 1'),(27397,776,'Phường 3'),(27400,776,'Phường 11'),(27403,776,'Phường 9'),(27406,776,'Phường 10'),(27409,776,'Phường 4'),(27412,776,'Phường 13'),(27415,776,'Phường 12'),(27418,776,'Phường 5'),(27421,776,'Phường 14'),(27424,776,'Phường 6'),(27427,776,'Phường 15'),(27430,776,'Phường 16'),(27433,776,'Phường 7'),(27436,777,'Phường Bình Hưng Hòa'),(27439,777,'Phường Binh Hưng Hoà A'),(27442,777,'Phường Binh Hưng Hoà B'),(27445,777,'Phường Bình Trị Đông'),(27448,777,'Phường Bình Trị Đông A'),(27451,777,'Phường Bình Trị Đông B'),(27454,777,'Phường Tân Tạo'),(27457,777,'Phường Tân Tạo A'),(27460,777,'Phường An Lạc'),(27463,777,'Phường An Lạc A'),(27466,778,'Phường Tân Thuận Đông'),(27469,778,'Phường Tân Thuận Tây'),(27472,778,'Phường Tân Kiểng'),(27475,778,'Phường Tân Hưng'),(27478,778,'Phường Bình Thuận'),(27481,778,'Phường Tân Quy'),(27484,778,'Phường Phú Thuận'),(27487,778,'Phường Tân Phú'),(27490,778,'Phường Tân Phong'),(27493,778,'Phường Phú Mỹ'),(27496,783,'Thị Trấn Củ Chi'),(27499,783,'Xã Phú Mỹ Hưng'),(27502,783,'Xã An Phú'),(27505,783,'Xã Trung Lập Thượng'),(27508,783,'Xã An Nhơn Tây'),(27511,783,'Xã Nhuận Đức'),(27514,783,'Xã Phạm Văn Cội'),(27517,783,'Xã Phú Hòa Đông'),(27520,783,'Xã Trung Lập Hạ'),(27523,783,'Xã Trung An'),(27526,783,'Xã Phước Thạnh'),(27529,783,'Xã Phước Hiệp'),(27532,783,'Xã Tân An Hội'),(27535,783,'Xã Phước Vĩnh An'),(27538,783,'Xã Thái Mỹ'),(27541,783,'Xã Tân Thạnh Tây'),(27544,783,'Xã Hòa Phú'),(27547,783,'Xã Tân Thạnh Đông'),(27550,783,'Xã Bình Mỹ'),(27553,783,'Xã Tân Phú Trung'),(27556,783,'Xã Tân Thông Hội'),(27559,784,'Thị Trấn Hóc Môn'),(27562,784,'Xã Tân Hiệp'),(27565,784,'Xã Nhị Bình'),(27568,784,'Xã Đông Thạnh'),(27571,784,'Xã Tân Thới Nhì'),(27574,784,'Xã Thới Tam Thôn'),(27577,784,'Xã Xuân Thới Sơn'),(27580,784,'Xã Tân Xuân'),(27583,784,'Xã Xuân Thới Đông'),(27586,784,'Xã Trung Chánh'),(27589,784,'Xã Xuân Thới Thượng'),(27592,784,'Xã Bà Điểm'),(27595,785,'Thị Trấn Tân Túc'),(27598,785,'Xã Phạm Văn Hai'),(27601,785,'Xã Vĩnh Lộc A'),(27604,785,'Xã Vĩnh Lộc B'),(27607,785,'Xã Bình Lợi'),(27610,785,'Xã Lê Minh Xuân'),(27613,785,'Xã Tân Nhựt'),(27616,785,'Xã Tân Kiên'),(27619,785,'Xã Bình Hưng'),(27622,785,'Xã Phong Phú'),(27625,785,'Xã An Phú Tây'),(27628,785,'Xã Hưng Long'),(27631,785,'Xã Đa Phước'),(27634,785,'Xã Tân Quý Tây'),(27637,785,'Xã Bình Chánh'),(27640,785,'Xã Quy Đức'),(27643,786,'Thị Trấn Nhà Bè'),(27646,786,'Xã Phước Kiển'),(27649,786,'Xã Phước Lộc'),(27652,786,'Xã Nhơn Đức'),(27655,786,'Xã Phú Xuân'),(27658,786,'Xã Long Thới'),(27661,786,'Xã Hiệp Phước'),(27664,787,'Thị Trấn Cần Thạnh'),(27667,787,'Xã Bình Khánh'),(27670,787,'Xã Tam Thôn Hiệp'),(27673,787,'Xã An Thới Đông'),(27676,787,'Xã Thạnh An'),(27679,787,'Xã Long Hòa'),(27682,787,'Xã Lý Nhơn'),(27685,794,'Phường 5'),(27688,794,'Phường 2'),(27691,794,'Phường 4'),(27692,794,'Phường Tân Khánh'),(27694,794,'Phường 1'),(27697,794,'Phường 3'),(27698,794,'Phường 7'),(27700,794,'Phường 6'),(27703,794,'Xã Hướng Thọ Phú'),(27706,794,'Xã Nhơn Thạnh Trung'),(27709,794,'Xã Lợi Bình Nhơn'),(27712,794,'Xã Bình Tâm'),(27715,794,'Phường Khánh Hậu'),(27718,794,'Xã An Vĩnh Ngãi'),(27721,796,'Thị Trấn Tân Hưng'),(27724,796,'Xã Hưng Hà'),(27727,796,'Xã Hưng Điền B'),(27730,796,'Xã Hưng Điền'),(27733,796,'Xã Thạnh Hưng'),(27736,796,'Xã Hưng Thạnh'),(27739,796,'Xã Vĩnh Thạnh'),(27742,796,'Xã Vĩnh Châu B'),(27745,796,'Xã Vĩnh Lợi'),(27748,796,'Xã Vĩnh Đại'),(27751,796,'Xã Vĩnh Châu A'),(27754,796,'Xã Vĩnh Bửu'),(27757,797,'Thị Trấn Vĩnh Hưng'),(27760,797,'Xã Hưng Điền A'),(27763,797,'Xã Khánh Hưng'),(27766,797,'Xã Thái Trị'),(27769,797,'Xã Vĩnh Trị'),(27772,797,'Xã Thái Bình Trung'),(27775,797,'Xã Vĩnh Bình'),(27778,797,'Xã Vĩnh Thuận'),(27781,797,'Xã Tuyên Bình'),(27784,797,'Xã Tuyên Bình Tây'),(27787,798,'Thị Trấn Mộc Hóa'),(27790,798,'Xã Thạnh Trị'),(27793,798,'Xã Bình Hiệp'),(27796,798,'Xã Bình Hòa Tây'),(27799,798,'Xã Bình Tân'),(27802,798,'Xã Bình Thạnh'),(27805,798,'Xã Tuyên Thạnh'),(27808,798,'Xã Bình Hòa Trung'),(27811,798,'Xã Bình Hòa Đông'),(27814,798,'Xã Bình Phong Thạnh'),(27817,798,'Xã Thạnh Hưng'),(27820,798,'Xã Tân Lập'),(27823,798,'Xã Tân Thành'),(27826,799,'Thị Trấn Tân Thạnh'),(27829,799,'Xã Bắc Hòa'),(27832,799,'Xã Hậu Thạnh Tây'),(27835,799,'Xã Nhơn Hòa Lập'),(27838,799,'Xã Tân Lập'),(27841,799,'Xã Hậu Thạnh Đông'),(27844,799,'Xã Nhơn Hoà'),(27847,799,'Xã Kiến Bình'),(27850,799,'Xã Tân Thành'),(27853,799,'Xã Tân Bình'),(27856,799,'Xã Tân Ninh'),(27859,799,'Xã Nhơn Ninh'),(27862,799,'Xã Tân Hòa'),(27865,800,'Thị Trấn Thạnh Hóa'),(27868,800,'Xã Tân Hiệp'),(27871,800,'Xã Thuận Bình'),(27874,800,'Xã Thạnh Phước'),(27877,800,'Xã Thạnh Phú'),(27880,800,'Xã Thuận Nghĩa Hòa'),(27883,800,'Xã Thủy Đông'),(27886,800,'Xã Thủy Tây'),(27889,800,'Xã Tân Tây'),(27892,800,'Xã Tân Đông'),(27895,800,'Xã Thạnh An'),(27898,801,'Thị Trấn Đông Thành'),(27901,801,'Xã Mỹ Quý Đông'),(27904,801,'Xã Mỹ Thạnh Bắc'),(27907,801,'Xã Mỹ Quý Tây'),(27910,801,'Xã Mỹ Thạnh Tây'),(27913,801,'Xã Mỹ Thạnh Đông'),(27916,801,'Xã Bình Thành'),(27919,801,'Xã Bình Hòa Bắc'),(27922,801,'Xã Bình Hòa Hưng'),(27925,801,'Xã Bình Hòa Nam'),(27928,801,'Xã Mỹ Bình'),(27931,802,'Thị Trấn Hậu Nghĩa'),(27934,802,'Thị Trấn Hiệp Hòa'),(27937,802,'Thị Trấn Đức Hòa'),(27940,802,'Xã Lộc Giang'),(27943,802,'Xã An Ninh Đông'),(27946,802,'Xã An Ninh Tây'),(27949,802,'Xã Tân Mỹ'),(27952,802,'Xã Hiệp Hòa'),(27955,802,'Xã Đức Lập Thượng'),(27958,802,'Xã Đức Lập Hạ'),(27961,802,'Xã Tân Phú'),(27964,802,'Xã Mỹ Hạnh Bắc'),(27967,802,'Xã Đức Hòa Thượng'),(27970,802,'Xã Hòa Khánh Tây'),(27973,802,'Xã Hòa Khánh Đông'),(27976,802,'Xã Mỹ Hạnh Nam'),(27979,802,'Xã Hòa Khánh Nam'),(27982,802,'Xã Đức Hòa Đông'),(27985,802,'Xã Đức Hòa Hạ'),(27988,802,'Xã Hựu Thạnh'),(27991,803,'Thị Trấn Bến Lức'),(27994,803,'Xã Thạnh Lợi'),(27997,803,'Xã Lương Bình'),(28000,803,'Xã Thạnh Hòa'),(28003,803,'Xã Lương Hòa'),(28006,803,'Xã Tân Hòa'),(28009,803,'Xã Tân Bửu'),(28012,803,'Xã An Thạnh'),(28015,803,'Xã Bình Đức'),(28018,803,'Xã Mỹ Yên'),(28021,803,'Xã Thanh Phú'),(28024,803,'Xã Long Hiệp'),(28027,803,'Xã Thạnh Đức'),(28030,803,'Xã Phước Lợi'),(28033,803,'Xã Nhựt Chánh'),(28036,804,'Thị Trấn Thủ Thừa'),(28039,804,'Xã Long Thạnh'),(28042,804,'Xã Tân Thành'),(28045,804,'Xã Long Thuận'),(28048,804,'Xã Mỹ Lạc'),(28051,804,'Xã Mỹ Thạnh'),(28054,804,'Xã Bình An'),(28057,804,'Xã Nhị Thành'),(28060,804,'Xã Mỹ An'),(28063,804,'Xã Bình Thạnh'),(28066,804,'Xã Mỹ Phú'),(28069,804,'Xã Long Thành'),(28072,804,'Xã Tân Lập'),(28075,805,'Thị Trấn Tân Trụ'),(28078,805,'Xã Mỹ Bình'),(28081,805,'Xã An Nhựt Tân'),(28084,805,'Xã Quê Mỹ Thạnh'),(28087,805,'Xã Lạc Tấn'),(28090,805,'Xã Bình Trinh Đông'),(28093,805,'Xã Tân Phước Tây'),(28096,805,'Xã Bình Lãng'),(28099,805,'Xã Bình Tịnh'),(28102,805,'Xã Đức Tân'),(28105,805,'Xã Nhựt Ninh'),(28108,806,'Thị Trấn Cần Đước'),(28111,806,'Xã Long Trạch'),(28114,806,'Xã Long Khê'),(28117,806,'Xã Long Định'),(28120,806,'Xã Phước Vân'),(28123,806,'Xã Long Hòa'),(28126,806,'Xã Long Cang'),(28129,806,'Xã Long Sơn'),(28132,806,'Xã Tân Trạch'),(28135,806,'Xã Mỹ Lệ'),(28138,806,'Xã Tân Lân'),(28141,806,'Xã Phước Tuy'),(28144,806,'Xã Long Hựu Đông'),(28147,806,'Xã Tân Ân'),(28150,806,'Xã Phước Đông'),(28153,806,'Xã Long Hựu Tây'),(28156,806,'Xã Tân Chánh'),(28159,807,'Thị Trấn Cần Giuộc'),(28162,807,'Xã Phước Lý'),(28165,807,'Xã Long Thượng'),(28168,807,'Xã Long Hậu'),(28171,807,'Xã Tân Kim'),(28174,807,'Xã Phứơc Hậu'),(28177,807,'Xã Mỹ Lộc'),(28180,807,'Xã Phước Lại'),(28183,807,'Xã Phước Lâm'),(28186,807,'Xã Trường Bình'),(28189,807,'Xã Thuận Thành'),(28192,807,'Xã Phước Vĩnh Tây'),(28195,807,'Xã Phước Vĩnh Đông'),(28198,807,'Xã Long An'),(28201,807,'Xã Long Phụng'),(28204,807,'Xã Đông Thạnh'),(28207,807,'Xã Tân Tập'),(28210,808,'Thị Trấn Tầm Vu'),(28213,808,'Xã Bình Quới'),(28216,808,'Xã Hòa Phú'),(28219,808,'Xã Phú Ngãi Trị'),(28222,808,'Xã Vĩnh Công'),(28225,808,'Xã Thuận Mỹ'),(28228,808,'Xã Hiệp Thạnh'),(28231,808,'Xã Phước Tân Hưng'),(28234,808,'Xã Thanh Phú Long'),(28237,808,'Xã Dương Xuân Hội'),(28240,808,'Xã An Lục Long'),(28243,808,'Xã Long Trì'),(28246,808,'Xã Thanh Vĩnh Đông'),(28249,815,'Phường 5'),(28252,815,'Phường 4'),(28255,815,'Phường 7'),(28258,815,'Phường 3'),(28261,815,'Phường 1'),(28264,815,'Phường 2'),(28267,815,'Phường 8'),(28270,815,'Phường 6'),(28273,815,'Phường 9'),(28276,815,'Phường 10'),(28279,815,'Phường Tân Long'),(28282,815,'Xã Đạo Thạnh'),(28285,815,'Xã Trung An'),(28288,815,'Xã Mỹ Phong'),(28291,815,'Xã Tân Mỹ Chánh'),(28294,816,'Phường 3'),(28297,816,'Phường 2'),(28300,816,'Phường 4'),(28303,816,'Phường 1'),(28306,816,'Phường 5'),(28309,816,'Xã Long Hưng'),(28312,816,'Xã Long Thuận'),(28315,816,'Xã Long Chánh'),(28318,816,'Xã Long Hòa'),(28321,818,'Thị Trấn Mỹ Phước'),(28324,818,'Xã Tân Hòa Đông'),(28327,818,'Xã Thạnh Tân'),(28330,818,'Xã Thạnh Mỹ'),(28333,818,'Xã Thạnh Hoà'),(28336,818,'Xã Phú Mỹ'),(28339,818,'Xã Tân Hòa Thành'),(28342,818,'Xã Hưng Thạnh'),(28345,818,'Xã Tân Lập 1'),(28348,818,'Xã Tân Hòa Tây'),(28351,818,'Xã Mỹ Phước'),(28354,818,'Xã Tân Lập 2'),(28357,818,'Xã Phước Lập'),(28360,819,'Thị Trấn Cái Bè'),(28363,819,'Xã Hậu Mỹ Bắc B'),(28366,819,'Xã Hậu Mỹ Bắc A'),(28369,819,'Xã Mỹ Trung'),(28372,819,'Xã Hậu Mỹ Trinh'),(28375,819,'Xã Hậu Mỹ Phú'),(28378,819,'Xã Mỹ Tân'),(28381,819,'Xã Mỹ Lợi B'),(28384,819,'Xã Thiện Trung'),(28387,819,'Xã Mỹ Hội'),(28390,819,'Xã An Cư'),(28393,819,'Xã Hậu Thành'),(28396,819,'Xã Mỹ Lợi A'),(28399,819,'Xã Hòa Khánh'),(28402,819,'Xã Thiện Trí'),(28405,819,'Xã Mỹ Đức Đông'),(28408,819,'Xã Mỹ Đức Tây'),(28411,819,'Xã Đông Hòa Hiệp'),(28414,819,'Xã An Thái Đông'),(28417,819,'Xã Tân Hưng'),(28420,819,'Xã Mỹ Lương'),(28423,819,'Xã Tân Thanh'),(28426,819,'Xã An Thái Trung'),(28429,819,'Xã An Hữu'),(28432,819,'Xã Hòa Hưng'),(28435,820,'Thị Trấn Cai Lậy'),(28438,820,'Xã Thạnh Lộc'),(28441,820,'Xã Mỹ Thành Bắc'),(28444,820,'Xã Phú Cường'),(28447,820,'Xã Mỹ Phước Tây'),(28450,820,'Xã Mỹ Hạnh Đông'),(28453,820,'Xã Mỹ Hạnh Trung'),(28456,820,'Xã Mỹ Thành Nam'),(28459,820,'Xã Tân Phú'),(28462,820,'Xã Tân Bình'),(28465,820,'Xã Phú Nhuận'),(28468,820,'Xã Tân Hội'),(28471,820,'Xã Bình Phú'),(28474,820,'Xã Nhị Mỹ'),(28477,820,'Xã Nhị Quý'),(28480,820,'Xã Thanh Hòa'),(28483,820,'Xã Phú Quý'),(28486,820,'Xã Long Khánh'),(28489,820,'Xã Cẩm Sơn'),(28492,820,'Xã Phú An'),(28495,820,'Xã Mỹ Long'),(28498,820,'Xã Long Tiên'),(28501,820,'Xã Hiệp Đức'),(28504,820,'Xã Long Trung'),(28507,820,'Xã Hội Xuân'),(28510,820,'Xã Tân Phong'),(28513,820,'Xã Tam Bình'),(28516,820,'Xã Ngũ Hiệp'),(28519,821,'Thị Trấn Tân Hiệp'),(28522,821,'Xã Tân Hội Đông'),(28525,821,'Xã Tân Hương'),(28528,821,'Xã Tân Lý Đông'),(28531,821,'Xã Tân Lý Tây'),(28534,821,'Xã Thân Cửu Nghĩa'),(28537,821,'Xã Tam Hiệp'),(28540,821,'Xã Điềm Hy'),(28543,821,'Xã Nhị Bình'),(28546,821,'Xã Dưỡng Điềm'),(28549,821,'Xã Đông Hòa'),(28552,821,'Xã Long Định'),(28555,821,'Xã Hữu Đạo'),(28558,821,'Xã Long An'),(28561,821,'Xã Long Hưng'),(28564,821,'Xã Bình Trưng'),(28567,815,'Xã Phước Thạnh'),(28570,821,'Xã Thạnh Phú'),(28573,821,'Xã Bàn Long'),(28576,821,'Xã Vĩnh Kim'),(28579,821,'Xã Bình Đức'),(28582,821,'Xã Song Thuận'),(28585,821,'Xã Kim Sơn'),(28588,821,'Xã Phú Phong'),(28591,815,'Xã Thới Sơn'),(28594,822,'Thị Trấn Chợ Gạo'),(28597,822,'Xã Trung Hòa'),(28600,822,'Xã Hòa Tịnh'),(28603,822,'Xã Mỹ Tịnh An'),(28606,822,'Xã Tân Bình Thạnh'),(28609,822,'Xã Phú Kiết'),(28612,822,'Xã Lương Hòa Lạc'),(28615,822,'Xã Thanh Bình'),(28618,822,'Xã Quơn Long'),(28621,822,'Xã Bình Phục Nhứt'),(28624,822,'Xã Đăng Hưng Phước'),(28627,822,'Xã Tân Thuận Bình'),(28630,822,'Xã Song Bình'),(28633,822,'Xã Bình Phan'),(28636,822,'Xã Long Bình Điền'),(28639,822,'Xã An Thạnh Thủy'),(28642,822,'Xã Xuân Đông'),(28645,822,'Xã Hòa Định'),(28648,822,'Xã Bình Ninh'),(28651,823,'Thị Trấn Vĩnh Bình'),(28654,823,'Xã Đồng Sơn'),(28657,823,'Xã Bình Phú'),(28660,823,'Xã Đồng Thạnh'),(28663,823,'Xã Thành Công'),(28666,823,'Xã Bình Nhì'),(28669,823,'Xã Yên Luông'),(28672,823,'Xã Thạnh Trị'),(28675,823,'Xã Thạnh Nhựt'),(28678,823,'Xã Long Vĩnh'),(28681,823,'Xã Bình Tân'),(28684,823,'Xã Vĩnh Hựu'),(28687,823,'Xã Long Bình'),(28690,825,'Xã Tân Thới'),(28693,825,'Xã Tân Phú'),(28696,825,'Xã Phú Thạnh'),(28699,825,'Xã Tân Thạnh'),(28702,824,'Thị Trấn Tân Hòa'),(28705,824,'Xã Tăng Hoà'),(28708,816,'Xã Bình Đông'),(28711,824,'Xã Tân Phước'),(28714,824,'Xã Gia Thuận'),(28717,816,'Xã Bình Xuân'),(28720,824,'Xã Vàm Láng'),(28723,824,'Xã Tân Tây'),(28726,824,'Xã Kiểng Phước'),(28729,816,'Xã Tân Trung'),(28732,824,'Xã Tân Đông'),(28735,824,'Xã Bình Ân'),(28738,824,'Xã Tân Điền'),(28741,824,'Xã Bình Nghị'),(28744,824,'Xã Phước Trung'),(28747,824,'Xã Tân Thành'),(28750,825,'Xã Phú Đông'),(28753,825,'Xã Phú Tân'),(28756,829,'Phường Phú Khương'),(28757,829,'Phường Phú Tân'),(28759,829,'Phường 8'),(28762,829,'Phường 6'),(28765,829,'Phường 4'),(28768,829,'Phường 5'),(28771,829,'Phường 1'),(28774,829,'Phường 3'),(28777,829,'Phường 2'),(28780,829,'Phường 7'),(28783,829,'Xã Sơn Đông'),(28786,829,'Xã Phú Hưng'),(28789,829,'Xã Bình Phú'),(28792,829,'Xã Mỹ Thạnh An'),(28795,829,'Xã Nhơn Thạnh'),(28798,829,'Xã Phú Nhuận'),(28801,831,'Thị Trấn Châu Thành'),(28804,831,'Xã Tân Thạch'),(28807,831,'Xã Qưới Sơn'),(28810,831,'Xã An Khánh'),(28813,831,'Xã Giao Long'),(28816,831,'Xã Giao Hòa'),(28819,831,'Xã Phú Túc'),(28822,831,'Xã Phú Đức'),(28825,831,'Xã Phú An Hòa'),(28828,831,'Xã An Phước'),(28831,831,'Xã Tam Phước'),(28834,831,'Xã Thành Triệu'),(28837,831,'Xã Tường Đa'),(28840,831,'Xã Tân Phú'),(28843,831,'Xã Quới Thành'),(28846,831,'Xã Phước Thạnh'),(28849,831,'Xã An Hóa'),(28852,831,'Xã Tiên Long'),(28855,831,'Xã An Hiệp'),(28858,831,'Xã Hữu Định'),(28861,831,'Xã Tiên Thủy'),(28864,831,'Xã Sơn Hòa'),(28867,831,'Xã Mỹ Thành'),(28870,832,'Thị Trấn Chợ Lách'),(28873,832,'Xã Phú Phụng'),(28876,832,'Xã Sơn Định'),(28879,832,'Xã Vĩnh Bình'),(28882,832,'Xã Hòa Nghĩa'),(28885,832,'Xã Long Thới'),(28888,832,'Xã Phú Sơn'),(28889,838,'Xã Phú Mỹ'),(28891,832,'Xã Tân Thiềng'),(28894,832,'Xã Vĩnh Thành'),(28897,832,'Xã Vĩnh Hòa'),(28900,832,'Xã Hưng Khánh Trung B'),(28901,838,'Xã Hưng Khánh Trung A'),(28903,833,'Thị Trấn Mỏ Cày'),(28906,838,'Xã Thanh Tân'),(28909,838,'Xã Thạnh Ngãi'),(28912,838,'Xã Tân Phú Tây'),(28915,838,'Xã Phước Mỹ Trung'),(28918,838,'Xã Tân Thành Bình'),(28921,838,'Xã Thành An'),(28924,838,'Xã Hòa Lộc'),(28927,838,'Xã Tân Thanh Tây'),(28930,833,'Xã Định Thủy'),(28933,838,'Xã Tân Bình'),(28936,838,'Xã Nhuận Phú Tân'),(28939,833,'Xã Đa Phước Hội'),(28940,833,'Xã Tân Hội'),(28942,833,'Xã Phước Hiệp'),(28945,833,'Xã Bình Khánh Đông'),(28948,838,'Xã Khánh Thạnh Tân'),(28951,833,'Xã An Thạnh'),(28954,833,'Xã Bình Khánh Tây'),(28957,833,'Xã An Định'),(28960,833,'Xã Thành Thới B'),(28963,833,'Xã Tân Trung'),(28966,833,'Xã An Thới'),(28969,833,'Xã Thành Thới A'),(28972,833,'Xã Minh Đức'),(28975,833,'Xã Ngãi Đăng'),(28978,833,'Xã Cẩm Sơn'),(28981,833,'Xã Hương Mỹ'),(28984,834,'Thị Trấn Giồng Trôm'),(28987,834,'Xã Phong Nẫm'),(28990,834,'Xã Phong Mỹ'),(28993,834,'Xã Mỹ Thạnh'),(28996,834,'Xã Châu Hòa'),(28999,834,'Xã Lương Hòa'),(29002,834,'Xã Lương Quới'),(29005,834,'Xã Lương Phú'),(29008,834,'Xã Châu Bình'),(29011,834,'Xã Thuận Điền'),(29014,834,'Xã Sơn Phú'),(29017,834,'Xã Bình Hoà'),(29020,834,'Xã Phước Long'),(29023,834,'Xã Hưng Phong'),(29026,834,'Xã Long Mỹ'),(29029,834,'Xã Tân Hào'),(29032,834,'Xã Bình Thành'),(29035,834,'Xã Tân Thanh'),(29038,834,'Xã Tân Lợi Thạnh'),(29041,834,'Xã Thạnh Phú Đông'),(29044,834,'Xã Hưng Nhượng'),(29047,834,'Xã Hưng Lễ'),(29050,835,'Thị Trấn Bình Đại'),(29053,835,'Xã Tam Hiệp'),(29056,835,'Xã Long Định'),(29059,835,'Xã Long Hòa'),(29062,835,'Xã Phú Thuận'),(29065,835,'Xã Vang Quới Tây'),(29068,835,'Xã Vang Quới Đông'),(29071,835,'Xã Châu Hưng'),(29074,835,'Xã Phú Vang'),(29077,835,'Xã Lộc Thuận'),(29080,835,'Xã Định Trung'),(29083,835,'Xã Thới Lai'),(29086,835,'Xã Bình Thới'),(29089,835,'Xã Phú Long'),(29092,835,'Xã Bình Thắng'),(29095,835,'Xã Thạnh Trị'),(29098,835,'Xã Đại Hòa Lộc'),(29101,835,'Xã Thừa Đức'),(29104,835,'Xã Thạnh Phước'),(29107,835,'Xã Thới Thuận'),(29110,836,'Thị Trấn Ba Tri'),(29113,836,'Xã Tân Mỹ'),(29116,836,'Xã Mỹ Hòa'),(29119,836,'Xã Tân Xuân'),(29122,836,'Xã Mỹ Chánh'),(29125,836,'Xã Bảo Thạnh'),(29128,836,'Xã An Phú Trung'),(29131,836,'Xã Mỹ Thạnh'),(29134,836,'Xã Mỹ Nhơn'),(29137,836,'Xã Phước Tuy'),(29140,836,'Xã Phú Ngãi'),(29143,836,'Xã An Ngãi Trung'),(29146,836,'Xã Phú Lễ'),(29149,836,'Xã An Bình Tây'),(29152,836,'Xã Bảo Thuận'),(29155,836,'Xã Tân Hưng'),(29158,836,'Xã An Ngãi Tây'),(29161,836,'Xã An Hiệp'),(29164,836,'Xã Vĩnh Hòa'),(29167,836,'Xã Tân Thủy'),(29170,836,'Xã Vĩnh An'),(29173,836,'Xã An Đức'),(29176,836,'Xã An Hòa Tây'),(29179,836,'Xã An Thủy'),(29182,837,'Thị Trấn Thạnh Phú'),(29185,837,'Xã Phú Khánh'),(29188,837,'Xã Đại Điền'),(29191,837,'Xã Quới Điền'),(29194,837,'Xã Tân Phong'),(29197,837,'Xã Mỹ Hưng'),(29200,837,'Xã An Thạnh'),(29203,837,'Xã Thới Thạnh'),(29206,837,'Xã Hòa Lợi'),(29209,837,'Xã An Điền'),(29212,837,'Xã Bình Thạnh'),(29215,837,'Xã An Thuận'),(29218,837,'Xã An Quy'),(29221,837,'Xã Thạnh Hải'),(29224,837,'Xã An Nhơn'),(29227,837,'Xã Giao Thạnh'),(29230,837,'Xã Thạnh Phong'),(29233,837,'Xã Mỹ An'),(29236,842,'Phường 4'),(29239,842,'Phường 1'),(29242,842,'Phường 3'),(29245,842,'Phường 2'),(29248,842,'Phường 5'),(29251,842,'Phường 6'),(29254,842,'Phường 7'),(29257,842,'Phường 8'),(29260,842,'Phường 9'),(29263,842,'Xã Long Đức'),(29266,844,'Thị Trấn Càng Long'),(29269,844,'Xã Mỹ Cẩm'),(29272,844,'Xã An Trường A'),(29275,844,'Xã An Trường'),(29278,844,'Xã Huyền Hội'),(29281,844,'Xã Tân An'),(29284,844,'Xã Tân Bình'),(29287,844,'Xã Bình Phú'),(29290,844,'Xã Phương Thạnh'),(29293,844,'Xã Đại Phúc'),(29296,844,'Xã Đại Phước'),(29299,844,'Xã Nhị Long Phú'),(29302,844,'Xã Nhị Long'),(29305,844,'Xã Đức Mỹ'),(29308,845,'Thị Trấn Cầu Kè'),(29311,845,'Xã Hòa Ân'),(29314,845,'Xã Châu Điền'),(29317,845,'Xã An Phú Tân'),(29320,845,'Xã Hoà Tân'),(29323,845,'Xã Ninh Thới'),(29326,845,'Xã Phong Phú'),(29329,845,'Xã Phong Thạnh'),(29332,845,'Xã Tam Ngãi'),(29335,845,'Xã Thông Hòa'),(29338,845,'Xã Thạnh Phú'),(29341,846,'Thị Trấn Tiểu Cần'),(29344,846,'Thị Trấn Cầu Quan'),(29347,846,'Xã Phú Cần'),(29350,846,'Xã Hiếu Tử'),(29353,846,'Xã Hiếu Trung'),(29356,846,'Xã Long Thới'),(29359,846,'Xã Hùng Hòa'),(29362,846,'Xã Tân Hùng'),(29365,846,'Xã Tập Ngãi'),(29368,846,'Xã Ngãi Hùng'),(29371,846,'Xã Tân Hòa'),(29374,847,'Thị Trấn Châu Thành'),(29377,847,'Xã Đa Lộc'),(29380,847,'Xã Mỹ Chánh'),(29383,847,'Xã Thanh Mỹ'),(29386,847,'Xã Lương Hoà A'),(29389,847,'Xã Lương Hòa'),(29392,847,'Xã Song Lộc'),(29395,847,'Xã Nguyệt Hóa'),(29398,847,'Xã Hòa Thuận'),(29401,847,'Xã Hòa Lợi'),(29404,847,'Xã Phước Hảo'),(29407,847,'Xã Hưng Mỹ'),(29410,847,'Xã Hòa Minh'),(29413,847,'Xã Long Hòa'),(29416,848,'Thị Trấn Cầu Ngang'),(29419,848,'Thị Trấn Mỹ Long'),(29422,848,'Xã Mỹ Long Bắc'),(29425,848,'Xã Mỹ Long Nam'),(29428,848,'Xã Mỹ Hòa'),(29431,848,'Xã Vĩnh Kim'),(29434,848,'Xã Kim Hòa'),(29437,848,'Xã Hiệp Hòa'),(29440,848,'Xã Thuận Hòa'),(29443,848,'Xã Long Sơn'),(29446,848,'Xã Nhị Trường'),(29449,848,'Xã Trường Thọ'),(29452,848,'Xã Hiệp Mỹ Đông'),(29455,848,'Xã Hiệp Mỹ Tây'),(29458,848,'Xã Thạnh Hòa Sơn'),(29461,849,'Thị Trấn Trà Cú'),(29462,849,'Thị Trấn Định An'),(29464,849,'Xã Phước Hưng'),(29467,849,'Xã Tập Sơn'),(29470,849,'Xã Tân Sơn'),(29473,849,'Xã An Quảng Hữu'),(29476,849,'Xã Lưu Nghiệp Anh'),(29479,849,'Xã Ngãi Xuyên'),(29482,849,'Xã Kim Sơn'),(29485,849,'Xã Thanh Sơn'),(29488,849,'Xã Hàm Giang'),(29489,849,'Xã Hàm Tân'),(29491,849,'Xã Đại An'),(29494,849,'Xã Định An'),(29497,849,'Xã Đôn Xuân'),(29500,849,'Xã Đôn Châu'),(29503,849,'Xã Ngọc Biên'),(29506,849,'Xã Long Hiệp'),(29509,849,'Xã Tân Hiệp'),(29512,850,'Thị Trấn Duyên Hải'),(29515,850,'Xã Long Toàn'),(29518,850,'Xã Long Hữu'),(29521,850,'Xã Long Khánh'),(29524,850,'Xã Dân Thành'),(29527,850,'Xã Trường Long Hòa'),(29530,850,'Xã Ngũ Lạc'),(29533,850,'Xã Long Vĩnh'),(29536,850,'Xã Đông Hải'),(29539,850,'Xã Hiệp Thạnh'),(29542,855,'Phường 9'),(29545,855,'Phường 5'),(29548,855,'Phường 1'),(29551,855,'Phường 2'),(29554,855,'Phường 4'),(29557,855,'Phường 3'),(29560,855,'Phường 8'),(29563,855,'Xã Tân Ngãi'),(29566,855,'Xã Tân Hòa'),(29569,855,'Xã Tân Hội'),(29572,855,'Xã Trường An'),(29575,857,'Thị Trấn Long Hồ'),(29578,857,'Xã Đồng Phú'),(29581,857,'Xã Bình Hòa Phước'),(29584,857,'Xã Hòa Ninh'),(29587,857,'Xã An Bình'),(29590,857,'Xã Thanh Đức'),(29593,857,'Xã Tân Hạnh'),(29596,857,'Xã Phước Hậu'),(29599,857,'Xã Long Phước'),(29602,857,'Xã Phú Đức'),(29605,857,'Xã Lộc Hòa'),(29608,857,'Xã Long An'),(29611,857,'Xã Phú Quới'),(29614,857,'Xã Thạnh Quới'),(29617,857,'Xã Hòa Phú'),(29620,858,'Thị Trấn Cái Nhum'),(29623,858,'Xã Mỹ An'),(29626,858,'Xã Mỹ Phước'),(29629,858,'Xã An Phước'),(29632,858,'Xã Nhơn Phú'),(29635,858,'Xã Long Mỹ'),(29638,858,'Xã Hòa Tịnh'),(29641,858,'Xã Chánh Hội'),(29644,858,'Xã Bình Phước'),(29647,858,'Xã Chánh An'),(29650,858,'Xã Tân An Hội'),(29653,858,'Xã Tân Long'),(29656,858,'Xã Tân Long Hội'),(29659,859,'Thị Trấn Vũng Liêm'),(29662,859,'Xã Tân Quới Trung'),(29665,859,'Xã Quới Thiện'),(29668,859,'Xã Quới An'),(29671,859,'Xã Trung Chánh'),(29674,859,'Xã Tân An Luông'),(29677,859,'Xã Thanh Bình'),(29680,859,'Xã Trung Thành Tây'),(29683,859,'Xã Trung Hiệp'),(29686,859,'Xã Hiếu Phụng'),(29689,859,'Xã Trung Thành Đông'),(29692,859,'Xã Trung Thành'),(29695,859,'Xã Trung Hiếu'),(29698,859,'Xã Trung Ngãi'),(29701,859,'Xã Hiếu Thuận'),(29704,859,'Xã Trung Nghĩa'),(29707,859,'Xã Trung An'),(29710,859,'Xã Hiếu Nhơn'),(29713,859,'Xã Hiếu Thành'),(29716,859,'Xã Hiếu Nghĩa'),(29719,860,'Thị Trấn Tam Bình'),(29722,860,'Xã Tân Lộc'),(29725,860,'Xã Phú Thịnh'),(29728,860,'Xã Hậu Lộc'),(29731,860,'Xã Hòa Thạnh'),(29734,860,'Xã Hoà Lộc'),(29737,860,'Xã Phú Lộc'),(29740,860,'Xã Song Phú'),(29743,860,'Xã Hòa Hiệp'),(29746,860,'Xã Mỹ Lộc'),(29749,860,'Xã Tân Phú'),(29752,860,'Xã Long Phú'),(29755,860,'Xã Mỹ Thạnh Trung'),(29758,860,'Xã Tường Lộc'),(29761,860,'Xã Loan Mỹ'),(29764,860,'Xã Ngãi Tứ'),(29767,860,'Xã Bình Ninh'),(29770,861,'Thị Trấn Cái Vồn'),(29773,863,'Xã Tân Hưng'),(29776,863,'Xã Tân Thành'),(29779,863,'Xã Thành Trung'),(29782,863,'Xã Tân An Thạnh'),(29785,863,'Xã Tân Lược'),(29788,863,'Xã Nguyễn Văn Thảnh'),(29791,863,'Xã Thành Đông'),(29794,863,'Xã Mỹ Thuận'),(29797,863,'Xã Tân Bình'),(29800,863,'Xã Thành Lợi'),(29803,863,'Xã Tân Quới'),(29806,861,'Xã Thuận An'),(29809,861,'Xã Đông Thạnh'),(29812,861,'Xã Đông Bình'),(29815,861,'Xã Mỹ Hòa'),(29818,861,'Xã Đông Thành'),(29821,862,'Thị Trấn Trà Ôn'),(29824,862,'Xã Xuân Hiệp'),(29827,862,'Xã Nhơn Bình'),(29830,862,'Xã Hòa Bình'),(29833,862,'Xã Thới Hòa'),(29836,862,'Xã Trà Côn'),(29839,862,'Xã Tân Mỹ'),(29842,862,'Xã Hựu Thành'),(29845,862,'Xã Vĩnh Xuân'),(29848,862,'Xã Thuận Thới'),(29851,862,'Xã Phú Thành'),(29854,862,'Xã Thiện Mỹ'),(29857,862,'Xã Lục Sỹ Thành'),(29860,862,'Xã Tích Thiện'),(29863,866,'Phường 11'),(29866,866,'Phường 1'),(29869,866,'Phường 2'),(29872,866,'Phường 4'),(29875,866,'Phường 3'),(29878,866,'Phường 6'),(29881,866,'Xã Mỹ Ngãi'),(29884,866,'Xã Mỹ Tân'),(29887,866,'Xã Mỹ Trà'),(29888,866,'Phường Mỹ Phú'),(29890,866,'Xã Tân Thuận Tây'),(29892,866,'Phường Hoà Thuận'),(29893,866,'Xã Hòa An'),(29896,866,'Xã Tân Thuận Đông'),(29899,866,'Xã Tịnh Thới'),(29902,867,'Phường 3'),(29905,867,'Phường 1'),(29908,867,'Phường 4'),(29911,867,'Phường 2'),(29914,867,'Xã Tân Khánh Đông'),(29917,867,'Phường Tân Quy Đông'),(29919,867,'Phường An Hoà'),(29920,867,'Xã Tân Quy Tây'),(29923,867,'Xã Tân Phú Đông'),(29926,869,'Thị Trấn Sa Rài'),(29929,869,'Xã Tân Hộ Cơ'),(29932,869,'Xã Thông Bình'),(29935,869,'Xã Bình Phú'),(29938,869,'Xã Tân Thành A'),(29941,869,'Xã Tân Thành B'),(29944,869,'Xã Tân Phước'),(29947,869,'Xã Tân Công Chí'),(29950,869,'Xã An Phước'),(29954,868,'Phường An Lộc'),(29955,868,'Phường An Thạnh'),(29956,870,'Xã Thường Phước 1'),(29959,868,'Xã Bình Thạnh'),(29962,870,'Xã Thường Thới Hậu A'),(29965,868,'Xã Tân Hội'),(29968,870,'Xã Thường Thới Hậu B'),(29971,870,'Xã Thường Thới Tiền'),(29974,870,'Xã Thường Phước 2'),(29977,870,'Xã Thường Lạc'),(29978,868,'Phường An Lạc'),(29980,870,'Xã Long Khánh A'),(29983,870,'Xã Long Khánh B'),(29986,868,'Xã An Bình B'),(29989,868,'Xã An Bình A'),(29992,870,'Xã Long Thuận'),(29995,870,'Xã Phú Thuận B'),(29998,870,'Xã Phú Thuận A'),(30001,871,'Thị Trấn Tràm Chim'),(30004,871,'Xã Hoà Bình'),(30007,871,'Xã Tân Công Sính'),(30010,871,'Xã Phú Hiệp'),(30013,871,'Xã Phú Đức'),(30016,871,'Xã Phú Thành B'),(30019,871,'Xã An Hòa'),(30022,871,'Xã An Long'),(30025,871,'Xã Phú Cường'),(30028,871,'Xã Phú Ninh'),(30031,871,'Xã Phú Thọ'),(30034,871,'Xã Phú Thành A'),(30037,872,'Thị Trấn Mỹ An'),(30040,872,'Xã Thạnh Lợi'),(30043,872,'Xã Hưng Thạnh'),(30046,872,'Xã Trường Xuân'),(30049,872,'Xã Tân Kiều'),(30052,872,'Xã Mỹ Hòa'),(30055,872,'Xã Mỹ Quý'),(30058,872,'Xã Mỹ Đông'),(30061,872,'Xã Đốc Binh Kiều'),(30064,872,'Xã Mỹ An'),(30067,872,'Xã Phú Điền'),(30070,872,'Xã Láng Biển'),(30073,872,'Xã Thanh Mỹ'),(30076,873,'Thị Trấn Mỹ Thọ'),(30079,873,'Xã Gáo Giồng'),(30082,873,'Xã Phương Thịnh'),(30085,873,'Xã Ba Sao'),(30088,873,'Xã Phong Mỹ'),(30091,873,'Xã Tân Nghĩa'),(30094,873,'Xã Phương Trà'),(30097,873,'Xã Nhị Mỹ'),(30100,873,'Xã Mỹ Thọ'),(30103,873,'Xã Tân Hội Trung'),(30106,873,'Xã An Bình'),(30109,873,'Xã Mỹ Hội'),(30112,873,'Xã Mỹ Hiệp'),(30115,873,'Xã Mỹ Long'),(30118,873,'Xã Bình Hàng Trung'),(30121,873,'Xã Mỹ Xương'),(30124,873,'Xã Bình Hàng Tây'),(30127,873,'Xã Bình Thạnh'),(30130,874,'Thị Trấn Thanh Bình'),(30133,874,'Xã Tân Quới'),(30136,874,'Xã Tân Hòa'),(30139,874,'Xã An Phong'),(30142,874,'Xã Phú Lợi'),(30145,874,'Xã Tân Mỹ'),(30148,874,'Xã Bình Tấn'),(30151,874,'Xã Tân Huề'),(30154,874,'Xã Tân Bình'),(30157,874,'Xã Tân Thạnh'),(30160,874,'Xã Tân Phú'),(30163,874,'Xã Bình Thành'),(30164,910,'Xã Bình Minh'),(30166,874,'Xã Tân Long'),(30169,875,'Thị Trấn Lấp Vò'),(30172,875,'Xã Mỹ An Hưng A'),(30175,875,'Xã Tân Mỹ'),(30178,875,'Xã Mỹ An Hưng B'),(30181,875,'Xã Tân Khánh Trung'),(30184,875,'Xã Long Hưng A'),(30187,875,'Xã Vĩnh Thạnh'),(30190,875,'Xã Long Hưng B'),(30193,875,'Xã Bình Thành'),(30196,875,'Xã Định An'),(30199,875,'Xã Định Yên'),(30202,875,'Xã Hội An Đông'),(30205,875,'Xã Bình Thạnh Trung'),(30208,876,'Thị Trấn Lai Vung'),(30211,876,'Xã Tân Dương'),(30214,876,'Xã Hòa Thành'),(30217,876,'Xã Long Hậu'),(30220,876,'Xã Tân Phước'),(30223,876,'Xã Hòa Long'),(30226,876,'Xã Tân Thành'),(30229,876,'Xã Long Thắng'),(30232,876,'Xã Vĩnh Thới'),(30235,876,'Xã Tân Hòa'),(30238,876,'Xã Định Hòa'),(30241,876,'Xã Phong Hòa'),(30244,877,'Thị Trấn Cái Tàu Hạ'),(30247,877,'Xã An Hiệp'),(30250,877,'Xã An Nhơn'),(30253,877,'Xã Tân Nhuận Đông'),(30256,877,'Xã Tân Bình'),(30259,877,'Xã Tân Phú Trung'),(30262,877,'Xã Phú Long'),(30265,877,'Xã An Phú Thuận'),(30268,877,'Xã Phú Hựu'),(30271,877,'Xã An Khánh'),(30274,877,'Xã Tân Phú'),(30277,877,'Xã Hòa Tân'),(30280,883,'Phường Mỹ Bình'),(30283,883,'Phường Mỹ Long'),(30285,883,'Phường Đông Xuyên'),(30286,883,'Phường Mỹ Xuyên'),(30289,883,'Phường Bình Đức'),(30292,883,'Phường Bình Khánh'),(30295,883,'Phường Mỹ Phước'),(30298,883,'Phường Mỹ Quý'),(30301,883,'Phường Mỹ Thới'),(30304,883,'Phường Mỹ Thạnh'),(30307,883,'Phường Mỹ Hòa'),(30310,883,'Xã Mỹ Khánh'),(30313,883,'Xã Mỹ Hoà Hưng'),(30316,884,'Phường Châu Phú B'),(30319,884,'Phường Châu Phú A'),(30322,884,'Phường Vĩnh Mỹ'),(30325,884,'Phường Núi Sam'),(30328,884,'Xã Vĩnh Ngươn'),(30331,884,'Xã Vĩnh Tế'),(30334,884,'Xã Vĩnh Châu'),(30337,886,'Thị Trấn An Phú'),(30340,886,'Xã Khánh An'),(30341,886,'Thị Trấn Long Bình'),(30343,886,'Xã Khánh Bình'),(30346,886,'Xã Quốc Thái'),(30349,886,'Xã Nhơn Hội'),(30352,886,'Xã Phú Hữu'),(30355,886,'Xã Phú Hội'),(30358,886,'Xã Phước Hưng'),(30361,886,'Xã Vĩnh Lộc'),(30364,886,'Xã Vĩnh Hậu'),(30367,886,'Xã Vĩnh Trường'),(30370,886,'Xã Vĩnh Hội Đông'),(30373,886,'Xã Đa Phước'),(30376,887,'Phường Long Thạnh'),(30377,887,'Phường Long Hưng'),(30378,887,'Phường Long Châu'),(30379,887,'Xã Phú Lộc'),(30382,887,'Xã Vĩnh Xương'),(30385,887,'Xã Vĩnh Hòa'),(30387,887,'Xã Tân Thạnh'),(30388,887,'Xã Tân An'),(30391,887,'Xã Long An'),(30394,887,'Phường Long Phú'),(30397,887,'Xã Châu Phong'),(30400,887,'Xã Phú Vĩnh'),(30403,887,'Xã Lê Chánh'),(30406,888,'Thị Trấn Phú Mỹ'),(30409,888,'Thị Trấn Chợ Vàm'),(30412,887,'Phường Long Sơn'),(30415,888,'Xã Long Hoà'),(30418,888,'Xã Phú Long'),(30421,888,'Xã Phú Lâm'),(30424,888,'Xã Phú Hiệp'),(30427,888,'Xã Phú Thạnh'),(30430,888,'Xã Hoà Lạc'),(30433,888,'Xã Phú Thành'),(30436,888,'Xã Phú An'),(30439,888,'Xã Phú Xuân'),(30442,888,'Xã Hiệp Xương'),(30445,888,'Xã Phú Bình'),(30448,888,'Xã Phú Thọ'),(30451,888,'Xã Phú Hưng'),(30454,888,'Xã Bình Thạnh Đông'),(30457,888,'Xã Tân Hòa'),(30460,888,'Xã Tân Trung'),(30463,889,'Thị Trấn Cái Dầu'),(30466,889,'Xã Khánh Hòa'),(30469,889,'Xã Mỹ Đức'),(30472,889,'Xã Mỹ Phú'),(30475,889,'Xã Ô Long Vỹ'),(30478,889,'Xã Vĩnh Thạnh Trung'),(30481,889,'Xã Thạnh Mỹ Tây'),(30484,889,'Xã Bình Long'),(30487,889,'Xã Bình Mỹ'),(30490,889,'Xã Bình Thủy'),(30493,889,'Xã Đào Hữu Cảnh'),(30496,889,'Xã Bình Phú'),(30499,889,'Xã Bình Chánh'),(30502,890,'Thị Trấn Nhà Bàng'),(30505,890,'Thị Trấn Chi Lăng'),(30508,890,'Xã Núi Voi'),(30511,890,'Xã Nhơn Hưng'),(30514,890,'Xã An Phú'),(30517,890,'Xã Thới Sơn'),(30520,890,'Thị Trấn Tịnh Biên'),(30523,890,'Xã Văn Giáo'),(30526,890,'Xã An Cư'),(30529,890,'Xã An Nông'),(30532,890,'Xã Vĩnh Trung'),(30535,890,'Xã Tân Lợi'),(30538,890,'Xã An Hảo'),(30541,890,'Xã Tân Lập'),(30544,891,'Thị Trấn Tri Tôn'),(30547,891,'Thị Trấn Ba Chúc'),(30550,891,'Xã Lạc Quới'),(30553,891,'Xã Lê Trì'),(30556,891,'Xã Vĩnh Gia'),(30559,891,'Xã Vĩnh Phước'),(30562,891,'Xã Châu Lăng'),(30565,891,'Xã Lương Phi'),(30568,891,'Xã Lương An Trà'),(30571,891,'Xã Tà Đảnh'),(30574,891,'Xã Núi Tô'),(30577,891,'Xã An Tức'),(30580,891,'Xã Cô Tô'),(30583,891,'Xã Tân Tuyến'),(30586,891,'Xã Ô Lâm'),(30589,892,'Thị Trấn An Châu'),(30592,892,'Xã An Hòa'),(30595,892,'Xã Cần Đăng'),(30598,892,'Xã Vĩnh Hanh'),(30601,892,'Xã Bình Thạnh'),(30604,892,'Xã Vĩnh Bình'),(30607,892,'Xã Bình Hòa'),(30610,892,'Xã Vĩnh An'),(30613,892,'Xã Hòa Bình Thạnh'),(30616,892,'Xã Vĩnh Lợi'),(30619,892,'Xã Vĩnh Nhuận'),(30622,892,'Xã Tân Phú'),(30625,892,'Xã Vĩnh Thành'),(30628,893,'Thị Trấn Chợ Mới'),(30631,893,'Thị Trấn Mỹ Luông'),(30634,893,'Xã Kiến An'),(30637,893,'Xã Mỹ Hội Đông'),(30640,893,'Xã Long Điền A'),(30643,893,'Xã Tấn Mỹ'),(30646,893,'Xã Long Điền B'),(30649,893,'Xã Kiến Thành'),(30652,893,'Xã Mỹ Hiệp'),(30655,893,'Xã Mỹ An'),(30658,893,'Xã Nhơn Mỹ'),(30661,893,'Xã Long Giang'),(30664,893,'Xã Long Kiến'),(30667,893,'Xã Bình Phước Xuân'),(30670,893,'Xã An Thạnh Trung'),(30673,893,'Xã Hội An'),(30676,893,'Xã Hòa Bình'),(30679,893,'Xã Hòa An'),(30682,894,'Thị Trấn Núi Sập'),(30685,894,'Thị Trấn Phú Hoà'),(30688,894,'Thị Trấn Óc Eo'),(30691,894,'Xã Tây Phú'),(30692,894,'Xã An Bình'),(30694,894,'Xã Vĩnh Phú'),(30697,894,'Xã Vĩnh Trạch'),(30700,894,'Xã Phú Thuận'),(30703,894,'Xã Vĩnh Chánh'),(30706,894,'Xã Định Mỹ'),(30709,894,'Xã Định Thành'),(30712,894,'Xã Mỹ Phú Đông'),(30715,894,'Xã Vọng Đông'),(30718,894,'Xã Vĩnh Khánh'),(30721,894,'Xã Thoại Giang'),(30724,894,'Xã Bình Thành'),(30727,894,'Xã Vọng Thê'),(30730,899,'Phường Vĩnh Thanh Vân'),(30733,899,'Phường Vĩnh Thanh'),(30736,899,'Phường Vĩnh Quang'),(30739,899,'Phường Vĩnh Hiệp'),(30742,899,'Phường Vĩnh Bảo'),(30745,899,'Phường Vĩnh Lạc'),(30748,899,'Phường An Hòa'),(30751,899,'Phường An Bình'),(30754,899,'Phường Rạch Sỏi'),(30757,899,'Phường Vĩnh Lợi'),(30760,899,'Phường Vĩnh Thông'),(30763,899,'Xã Phi Thông'),(30766,900,'Phường Tô Châu'),(30769,900,'Phường Đông Hồ'),(30772,900,'Phường Bình San'),(30775,900,'Phường Pháo Đài'),(30778,900,'Xã Mỹ Đức'),(30781,900,'Xã Tiên Hải'),(30784,900,'Xã Thuận Yên'),(30787,902,'Thị Trấn Kiên Lương'),(30790,902,'Xã Kiên Bình'),(30791,914,'Xã Vĩnh Phú'),(30793,914,'Xã Vĩnh Điều'),(30796,914,'Xã Tân Khánh Hòa'),(30797,914,'Xã Phú Lợi'),(30799,914,'Xã Phú Mỹ'),(30802,902,'Xã Hòa Điền'),(30805,902,'Xã Dương Hòa'),(30808,902,'Xã Bình An'),(30809,902,'Xã Bình Trị'),(30811,902,'Xã Sơn Hải'),(30814,902,'Xã Hòn Nghệ'),(30817,903,'Thị Trấn Hòn Đất'),(30820,903,'Thị Trấn Sóc Sơn'),(30823,903,'Xã Bình Sơn'),(30826,903,'Xã Bình Giang'),(30828,903,'Xã Mỹ Thái'),(30829,903,'Xã Nam Thái Sơn'),(30832,903,'Xã Mỹ Hiệp Sơn'),(30835,903,'Xã Sơn Kiên'),(30836,903,'Xã Sơn Bình'),(30838,903,'Xã Mỹ Thuận'),(30840,903,'Xã Lình Huỳnh'),(30841,903,'Xã Thổ Sơn'),(30844,903,'Xã Mỹ Lâm'),(30847,903,'Xã Mỹ Phước'),(30850,904,'Thị Trấn Tân Hiệp'),(30853,904,'Xã Tân Hội'),(30856,904,'Xã Tân Thành'),(30859,904,'Xã Tân Hiệp B'),(30860,904,'Xã Tân Hòa'),(30862,904,'Xã Thạnh Đông B'),(30865,904,'Xã Thạnh Đông'),(30868,904,'Xã Tân Hiệp A'),(30871,904,'Xã Tân An'),(30874,904,'Xã Thạnh Đông A'),(30877,904,'Xã Thạnh Trị'),(30880,905,'Thị Trấn Minh Lương'),(30883,905,'Xã Mong Thọ A'),(30886,905,'Xã Mong Thọ B'),(30887,905,'Xã Mong Thọ'),(30889,905,'Xã Giục Tượng'),(30892,905,'Xã Vĩnh Hòa Hiệp'),(30893,905,'Xã Vĩnh Hoà Phú'),(30895,905,'Xã Minh Hòa'),(30898,905,'Xã Bình An'),(30901,905,'Xã Thạnh Lộc'),(30904,906,'Thị Trấn Giồng Giềng'),(30907,906,'Xã Thạnh Hưng'),(30910,906,'Xã Thạnh Phước'),(30913,906,'Xã Thạnh Lộc'),(30916,906,'Xã Thạnh Hòa'),(30917,906,'Xã Thạnh Bình'),(30919,906,'Xã Bàn Thạch'),(30922,906,'Xã Bàn Tân Định'),(30925,906,'Xã Ngọc Thành'),(30928,906,'Xã Ngọc Chúc'),(30931,906,'Xã Ngọc Thuận'),(30934,906,'Xã Hòa Hưng'),(30937,906,'Xã Hoà Lợi'),(30940,906,'Xã Hoà An'),(30943,906,'Xã Long Thạnh'),(30946,906,'Xã Vĩnh Thạnh'),(30947,906,'Xã Vĩnh Phú'),(30949,906,'Xã Hòa Thuận'),(30950,906,'Xã Ngọc Hoà'),(30952,907,'Thị Trấn Gò Quao'),(30955,907,'Xã Vĩnh Hòa Hưng Bắc'),(30958,907,'Xã Định Hòa'),(30961,907,'Xã Thới Quản'),(30964,907,'Xã Định An'),(30967,907,'Xã Thủy Liểu'),(30970,907,'Xã Vĩnh Hòa Hưng Nam'),(30973,907,'Xã Vĩnh Phước A'),(30976,907,'Xã Vĩnh Phước B'),(30979,907,'Xã Vĩnh Tuy'),(30982,907,'Xã Vĩnh Thắng'),(30985,908,'Thị Trấn Thứ Ba'),(30988,908,'Xã Tây Yên'),(30991,908,'Xã Tây Yên A'),(30994,908,'Xã Nam Yên'),(30997,908,'Xã Hưng Yên'),(31000,908,'Xã Nam Thái'),(31003,908,'Xã Nam Thái A'),(31006,908,'Xã Đông Thái'),(31009,908,'Xã Đông Yên'),(31012,913,'Xã Thạnh Yên'),(31015,913,'Xã Thạnh Yên A'),(31018,909,'Thị Trấn Thứ Mười Một'),(31021,909,'Xã Thuận Hoà'),(31024,909,'Xã Đông Hòa'),(31027,913,'Xã An Minh Bắc'),(31030,909,'Xã Đông Thạnh'),(31031,909,'Xã Tân Thạnh'),(31033,909,'Xã Đông Hưng'),(31036,909,'Xã Đông Hưng A'),(31039,909,'Xã Đông Hưng B'),(31042,909,'Xã Vân Khánh'),(31045,909,'Xã Vân Khánh Đông'),(31048,909,'Xã Vân Khánh Tây'),(31051,910,'Thị Trấn Vĩnh Thuận'),(31054,913,'Xã Vĩnh Hòa'),(31057,913,'Xã Hoà Chánh'),(31060,910,'Xã Vĩnh Bình Bắc'),(31063,910,'Xã Vĩnh Bình Nam'),(31066,913,'Xã Minh Thuận'),(31069,910,'Xã Vĩnh Thuận'),(31072,910,'Xã Tân Thuận'),(31074,910,'Xã Phong Đông'),(31075,910,'Xã Vĩnh Phong'),(31078,911,'Thị Trấn Dương Đông'),(31081,911,'Thị Trấn An Thới'),(31084,911,'Xã Cửa Cạn'),(31087,911,'Xã Gành Dầu'),(31090,911,'Xã Cửa Dương'),(31093,911,'Xã Hàm Ninh'),(31096,911,'Xã Dương Tơ'),(31099,911,'Xã Hòn Thơm'),(31102,911,'Xã Bãi Thơm'),(31105,911,'Xã Thổ Châu'),(31108,912,'Xã Hòn Tre'),(31111,912,'Xã Lại Sơn'),(31114,912,'Xã An Sơn'),(31115,912,'Xã Nam Du'),(31117,916,'Phường Cái Khế'),(31120,916,'Phường An Hòa'),(31123,916,'Phường Thới Bình'),(31126,916,'Phường An Nghiệp'),(31129,916,'Phường An Cư'),(31132,916,'Phường An Hội'),(31135,916,'Phường Tân An'),(31138,916,'Phường An Lạc'),(31141,916,'Phường An Phú'),(31144,916,'Phường Xuân Khánh'),(31147,916,'Phường Hưng Lợi'),(31149,916,'Phường An Khánh'),(31150,916,'Phường An Bình'),(31153,917,'Phường Châu Văn Liêm'),(31154,917,'Phường Thới Hoà'),(31156,917,'Phường Thới Long'),(31157,917,'Phường Long Hưng'),(31159,917,'Phường Thới An'),(31162,917,'Phường Phước Thới'),(31165,917,'Phường Trường Lạc'),(31168,918,'Phường Bình Thủy'),(31169,918,'Phường Trà An'),(31171,918,'Phường Trà Nóc'),(31174,918,'Phường Thới An Đông'),(31177,918,'Phường An Thới'),(31178,918,'Phường Bùi Hữu Nghĩa'),(31180,918,'Phường Long Hòa'),(31183,918,'Phường Long Tuyền'),(31186,919,'Phường Lê Bình'),(31189,919,'Phường Hưng Phú'),(31192,919,'Phường Hưng Thạnh'),(31195,919,'Phường Ba Láng'),(31198,919,'Phường Thường Thạnh'),(31201,919,'Phường Phú Thứ'),(31204,919,'Phường Tân Phú'),(31207,923,'Phường Thốt Nốt'),(31210,923,'Phường Thới Thuận'),(31211,924,'Xã Vĩnh Bình'),(31212,923,'Phường Thuận An'),(31213,923,'Phường Tân Lộc'),(31216,923,'Phường Trung Nhất'),(31217,923,'Phường Thạnh Hoà'),(31219,923,'Phường Trung Kiên'),(31222,925,'Xã Trung An'),(31225,925,'Xã Trung Thạnh'),(31227,923,'Phường Tân Hưng'),(31228,923,'Phường Thuận Hưng'),(31231,924,'Thị Trấn Thạnh An'),(31232,924,'Thị Trấn Vĩnh Thạnh'),(31234,924,'Xã Thạnh Mỹ'),(31237,924,'Xã Vĩnh Trinh'),(31240,924,'Xã Thạnh An'),(31241,924,'Xã Thạnh Tiến'),(31243,924,'Xã Thạnh Thắng'),(31244,924,'Xã Thạnh Lợi'),(31246,924,'Xã Thạnh Qưới'),(31249,925,'Xã Thạnh Phú'),(31252,924,'Xã Thạnh Lộc'),(31255,925,'Xã Trung Hưng'),(31258,927,'Thị Trấn Thới Lai'),(31261,925,'Thị Trấn Cờ Đỏ'),(31264,925,'Xã Thới Hưng'),(31267,927,'Xã Thới Thạnh'),(31268,927,'Xã Tân Thạnh'),(31270,927,'Xã Xuân Thắng'),(31273,925,'Xã Đông Hiệp'),(31274,925,'Xã Đông Thắng'),(31276,925,'Xã Thới Đông'),(31277,925,'Xã Thới Xuân'),(31279,927,'Xã Đông Bình'),(31282,927,'Xã Đông Thuận'),(31285,927,'Xã Thới Tân'),(31286,927,'Xã Trường Thắng'),(31288,927,'Xã Định Môn'),(31291,927,'Xã Trường Thành'),(31294,927,'Xã Trường Xuân'),(31297,927,'Xã Trường Xuân A'),(31298,927,'Xã Trường Xuân B'),(31299,926,'Thị Trấn Phong Điền'),(31300,926,'Xã Nhơn Ái'),(31303,926,'Xã Giai Xuân'),(31306,926,'Xã Tân Thới'),(31309,926,'Xã Trường Long'),(31312,926,'Xã Mỹ Khánh'),(31315,926,'Xã Nhơn Nghĩa'),(31318,930,'Phường I'),(31321,930,'Phường Iii'),(31324,930,'Phường Iv'),(31327,930,'Phường V'),(31330,930,'Phường Vii'),(31333,930,'Xã Vị Tân'),(31336,930,'Xã Hoả Lựu'),(31338,930,'Xã Tân Tiến'),(31339,930,'Xã Hoả Tiến'),(31340,931,'Phường Ngã Bảy'),(31341,931,'Phường Lái Hiếu'),(31342,932,'Thị Trấn Một Ngàn'),(31343,931,'Phường Hiệp Thành'),(31344,931,'Xã Hiệp Lợi'),(31345,932,'Xã Tân Hòa'),(31346,932,'Thị Trấn Bảy Ngàn'),(31348,932,'Xã Trường Long Tây'),(31351,932,'Xã Trường Long A'),(31357,932,'Xã Nhơn Nghĩa A'),(31359,932,'Thị Trấn Rạch Gòi'),(31360,932,'Xã Thạnh Xuân'),(31362,932,'Thị Trấn Cái Tắc'),(31363,932,'Xã Tân Phú Thạnh'),(31366,933,'Thị Trấn Ngã Sáu'),(31369,933,'Xã Đông Thạnh'),(31372,933,'Xã Phú An'),(31375,933,'Xã Đông Phú'),(31378,933,'Xã Phú Hữu'),(31379,933,'Xã Phú Tân'),(31381,933,'Xã Phú Hữu A'),(31384,933,'Xã Đông Phước'),(31387,933,'Xã Đông Phước A'),(31393,934,'Thị Trấn Kinh Cùng'),(31396,934,'Thị Trấn Cây Dương'),(31399,934,'Xã Tân Bình'),(31402,934,'Xã Bình Thành'),(31405,934,'Xã Thạnh Hòa'),(31408,934,'Xã Long Thạnh'),(31411,931,'Xã Đại Thành'),(31414,931,'Xã Tân Thành'),(31417,934,'Xã Phụng Hiệp'),(31420,934,'Xã Hòa Mỹ'),(31423,934,'Xã Hòa An'),(31426,934,'Xã Phương Bình'),(31429,934,'Xã Hiệp Hưng'),(31432,934,'Xã Tân Phước Hưng'),(31435,934,'Xã Phương Phú'),(31438,934,'Xã Tân Long'),(31441,935,'Thị Trấn Nàng Mau'),(31444,935,'Xã Vị Trung'),(31447,935,'Xã Vị Thuỷ'),(31450,935,'Xã Vị Thắng'),(31453,935,'Xã Vĩnh Thuận Tây'),(31456,935,'Xã Vĩnh Trung'),(31459,935,'Xã Vĩnh Tường'),(31462,935,'Xã Vị Đông'),(31465,935,'Xã Vị Thanh'),(31468,935,'Xã Vị Bình'),(31471,936,'Thị Trấn Long Mỹ'),(31472,936,'Thị Trấn Trà Lồng'),(31474,936,'Xã Long Bình'),(31477,936,'Xã Long Trị'),(31478,936,'Xã Long Trị A'),(31480,936,'Xã Long Phú'),(31481,936,'Xã Tân Phú'),(31483,936,'Xã Thuận Hưng'),(31484,936,'Xã Thuận Hoà'),(31486,936,'Xã Vĩnh Thuận Đông'),(31489,936,'Xã Vĩnh Viễn'),(31490,936,'Xã Vĩnh Viễn A'),(31492,936,'Xã Lương Tâm'),(31493,936,'Xã Lương Nghĩa'),(31495,936,'Xã Xà Phiên'),(31498,941,'Phường 5'),(31501,941,'Phường 7'),(31504,941,'Phường 8'),(31507,941,'Phường 6'),(31510,941,'Phường 2'),(31513,941,'Phường 1'),(31516,941,'Phường 4'),(31519,941,'Phường 3'),(31522,941,'Phường 9'),(31525,941,'Phường 10'),(31528,943,'Thị Trấn Kế Sách'),(31531,943,'Xã An Lạc Thôn'),(31534,943,'Xã Xuân Hòa'),(31537,943,'Xã Phong Nẫm'),(31540,943,'Xã An Lạc Tây'),(31543,943,'Xã Trinh Phú'),(31546,943,'Xã Ba Trinh'),(31549,943,'Xã Thới An Hội'),(31552,943,'Xã Nhơn Mỹ'),(31555,943,'Xã Kế Thành'),(31558,943,'Xã Kế An'),(31561,943,'Xã Đại Hải'),(31564,943,'Xã An Mỹ'),(31567,944,'Thị Trấn Huỳnh Hữu Nghĩa'),(31569,942,'Thị Trấn Châu Thành'),(31570,942,'Xã Hồ Đắc Kiện'),(31573,942,'Xã Phú Tâm'),(31576,942,'Xã Thuận Hòa'),(31579,944,'Xã Long Hưng'),(31582,942,'Xã Phú Tân'),(31585,942,'Xã Thiện Mỹ'),(31588,944,'Xã Hưng Phú'),(31591,944,'Xã Mỹ Hương'),(31594,942,'Xã An Hiệp'),(31597,944,'Xã Mỹ Tú'),(31600,942,'Xã An Ninh'),(31603,944,'Xã Mỹ Phước'),(31606,944,'Xã Thuận Hưng'),(31609,944,'Xã Mỹ Thuận'),(31612,944,'Xã Phú Mỹ'),(31615,945,'Thị Trấn Cù Lao Dung'),(31618,945,'Xã An Thạnh 1'),(31621,945,'Xã An Thạnh Tây'),(31624,945,'Xã An Thạnh Đông'),(31627,945,'Xã Đại Ân 1'),(31630,945,'Xã An Thạnh 2'),(31633,945,'Xã An Thạnh 3'),(31636,945,'Xã An Thạnh Nam'),(31639,946,'Thị Trấn Long Phú'),(31642,946,'Xã Song Phụng'),(31645,946,'Xã Đại Ngãi'),(31648,946,'Xã Hậu Thạnh'),(31651,946,'Xã Long Đức'),(31654,946,'Xã Trường Khánh'),(31657,946,'Xã Phú Hữu'),(31660,946,'Xã Tân Hưng'),(31663,946,'Xã Châu Khánh'),(31666,946,'Xã Tân Thạnh'),(31669,946,'Xã Long Phú'),(31672,951,'Xã Đại Ân 2'),(31673,951,'Thị Trấn Trần Đề'),(31675,951,'Xã Liêu Tú'),(31678,951,'Xã Lịch Hội Thượng'),(31679,951,'Thị Trấn Lịch Hội Thượng'),(31681,951,'Xã Trung Bình'),(31684,947,'Thị Trấn Mỹ Xuyên'),(31687,951,'Xã Tài Văn'),(31690,947,'Xã Đại Tâm'),(31693,947,'Xã Tham Đôn'),(31696,951,'Xã Viên An'),(31699,951,'Xã Thạnh Thới An'),(31702,951,'Xã Thạnh Thới Thuận'),(31705,951,'Xã Viên Bình'),(31708,947,'Xã Thạnh Phú'),(31711,947,'Xã Ngọc Đông'),(31714,947,'Xã Thạnh Quới'),(31717,947,'Xã Hòa Tú 1'),(31720,947,'Xã Gia Hòa 1'),(31723,947,'Xã Ngọc Tố'),(31726,947,'Xã Gia Hòa 2'),(31729,947,'Xã Hòa Tú Ii'),(31732,948,'Thị Trấn Ngã Năm'),(31735,948,'Xã Long Tân'),(31738,948,'Xã Vĩnh Quới'),(31741,948,'Xã Tân Long'),(31744,948,'Xã Long Bình'),(31747,948,'Xã Vĩnh Biên'),(31750,948,'Xã Mỹ Bình'),(31753,948,'Xã Mỹ Quới'),(31756,949,'Thị Trấn Phú Lộc'),(31757,949,'Thị Trấn Hưng Lợi'),(31759,949,'Xã Lâm Tân'),(31762,949,'Xã Thạnh Tân'),(31765,949,'Xã Lâm Kiết'),(31768,949,'Xã Tuân Tức'),(31771,949,'Xã Vĩnh Thành'),(31774,949,'Xã Thạnh Trị'),(31777,949,'Xã Vĩnh Lợi'),(31780,949,'Xã Châu Hưng'),(31783,950,'Thị Trấn Vĩnh Châu'),(31786,950,'Xã Hòa Đông'),(31789,950,'Xã Khánh Hòa'),(31792,950,'Xã Vĩnh Hiệp'),(31795,950,'Xã Vĩnh Hải'),(31798,950,'Xã Lạc Hòa'),(31801,950,'Xã Vĩnh Châu'),(31804,950,'Xã Vĩnh Phước'),(31807,950,'Xã Vĩnh Tân'),(31810,950,'Xã Lai Hòa'),(31813,954,'Phường 2'),(31816,954,'Phường 3'),(31819,954,'Phường 5'),(31822,954,'Phường 7'),(31825,954,'Phường 1'),(31828,954,'Phường 8'),(31831,954,'Phường Nhà Mát'),(31834,954,'Xã Vĩnh Trạch'),(31837,954,'Xã Vĩnh Trạch Đông'),(31840,954,'Xã Hiệp Thành'),(31843,956,'Thị Trấn Ngan Dừa'),(31846,956,'Xã Ninh Quới'),(31849,956,'Xã Ninh Quới A'),(31852,956,'Xã Ninh Hòa'),(31855,956,'Xã Lộc Ninh'),(31858,956,'Xã Vĩnh Lộc'),(31861,956,'Xã Vĩnh Lộc A'),(31863,956,'Xã Ninh Thạnh Lợi A'),(31864,956,'Xã Ninh Thạnh Lợi'),(31867,957,'Thị Trấn Phước Long'),(31870,957,'Xã Vĩnh Phú Đông'),(31873,957,'Xã Vĩnh Phú Tây'),(31876,957,'Xã Phước Long'),(31879,957,'Xã Hưng Phú'),(31882,957,'Xã Vĩnh Thanh'),(31885,957,'Xã Phong Thạnh Tây A'),(31888,957,'Xã Phong Thạnh Tây B'),(31891,961,'Thị Trấn Hòa Bình'),(31894,958,'Xã Vĩnh Hưng'),(31897,958,'Xã Vĩnh Hưng A'),(31900,958,'Thị Trấn Châu Hưng'),(31903,958,'Xã Châu Hưng A'),(31906,958,'Xã Hưng Thành'),(31909,958,'Xã Hưng Hội'),(31912,958,'Xã Châu Thới'),(31915,961,'Xã Minh Diệu'),(31918,961,'Xã Vĩnh Bình'),(31921,958,'Xã Long Thạnh'),(31924,961,'Xã Vĩnh Mỹ B'),(31927,961,'Xã Vĩnh Hậu'),(31930,961,'Xã Vĩnh Hậu A'),(31933,961,'Xã Vĩnh Mỹ A'),(31936,961,'Xã Vĩnh Thịnh'),(31942,959,'Thị Trấn Giá Rai'),(31945,959,'Thị Trấn Hộ Phòng'),(31948,959,'Xã Phong Thạnh Đông'),(31951,959,'Xã Phong Thạnh Đông A'),(31954,959,'Xã Phong Tân'),(31957,959,'Xã Tân Phong'),(31960,959,'Xã Phong Thạnh'),(31963,959,'Xã Phong Thạnh A'),(31966,959,'Xã Phong Thạnh Tây'),(31969,959,'Xã Tân Thạnh'),(31972,960,'Thị Trấn Gành Hào'),(31975,960,'Xã Long Điền Đông'),(31978,960,'Xã Long Điền Đông A'),(31981,960,'Xã Long Điền'),(31984,960,'Xã Long Điền Tây'),(31985,960,'Xã Điền Hải'),(31987,960,'Xã An Trạch'),(31988,960,'Xã An Trạch A'),(31990,960,'Xã An Phúc'),(31993,960,'Xã Định Thành'),(31996,960,'Xã Định Thành A'),(31999,964,'Phường 9'),(32002,964,'Phường 4'),(32005,964,'Phường 1'),(32008,964,'Phường 5'),(32011,964,'Phường 2'),(32014,964,'Phường 8'),(32017,964,'Phường 6'),(32020,964,'Phường 7'),(32022,964,'Phường Tân Xuyên'),(32023,964,'Xã An Xuyên'),(32025,964,'Phường Tân Thành'),(32026,964,'Xã Tân Thành'),(32029,964,'Xã Tắc Vân'),(32032,964,'Xã Lý Văn Lâm'),(32035,964,'Xã Định Bình'),(32038,964,'Xã Hòa Thành'),(32041,964,'Xã Hòa Tân'),(32044,966,'Thị Trấn U Minh'),(32047,966,'Xã Khánh Hòa'),(32048,966,'Xã Khánh Thuận'),(32050,966,'Xã Khánh Tiến'),(32053,966,'Xã Nguyễn Phích'),(32056,966,'Xã Khánh Lâm'),(32059,966,'Xã Khánh An'),(32062,966,'Xã Khánh Hội'),(32065,967,'Thị Trấn Thới Bình'),(32068,967,'Xã Biển Bạch'),(32069,967,'Xã Tân Bằng'),(32071,967,'Xã Trí Phải'),(32072,967,'Xã Trí Lực'),(32074,967,'Xã Biển Bạch Đông'),(32077,967,'Xã Thới Bình'),(32080,967,'Xã Tân Phú'),(32083,967,'Xã Tân Lộc Bắc'),(32086,967,'Xã Tân Lộc'),(32089,967,'Xã Tân Lộc Đông'),(32092,967,'Xã Hồ Thị Kỷ'),(32095,968,'Thị Trấn Trần Văn Thời'),(32098,968,'Thị Trấn Sông Đốc'),(32101,968,'Xã Khánh Bình Tây Bắc'),(32104,968,'Xã Khánh Bình Tây'),(32107,968,'Xã Trần Hợi'),(32108,968,'Xã Khánh Lộc'),(32110,968,'Xã Khánh Bình'),(32113,968,'Xã Khánh Hưng'),(32116,968,'Xã Khánh Bình Đông'),(32119,968,'Xã Khánh Hải'),(32122,968,'Xã Lợi An'),(32124,968,'Xã Phong Điền'),(32125,968,'Xã Phong Lạc'),(32128,969,'Thị Trấn Cái Nước'),(32130,969,'Xã Thạnh Phú'),(32131,969,'Xã Lương Thế Trân'),(32134,969,'Xã Phú Hưng'),(32137,969,'Xã Tân Hưng'),(32140,969,'Xã Hưng Mỹ'),(32141,969,'Xã Hoa Mỹ'),(32142,969,'Xã Đông Hưng'),(32143,969,'Xã Đông Thới'),(32146,969,'Xã Tân Hưng Đông'),(32149,969,'Xã Trần Thới'),(32152,970,'Thị Trấn Đầm Dơi'),(32155,970,'Xã Tạ An Khương'),(32158,970,'Xã Tạ An Khương Đông'),(32161,970,'Xã Trần Phán'),(32162,970,'Xã Tân Trung'),(32164,970,'Xã Tân Đức'),(32167,970,'Xã Tân Thuận'),(32170,970,'Xã Tạ An Khương Nam'),(32173,970,'Xã Tân Duyệt'),(32174,970,'Xã Tân Dân'),(32176,970,'Xã Tân Tiến'),(32179,970,'Xã Quách Phẩm Bắc'),(32182,970,'Xã Quách Phẩm'),(32185,970,'Xã Thanh Tùng'),(32186,970,'Xã Ngọc Chánh'),(32188,970,'Xã Nguyễn Huân'),(32191,971,'Thị Trấn Ngọc Hiển'),(32194,971,'Xã Hàm Rồng'),(32197,971,'Xã Hiệp Tùng'),(32200,971,'Xã Đất Mới'),(32201,971,'Xã Lâm Hải'),(32203,971,'Xã Hàng Vịnh'),(32206,971,'Xã Tam Giang'),(32209,971,'Xã Tam Giang Đông'),(32212,972,'Thị Trấn Cái Đôi Vàm'),(32214,972,'Xã Phú Thuận'),(32215,972,'Xã Phú Mỹ'),(32218,972,'Xã Phú Tân'),(32221,972,'Xã Tân Hải'),(32224,972,'Xã Việt Thắng'),(32227,972,'Xã Tân Hưng Tây'),(32228,972,'Xã Rạch Chèo'),(32230,972,'Xã Việt Khái'),(32233,973,'Xã Tam Giang Tây'),(32236,973,'Xã Tân Ân Tây'),(32239,973,'Xã Viên An Đông'),(32242,973,'Xã Viên An'),(32244,973,'Thị Trấn Rạch Gốc'),(32245,973,'Xã Tân Ân'),(32248,973,'Xã Đất Mũi');
/*!40000 ALTER TABLE `ward` ENABLE KEYS */;
UNLOCK TABLES;
/*!40103 SET TIME_ZONE=@OLD_TIME_ZONE */;

/*!40101 SET SQL_MODE=@OLD_SQL_MODE */;
/*!40014 SET FOREIGN_KEY_CHECKS=@OLD_FOREIGN_KEY_CHECKS */;
/*!40014 SET UNIQUE_CHECKS=@OLD_UNIQUE_CHECKS */;
/*!40101 SET CHARACTER_SET_CLIENT=@OLD_CHARACTER_SET_CLIENT */;
/*!40101 SET CHARACTER_SET_RESULTS=@OLD_CHARACTER_SET_RESULTS */;
/*!40101 SET COLLATION_CONNECTION=@OLD_COLLATION_CONNECTION */;
/*!40111 SET SQL_NOTES=@OLD_SQL_NOTES */;

-- Dump completed on 2021-05-03 11:13:43
